Accident_Id,jour,mois,an,hrmn,lum,dep,com,agg,int,atm,col,adr,lat,long
202200051418,3,1,2022,22:14,5,77,77306,1,3,2,6,D57,"48,5980320000","2,6861940000"
202200047578,7,1,2022,16:30,1,81,81033,2,1,2,5,ALBI (AV. D' ),"44,0351100000","2,1572600000"
202200032551,17,7,2022,23:36,5,75,75108,2,7,1,6,AVENUE DU PRESIDENT WILSON,"48,8647420000","2,3010020000"
202200002070,19,10,2022,18:15,2,93,93078,2,1,1,3,Boulevard Robert Ballanger,"48,9570600000","2,5436800000"
202200033320,17,6,2022,17:13,1,75,75116,2,1,1,2,PORTE DAUPHINE,"48,8697840000","2,2716840000"
202200049778,18,2,2022,06:44,3,52,52162,1,1,8,7,D35,"47,9613070000","5,5962790000"
202200033608,6,11,2022,03:10,5,17,17415,1,6,1,6,D137,"45,7244700000"," -0,6402400000"
202200001703,4,5,2022,17:00,1,27,27602,2,1,1,6,Rue du Chant des Oiseaux,"49,0072670000","1,0976730000"
202200044431,11,6,2022,22:20,2,54,54395,2,6,1,1,MOLITOR (RUE),"48,6860650517","6,1919894814"
202200013769,10,9,2022,14:00,1,73,73290,1,1,1,7,D1006,"45,2843680000","6,8838120000"
202200039894,27,9,2022,21:20,3,02,02558,1,1,2,7,,"50,0135850000","3,7711200000"
202200052943,6,5,2022,19:00,1,69,69290,2,3,1,3,Rue du Grisard,"45,6972700000","4,9445900000"
202200049705,9,6,2022,22:19,5,33,33013,1,1,1,4,ROUTE NATIONALE 230,"44,8558200000"," -0,5051200000"
202200049136,9,5,2022,18:05,1,75,75104,2,2,1,2,RUE DES ARCHIVES,"48,8593720000","2,3561380000"
202200049200,11,5,2022,17:00,1,89,89439,1,1,1,3,N77,"47,9281280000","3,7184550000"
202200000300,5,5,2022,07:30,1,13,13005,1,1,1,2,A50-Sens Marseille vers Aubagne,"43,2896400000","5,5575400000"
202200003409,25,11,2022,10:40,1,63,63045,1,1,2,1,Pontaret,"45,7729813020","3,4128092757"
202200016677,15,11,2022,09:06,1,47,47001,2,2,1,2,D813,"44,2088000000","0,6115900000"
202200024091,27,1,2022,09:39,1,94,94081,2,2,8,3,Rue Eugene Henaff,"48,7947600000","2,4178700000"
202200018283,8,11,2022,11:17,1,87,87085,2,2,1,3,ROBERVAL (RUE GILDAS DE),"45,8803200000","1,2698600000"
202200046998,25,10,2022,17:15,1,82,82121,2,3,1,3,SAINT-ANTONIN RD 958 (ROUTE DE),"44,0411300000","1,4214300000"
202200042637,22,2,2022,18:00,2,77,77209,1,2,1,3,D217E / D217B,"48,8537700000","2,6907200000"
202200003107,6,8,2022,23:47,3,59,59626,1,1,1,1,D934,"50,2882207700","3,6294659972"
202200033261,10,4,2022,17:30,1,59,59599,2,2,1,6,VOLTAIRE (RUE),"50,7280934458","3,1295746565"
202200029721,23,1,2022,13:50,1,81,81065,2,1,1,6,WAKEFIELD (ROND POINT),"43,6007299579","2,2349546850"
202200034489,17,7,2022,18:50,1,22,22170,1,3,1,3,La Belle Fontaine,"48,4261930000"," -2,8937550000"
202200025476,16,4,2022,14:45,1,93,93007,1,1,1,5,AUTOROUTE A1,"48,9482633659","2,4449349940"
202200037953,26,9,2022,05:45,3,33,33550,2,1,1,6,Rue de la Croix de Monjous,"44,7802000000"," -0,5865000000"
202200024468,21,5,2022,18:05,1,09,09113,1,1,1,6,D32,"42,8314470000","1,2980660000"
202200032362,10,12,2022,05:55,5,75,75119,2,1,1,2,BOULEVARD PERIPHERIQUE INTERIEUR NORD  ,"48,9004680000","2,3875160000"
202200002033,24,11,2022,07:10,3,78,78172,1,9,1,2,RN 184,"48,9917730000","2,0812710000"
202200015172,14,3,2022,09:20,1,92,92036,1,1,1,3,RN315 Y,"48,9221909685","2,3058025650"
202200037960,16,9,2022,15:40,1,13,13117,2,1,1,3,MONNET ( AVENUE JEAN ),"43,4272200000","5,2773000000"
202200011060,18,11,2022,17:15,1,33,33249,2,3,8,3,Rue Pierre Mendes-France,"44,8798600000"," -0,5136500000"
202200030937,30,8,2022,15:00,1,30,30169,1,3,1,3,,"43,7497580199","4,3423313498"
202200042727,11,6,2022,09:30,1,60,60057,2,3,1,2,Rue de Tillé,"49,4487200000","2,0850400000"
202200023490,23,6,2022,16:53,1,80,80016,2,1,1,6,Rue Jean Guyon,"50,0010050000","2,6493300000"
202200004002,23,3,2022,07:45,1,63,63181,1,1,1,2,A 71 PR 357+450,"46,0351532232","3,1141476636"
202200003330,4,6,2022,14:25,1,82,82033,1,1,1,7,MONTAUBAN D 958 (ROUTE DE),"44,0308242099","1,1503458021"
202200047245,24,10,2022,12:10,1,38,38560,1,1,3,3,Route de la Tour du Pin,"45,4995190000","5,4603660000"
202200039527,31,10,2022,06:25,2,93,93027,2,2,1,3,Avenue Marcel Cachin / Rue Chabrol,"48,9291812127","2,3966540876"
202200046204,10,6,2022,14:00,1,83,83069,2,1,1,3,SALINS ( ROUTE DES VIEUX),"43,1150400000","6,1950700000"
202200025897,26,1,2022,22:40,1,44,44109,2,1,1,2,17 Boulevard de Stalingrad,"47,2185040000"," -1,5393200000"
202200045793,22,9,2022,19:30,2,93,93005,2,2,1,5,Cours Salvador Allende / Avenue de Savigny,"48,9538000000","2,5065700000"
202200008967,22,11,2022,18:00,5,88,88319,2,6,2,7,rond point beregovoy,"48,3761220000","6,8786000000"
202200003164,29,4,2022,18:05,1,72,72181,2,1,1,6,BOEUFS PETIT FOUILLET (CHEMIN AUX),"47,9749500000","0,2397100000"
202200013018,23,12,2022,08:18,5,72,72181,2,9,2,3,GAY LUSSAC (RUE),"47,9804900000","0,2258400000"
202200026494,20,5,2022,00:30,3,13,13005,1,1,1,4,A50-Sens Aubagne vers Marseille,"43,2852029574","5,5707725894"
202200048807,8,7,2022,00:15,5,75,75119,2,4,1,3,BOULEVARD PERIPHERIQUE,"48,8922990000","2,3953520000"
202200029634,12,4,2022,18:33,1,37,37214,2,1,2,2,CALMETTE (RUE),"47,4071900000","0,6765200000"
202200017143,16,12,2022,16:05,1,76,76414,1,9,8,3,ARQUES (GIRATOIRE DE L'),"49,9071700000","1,1059600000"
202200052708,6,5,2022,18:50,1,69,69199,2,1,1,6,Rue de la République,"45,7119900000","4,8531900000"
202200003297,28,4,2022,17:45,1,13,13210,2,2,1,3,RABATAU (BOULEVARD),"43,2794202331","5,3992847241"
202200003566,28,10,2022,21:00,5,13,13056,2,4,1,3,RAYETTES,"43,4143700000","5,0379200000"
202200031819,6,11,2022,17:45,5,94,94034,1,1,1,4,AUTOROUTE A86,"48,7593813845","2,3230904825"
202200004692,5,8,2022,18:01,1,75,75119,2,2,1,3,BOULEVARD DE LA VILLETTE,"48,8840480000","2,3688460000"
202200005135,11,2,2022,23:30,5,51,51454,2,1,1,7,Rue de l’Egalité,"49,2564273390","4,0081778170"
202200046676,31,3,2022,06:45,5,13,13205,2,9,8,3,BAILLE (BOULEVARD),"43,2888700000","5,3947500000"
202200004526,3,7,2022,18:56,1,54,54526,2,3,1,1,JAURES (BOULEVARD JEAN),"48,6942600000","6,2105500000"
202200013588,5,2,2022,02:40,5,94,94069,2,6,8,6,Rue du Maréchal Leclerc / Avenue des Canadiens,"48,8172900000","2,4526000000"
202200006290,16,10,2022,02:05,5,33,33013,1,1,1,2,ROUTE NATIONALE 230,"44,8600567471"," -0,5042767525"
202200020450,27,7,2022,00:30,3,92,92072,1,1,1,6,N118,"48,8224757424","2,2222421137"
202200042841,19,8,2022,14:35,1,93,93055,2,3,8,6,Avenue de la Division Leclerc / Rue Racine,"48,9109000000","2,4136700000"
202200017480,12,3,2022,15:30,1,75,75110,2,3,1,6,BOULEVARD DE STRASBOURG,"48,8706090000","2,3549590000"
202200031413,11,4,2022,15:45,1,59,59350,2,1,1,6,POETE PLACE,"50,6238930000","3,0515170000"
202200033106,10,4,2022,17:40,1,31,31135,2,1,1,7,Avenue Hector d Espouy,"43,2047850000","1,0823790000"
202200005679,27,11,2022,19:53,5,30,30189,2,2,1,3,SAINT MATHIEU (RUE),"43,8348300000","4,3550900000"
202200029490,14,4,2022,16:45,1,95,95151,1,1,1,1,Chemin vicinal 2,"49,0639690000","2,2680120000"
202200010422,9,2,2022,16:12,1,69,69133,2,3,7,6,Avenue Gilbert Fabre,"45,6317380000","4,7830550000"
202200034147,7,12,2022,16:59,1,49,49007,1,1,1,6,ATLANTIQUE  AVENUE DE L',"47,4677800000"," -0,5845700000"
202200031013,28,8,2022,18:10,1,75,75101,2,3,1,7,BOULEVARD DE LA MADELEINE,"48,8696570000","2,3264580000"
202200029545,15,4,2022,02:08,3,62,62654,1,1,1,6,Autoroute A16,"50,9072510000","1,7779410000"
202200014892,3,5,2022,19:41,3,974,97415,1,3,1,1,Route du Théâtre," -21,0447230000","55,2298060000"
202200025366,18,6,2022,11:50,1,01,01305,1,2,1,3,D933a,"46,4432480000","4,9248430000"
202200001480,29,7,2022,22:30,3,35,35210,1,1,1,6,RN12,"48,1449200000"," -1,7826245484"
202200000325,29,7,2022,18:10,1,42,42218,2,3,8,6,Avenue de la Libération,"45,4370900000","4,3908900000"
202200033821,18,5,2022,15:33,1,75,75110,2,3,7,4,RUE DU FAUBOURG SAINT MARTIN,"48,8761043629","2,3605980932"
202200034841,18,6,2022,08:09,1,06,06011,2,1,1,7,Boulevard Edouard VII,"43,7101490000","7,3306380000"
202200008602,9,2,2022,17:00,1,75,75111,2,3,1,7,BOULEVARD DE CHARONNE,"48,8578140625","2,3919859529"
202200045801,23,9,2022,08:20,1,92,92004,2,1,1,7,PAUL BERT,"48,9097319548","2,2740527093"
202200011940,6,2,2022,21:30,3,44,44184,1,6,1,1,D492,"47,2854300000"," -2,2499000000"
202200050990,10,5,2022,15:50,1,76,76517,1,2,1,1,Route de la Mare aux Loups,"49,5222000000","1,1363120000"
202200043975,2,12,2022,17:28,5,51,51454,2,3,2,3,rue Turenne,"49,2230700000","4,0309700000"
202200004732,30,7,2022,17:00,1,51,51660,2,3,1,3,Rue Léo Ferré,"49,3490150000","4,2131230000"
202200000620,20,10,2022,18:10,1,21,21475,1,1,1,2,autoroute A36 (sens Mulhouse-Beaune) PK 191+300,"47,0484738633","5,2237150183"
202200053181,10,8,2022,18:35,1,42,42134,1,2,1,2,Route de Montbrison,"45,6896940000","4,0368480000"
202200040419,22,8,2022,11:35,1,94,94021,2,1,1,3,Rue de Lorraine,"48,7640100000","2,3548300000"
202200040024,19,5,2022,05:00,5,64,64122,2,1,1,7,Avenue de la Marne,"43,4848341847"," -1,5534979105"
202200021048,8,3,2022,18:31,1,85,85194,2,1,1,6,GAMBETTA (RUE LEON),"46,5002900000"," -1,7778800000"
202200029103,30,8,2022,15:00,1,92,92050,1,1,1,3,A86,"48,9153080015","2,2201101228"
202200002411,25,11,2022,08:35,1,94,94021,2,9,1,2,PONT DES HALLES (R DU),"48,7608900000","2,3431600000"
202200019689,25,6,2022,18:40,1,83,83144,1,1,1,6,A57,"43,1351300000","5,9907400000"
202200052693,8,6,2022,17:16,1,33,33281,1,1,1,3,ROCADE A 630,"44,8545600000"," -0,6644300000"
202200026547,17,4,2022,19:40,1,91,91577,2,1,1,3,Sentier des Chèvres,"48,6055890000","2,4966070000"
202200017364,12,3,2022,01:20,5,59,59350,2,2,1,3,CAMBRAI RUE DE N°PAIRS,"50,6243400000","3,0696700000"
202200002090,22,9,2022,18:30,1,84,84007,2,2,1,1,C.De GAULLE (Rocade),"43,9341400000","4,8315300000"
202200001352,8,8,2022,13:10,1,60,60395,2,1,1,3,Rue des Dentellières,"49,2420625674","2,1387387514"
202200007772,19,3,2022,21:30,5,972,97231,2,1,1,3,Rue Schoelcher,"14,5380780000"," -61,0340690000"
202200043569,12,5,2022,21:15,5,06,06083,2,1,1,7,DE GAULLE (AVENUE GENERAL),"43,7660050000","7,4877950000"
202200025463,15,4,2022,15:30,1,13,13214,1,1,1,4,A7-Sens Marseille vers Lyon,"43,3338000000","5,3774840000"
202200023482,23,6,2022,10:17,1,92,92025,2,2,1,4,CHARLES DE GAULLE (BD),"48,9090135783","2,2369623184"
202200022639,24,5,2022,17:40,1,92,92024,2,1,1,6,HENRI BARBUSSE (RUE) DE (73 A 139),"48,8997108156","2,3055347353"
202200046859,11,6,2022,10:15,1,68,68242,1,1,1,3,A35 PK 77.400,"47,9760190000","7,3735000000"
202200039567,15,5,2022,18:43,1,93,93007,2,2,1,6,Avenue Paul Vaillant Couturier / Avenue de Verdun,"48,9278300000","2,4741700000"
202200045121,20,2,2022,10:15,1,75,75119,2,4,1,6,RUE CURIAL,"48,8913300000","2,3722440000"
202200023969,28,1,2022,19:30,5,50,50218,2,1,1,6,SAINT GAUD (RUE),"48,8319700000"," -1,5840800000"
202200051839,8,6,2022,20:25,1,36,36230,1,1,1,6,,"47,0305982885","1,7905569077"
202200007610,1,5,2022,11:30,1,63,63424,1,1,1,1,D210,"45,9532980000","3,2501290000"
202200012414,11,10,2022,07:30,2,83,83137,2,4,1,3,GOURAUD (AVE GENERAL),"43,1371700000","5,9145700000"
202200021604,19,4,2022,19:50,1,94,94074,2,1,1,1,20 Rue Gabriel Péri,"48,7488400000","2,4718400000"
202200019866,23,6,2022,07:50,1,29,29039,1,2,2,5,Chemin de Stang Daniel.,"47,9207900000"," -3,9172800000"
202200036545,14,7,2022,19:20,1,59,59286,2,1,7,3,CARNOT SADI RUE,"50,6112400000","2,9905500000"
202200041303,30,10,2022,18:02,5,04,04070,2,9,1,7,STE DOUCELINE (AV.),"44,0954000000","6,2412000000"
202200043705,12,1,2022,07:40,4,27,27375,2,1,1,6,CLEMENCEAU (BOULEVARD GEORGES),"49,2100000000","1,1670900000"
202200017490,8,9,2022,13:55,1,2B,2B134,2,1,1,3,Avenue Fred SCAMARONI,"42,6328180000","8,9383700000"
202200030104,21,7,2022,01:04,5,75,75105,2,2,1,3,BOULEVARD SAINT GERMAIN,"48,8513880000","2,3431890000"
202200052978,19,9,2022,13:45,1,64,64445,2,6,1,7,avenue Dufau,"43,3110000000"," -0,3630000000"
202200023572,10,6,2022,15:55,1,67,67151,1,1,1,4,D502,"48,6976560000","7,8999640000"
202200012583,1,8,2022,15:50,1,21,21356,1,1,1,6,"Autoroute A36, PK 185.500 sens Beaune/Mulhouse","47,0646984363","5,2956429511"
202200003252,24,11,2022,10:35,1,75,75119,2,1,1,3,AVENUE JEAN JAURES,"48,8844130000","2,3764450000"
202200040683,14,6,2022,15:35,1,05,05079,1,1,1,3,route de Grenoble,"44,9671810000","6,5317370000"
202200013060,30,5,2022,08:45,1,93,93032,2,1,1,6,Avenue Jean Jaurès,"48,8827800000","2,5263300000"
202200024165,29,1,2022,10:00,1,36,36219,1,1,1,5,,"46,6580490000","1,5692040000"
202200052011,18,9,2022,23:27,5,01,01419,1,6,1,3,D89k,"46,2355140000","6,0078560000"
202200009647,22,12,2022,17:18,1,21,21231,1,1,1,6,PONT DES TANNERIES (DU) (RUE),"47,3151050000","5,0299920000"
202200032389,10,12,2022,12:26,1,75,75104,2,1,1,6,VOIE GEORGES POMPIDOU,"48,8494520000","2,3615060000"
202200032402,10,12,2022,19:50,5,92,92032,2,3,1,3,LANGEVIN PAUL (AVENUE),"48,7832800000","2,2866900000"
202200041857,9,9,2022,10:50,1,66,66136,2,4,1,7,,"42,6965200000","2,9086300000"
202200015248,9,9,2022,17:20,1,94,94017,1,1,1,4,A4,"48,8303228960","2,4893496496"
202200047764,1,7,2022,16:35,1,59,59272,2,2,1,3,GRAVELINES (RUE DE),"50,9884100000","2,1107400000"
202200031755,5,11,2022,11:20,1,04,04112,2,9,1,6,ROBERT (CH.DE),"43,8170000000","5,7885300000"
202200043937,24,9,2022,16:00,1,43,43042,1,1,1,7,L'escarcelle,"44,9335220000","3,8309780000"
202200050313,26,11,2022,13:15,1,67,67482,2,3,1,3,SCHIRMECK (ROUTE DE),"48,5663800000","7,7081400000"
202200021210,5,9,2022,17:57,1,92,92020,2,9,1,6,PERI RUE GABRIEL,"48,8012688169","2,2869248986"
202200028717,20,7,2022,14:33,1,2A,2A004,1,1,1,2,SARTENE ANCIENNE ROUTE,"41,9298000000","8,7753300000"
202200008508,10,2,2022,18:50,3,68,68063,2,9,1,6,Rue de Wittelsheim,"47,8016970000","7,1952350000"
202200010221,30,6,2022,18:45,1,69,69256,2,2,2,4,Avenue Garibaldi,"45,7671902210","4,9328042758"
202200045346,12,5,2022,12:40,1,92,92024,2,2,7,3,VICTOR HUGO (BD),"48,8999117791","2,3144666254"
202200036828,27,2,2022,22:45,3,24,24521,1,1,1,7,D69,"45,2216950000","0,8763640000"
202200034170,30,9,2022,10:45,1,94,94021,2,1,1,3,COTE D'AZUR (AVENUE),"48,7600000000","2,3400000000"
202200046095,8,7,2022,21:38,2,91,91215,2,1,1,7,RTE DE QUINCY,"48,6846050000","2,5154170000"
202200052495,20,9,2022,16:50,1,92,92036,1,1,8,2,A86,"48,9348846198","2,2827304295"
202200003715,23,11,2022,13:15,1,95,95197,2,1,1,6,Rue Charles de Gaulle,"48,9756920000","2,3280180000"
202200026888,6,3,2022,00:25,3,77,77514,1,1,1,7,A104,"48,9365070000","2,6279810000"
202200046133,18,11,2022,22:10,5,62,62277,2,1,1,6,Rue Haute,"50,3983730000","2,9378350000"
202200054164,5,6,2022,15:00,1,11,11333,1,1,1,7,La Leude,"43,0043780000","2,0591800000"
202200022274,30,1,2022,00:45,5,2A,2A004,2,6,1,6,GEORGES POMPIDOU AVENUE,"41,9298100000","8,7572700000"
202200016478,29,7,2022,19:25,1,57,57672,1,9,1,2,Autoroute A31,"49,4047200000","6,1118000000"
202200041548,15,5,2022,10:45,1,69,69122,2,1,1,2,114 Route d Anse,"45,9132563564","4,7026446462"
202200031249,23,1,2022,22:55,3,66,66212,1,1,1,6,,"42,7608110000","3,0137570000"
202200001414,7,8,2022,12:30,1,75,75116,2,4,1,4,RUE DE REMUSAT,"48,8479360000","2,2714040000"
202200047592,8,1,2022,16:25,1,35,35238,2,1,2,2,CHURCHILL (AVENUE SIR WINSTON),"48,1226126300"," -1,7088907957"
202200002429,25,11,2022,17:50,5,93,93073,2,1,1,6,Avenue du Parc,"48,9550600000","2,5665500000"
202200053014,17,9,2022,06:55,4,64,64024,2,1,1,2,ESPAGNE (AVENUE D'),"43,4758800000"," -1,5280100000"
202200010330,8,2,2022,19:45,5,75,75116,2,1,1,3,BD PERIPHERIQUE EXTERIEUR,"48,8721120000","2,2738190000"
202200003808,2,6,2022,23:00,3,35,35238,2,1,1,3,LORIENT (DE),"48,1072200000"," -1,7185900000"
202200022078,28,10,2022,16:15,1,85,85092,2,6,1,6,Place de l'ouillette,"46,4641390000"," -0,7926950000"
202200027347,11,4,2022,12:00,1,57,57221,2,3,1,3,GARE (RUE DE LA),"49,3303400000","6,1152300000"
202200025941,12,11,2022,07:00,2,17,17043,1,1,1,7,D120,"46,0656050000"," -0,5875060000"
202200005027,24,11,2022,08:50,1,38,38291,1,1,1,6,305 Route de Grenoble,"45,3476870000","5,0996790000"
202200020578,25,5,2022,11:00,1,33,33195,2,1,1,6,2 Allée Saint Michel,"44,3882980000"," -0,0433180000"
202200018995,12,3,2022,13:50,1,22,22070,2,9,1,6,place champ au roy,"48,5607220000"," -3,1533940000"
202200006667,11,2,2022,19:15,3,75,75112,1,1,1,2,A4,"48,8231700000","2,4629700000"
202200011103,25,12,2022,03:20,3,95,95582,1,1,1,6,A115,"48,9785500000","2,2408200000"
202200007257,26,5,2022,22:55,5,75,75101,2,7,1,3,PLACE DU CHATELET,"48,8571958110","2,3473451836"
202200052464,9,7,2022,12:35,1,10,10089,2,2,1,3,avenue Jules ROZÉ,"48,5004200000","3,8399800000"
202200051754,6,7,2022,16:30,1,11,11130,1,1,1,7,D29,"42,8213590000","2,0330610000"
202200031176,14,4,2022,18:00,1,67,67436,1,1,1,1,D424,"48,4008230000","7,1072370000"
202200049206,9,5,2022,11:05,1,29,29026,1,4,1,3,Route de Pleyben,"48,2099031293"," -4,0638045967"
202200038792,24,8,2022,02:20,3,67,67436,1,1,1,7,D424,"48,4013180000","7,1074220000"
202200053778,8,5,2022,11:15,1,79,79034,2,3,1,5,,"46,2989270000"," -0,5269490000"
202200049292,9,5,2022,10:10,1,92,92023,1,1,1,4,RN385,"48,7766755698","2,2325620105"
202200029805,7,11,2022,09:55,1,15,15014,2,1,1,6,PLOMB DU CANTAL (AVENUE DU),"44,9123400000","2,4367810000"
202200019416,20,12,2022,17:00,1,14,14218,1,1,8,7,D276,"49,2569030000","0,0069840000"
202200013548,6,2,2022,17:15,1,75,75119,2,2,2,7,AVENUE DE LA PORTE CHAUMONT,"48,8860110000","2,3981660000"
202200022878,22,5,2022,16:05,1,23,23238,1,1,1,7,Lieu dit MASBET,"45,8684220000","2,1706150000"
202200038475,14,7,2022,11:00,1,64,64269,1,3,1,3,STADE DU,"43,2992700000"," -0,3068300000"
202200020224,16,11,2022,12:30,1,60,60635,2,1,1,6,19 Rue Hubert Grison,"49,2485970000","2,4310970000"
202200038495,15,7,2022,00:00,5,06,06088,2,2,1,3,CALIFORNIE (AV.) (A PARTIR DU N° 201-212,"43,6824500000","7,2323900000"
202200047693,1,12,2022,19:20,5,33,33063,2,1,1,7,ROCADE A 630,"44,8840370000"," -0,5587220000"
202200050287,8,7,2022,19:40,1,92,92050,2,1,1,1,MILLET FRANCOIS RUE,"48,8890090000","2,2151640000"
202200048174,6,7,2022,16:15,1,31,31555,2,2,1,3,EISENHOWER (AVENUE DU GENERAL),"43,5678200000","1,3768000000"
202200008501,11,2,2022,14:00,1,95,95554,1,1,1,6,RD 14,"49,1538301214","1,7765879631"
202200007345,25,4,2022,12:10,1,19,19031,2,3,1,3,BOURLIAGUET (RUE LEONCE),"45,1452470146","1,4976865053"
202200034264,9,12,2022,08:25,1,01,01333,1,4,2,5,Route de Trévoux,"45,9331620000","4,9249970000"
202200007850,14,9,2022,07:30,1,94,94073,1,1,1,3,A86 INT,"48,7710745527","2,3886673318"
202200050101,25,10,2022,01:25,5,17,17300,2,1,1,7,BRETIGNIERE   RUE,"46,1617500000"," -1,1394000000"
202200015069,4,2,2022,13:00,1,974,97411,2,2,2,3,AUBER (RUE JULES)," -20,8755500000","55,4519200000"
202200037146,26,2,2022,13:35,1,93,93007,2,1,1,6,Avenue Charles Floquet,"48,9397738462","2,4555191696"
202200036375,7,12,2022,22:00,3,66,66059,1,1,1,7,,"42,6216330000","2,9514110000"
202200050906,9,5,2022,07:10,2,93,93057,2,1,1,1,Chemin de Halage,"48,9092900000","2,4911000000"
202200006308,15,10,2022,09:56,1,94,94052,1,1,2,4,A86 INT,"48,8392376061","2,4933950229"
202200007056,22,11,2022,09:30,1,93,93066,2,9,2,3,EINSTEIN ALBERT,"48,9403908431","2,3507577327"
202200004401,15,10,2022,19:15,1,59,59122,2,2,1,3,SOLESMES (RUE DE),"50,1787578244","3,2535785437"
202200008325,1,7,2022,12:50,1,75,75118,2,3,1,6,AVENUE DE LA PORTE DES POISSONNIERS,"48,8984800000","2,3524720000"
202200045592,12,1,2022,19:55,3,76,76618,1,1,5,6,43 rue des champs,"49,9350430000","1,2779440000"
202200002516,17,10,2022,07:35,3,29,29232,1,1,2,5,N165,"48,0163620530"," -4,0801539407"
202200002400,20,8,2022,08:15,1,59,59359,1,1,1,2,,"50,9910470000","2,2483130000"
202200024391,23,5,2022,08:30,2,34,34194,1,1,1,6,D609,"43,5569164344","3,4691435917"
202200014004,28,6,2022,10:05,1,2B,2B037,1,1,2,6,MARANA (ROUTE),"42,6288200000","9,4671200000"
202200010560,3,8,2022,10:15,1,86,86225,1,2,1,2,D15 - PK 13,"46,8255160000","0,1093380000"
202200006214,16,10,2022,18:10,1,87,87017,1,6,1,7,RN145 - PK0 - Rond point des Gatines,"46,1257350000","1,0745390000"
202200044096,3,12,2022,04:24,5,75,75119,2,1,2,2,PORTE DE PANTIN,"48,8873610000","2,3968070000"
202200011522,16,3,2022,23:29,5,92,92002,2,1,1,4,DOCTEUR TENINE (AVENUE DU),"48,7636519202","2,3096752614"
202200003532,21,3,2022,16:53,1,49,49007,2,2,1,3,BEAUREPAIRE,"47,4745200000"," -0,5603400000"
202200005333,30,12,2022,04:25,4,59,59196,2,1,8,3,CENTRE COMMERCIAL,"50,6312106894","2,9632269144"
202200003944,1,5,2022,00:10,5,93,93078,2,3,1,1,Avenue Emile Dambel / Rue Francois Mauriac,"48,9566410000","2,5455760000"
202200029135,28,8,2022,16:24,1,63,63075,2,1,1,6,GAMBETTA (BOULEVARD),"45,7685980937","3,0612748861"
202200053005,19,9,2022,11:35,1,64,64024,2,3,7,3,Avenue de Biarritz,"43,4801900000"," -1,5210900000"
202200037903,27,9,2022,18:25,1,95,95680,1,1,2,1,RD 970,"49,0104254433","2,4197280407"
202200025402,18,4,2022,17:00,1,85,85146,2,1,1,6,Boulevard Auguste Durand (Montaigu),"46,9769320000"," -1,3026543000"
202200019565,4,9,2022,09:50,1,75,75116,2,3,1,2,ROUTE DES TRIBUNES,"48,8618810000","2,2303920000"
202200002658,14,9,2022,11:10,1,43,43157,2,3,1,2,43 Boulevard Marechal Joffre,"45,0495800000","3,8948800000"
202200032450,18,7,2022,14:15,1,94,94018,1,1,1,2,A4,"48,8176679679","2,4148114130"
202200006575,11,2,2022,00:20,5,93,93027,2,7,2,2,Avenue Jean Jaurès / Avenue Paul Vaillant Couturier,"48,9208900000","2,4105300000"
202200009013,28,5,2022,20:10,1,02,02722,2,4,1,2,Boulevard Gambetta,"49,3774800000","3,3306900000"
202200033745,4,11,2022,16:32,1,45,45004,2,3,8,1,100 Rue Albert Frappin,"47,9747500000","2,7690100000"
202200047885,9,6,2022,10:26,1,2B,2B033,2,9,1,2,11 - RT,"42,6641400000","9,4425900000"
202200013483,9,9,2022,10:14,1,26,26198,1,1,1,2,TEIL (Route du),"44,5516900000","4,6995300000"
202200012357,3,6,2022,13:00,1,31,31116,2,4,1,3,Route de Fonbeauzard,"43,6831230000","1,4422720000"
202200046632,28,3,2022,17:30,1,33,33281,2,3,1,6,Avenue de Verdun,"44,8394000000"," -0,6364200000"
202200045099,20,2,2022,17:30,1,06,06027,2,1,1,6,Avenue de la Gaude,"43,6663870000","7,1533430000"
202200000936,9,10,2022,15:00,1,62,62765,2,6,1,3,Rue d'Arras,"50,7450740000","2,2589930000"
202200005597,5,6,2022,02:15,5,75,75111,2,4,1,6,AVENUE LEDRU ROLLIN,"48,8557113717","2,3787123710"
202200032171,2,10,2022,08:00,1,75,75112,1,1,1,6,AUTOROUTE A86,"48,8190343538","2,4575257301"
202200012511,30,7,2022,06:30,2,84,84025,1,1,1,1,1691 Ancienne Route de Gordes,"43,8803130000","5,1599430000"
202200017034,3,2,2022,19:10,5,89,89449,2,1,1,6,D606,"48,3342310000","3,0884420000"
202200021323,4,9,2022,21:30,5,93,93048,1,1,1,2,A3,"48,8704936302","2,4307930469"