Accident_Id,jour,mois,an,hrmn,lum,dep,com,agg,int,atm,col,adr,lat,long
202200024029,9,6,2022,14:15,1,14,14623,2,1,1,3,D89,"49,1172150000"," -0,3716630000"
202200034307,17,7,2022,10:50,1,56,56083,1,2,1,3,ALLENDE ( AV. PRES. SALVADOR ),"47,8106330000"," -3,2523535000"
202200022127,29,1,2022,18:00,2,64,64545,2,6,8,3,RD810,"43,3632500000"," -1,6918900000"
202200027438,14,4,2022,19:20,1,75,75110,2,3,1,6,RUE DU HUIT MAI 1945,"48,8763020000","2,3574510000"
202200019712,19,4,2022,11:20,1,2A,2A004,2,1,1,3,MARECHAL LYAUTEY AVENUE IMPAIR,"41,9404500000","8,7461000000"
202200013338,22,12,2022,15:40,1,91,91514,2,1,2,2,RUE DE BOISSY ST LEGER,"48,6750000000","2,5358000000"
202200006288,15,9,2022,07:30,2,85,85214,1,3,1,1,VC la parerie,"46,5283930000"," -1,6860660000"
202200006341,2,7,2022,06:50,1,988,98818,2,3,1,6,ROUTE DE L'ANSE VATA/RUE AUGUSTE BOURGINE," -22,2815800000","166,4481300000"
202200036348,16,7,2022,20:00,1,33,33001,2,1,1,6,Lieu Dit Rochereau,"45,0216670000"," -0,1471770000"
202200022919,15,12,2022,19:00,5,33,33162,2,3,1,6,Avenue du Médoc,"44,8841800000"," -0,6342800000"
202200019120,11,3,2022,17:10,1,64,64445,2,1,1,2,LEON BERARD,"43,3156200000"," -0,3731100000"
202200018012,21,4,2022,14:40,1,92,92035,2,7,1,2,Belgique ( Place de ),"48,9068800000","2,2392500000"
202200037782,15,5,2022,18:55,1,91,91114,2,1,1,2,,"48,6794920000","2,4949780000"
202200037634,1,11,2022,18:50,5,62,62083,2,6,3,6,HERSIN (RUE D'),"50,4577779233","2,6227882951"
202200017912,26,6,2022,00:21,3,91,91689,1,1,1,3,RD 118,"48,7145300000","2,3342800000"
202200030395,12,12,2022,20:09,5,92,92046,2,9,9,7,HENRI BARBUSSE (ROND POINT),"48,8142500000","2,2874400000"
202200038227,6,12,2022,13:45,1,94,94079,2,6,5,6,Boulevard Jean Monnet / Route de Bry,"48,8322000000","2,5338000000"
202200055216,2,1,2022,07:10,2,2A,2A130,2,1,1,1,Près le bénista,"41,9064530000","8,8176330000"
202200036056,30,9,2022,06:20,5,79,79013,2,3,1,3,,"46,9883860000"," -0,4407000000"
202200054227,2,7,2022,00:50,4,59,59283,2,1,1,6,26 Rue de Coutant,"50,2598603245","3,8406684995"
202200022629,24,7,2022,15:30,1,11,11202,1,9,1,3,,"42,9327990000","3,0060910000"
202200028188,4,10,2022,12:15,1,93,93007,2,2,1,1,Avenue Georges Guynemer / Avenue Marcel Alizard,"48,9454504685","2,4456497571"
202200027660,24,1,2022,12:45,1,69,69383,2,2,1,3,2 Route de Genas,"45,7548411829","4,8752684786"
202200054535,2,1,2022,16:15,1,79,79326,1,3,1,3,,"46,7112880000"," -0,0353620000"
202200007497,29,4,2022,13:11,1,94,94043,2,1,1,6,72 Avenue de Fontainebleau,"48,8114354283","2,3620219229"
202200019838,20,4,2022,17:30,1,93,93008,2,3,1,3,Rue Henri Gautier / Rue Saint Andre,"48,9052590000","2,4257030000"
202200002680,16,9,2022,18:15,1,13,13202,2,2,1,1,MIRABEAU (BOULEVARD),"43,3144942436","5,3705334663"
202200014775,30,7,2022,08:15,1,38,38429,1,1,1,1,Route Départementale 1075,"44,8698610000","5,6198070000"
202200039788,14,4,2022,09:40,1,14,14536,1,1,1,4,D579,"49,4073500000","0,2519900000"
202200021538,19,4,2022,18:00,1,33,33281,2,1,3,3,Avenue de l’Yser,"44,8417600000"," -0,6652300000"
202200005111,10,2,2022,17:25,1,64,64445,2,2,1,3,RECTEUR JEAN SARRAILH,"43,3097000000"," -0,3697300000"
202200031592,19,6,2022,11:30,1,01,01101,1,1,1,7,,"46,1015960000","5,5745320000"
202200003293,24,11,2022,08:55,1,94,94044,2,9,1,6,PRESIDENT WILSON (AV DU),"48,7511040000","2,4962830000"
202200052982,12,2,2022,21:10,5,75,75120,2,4,1,3,PORTE DE MONTREUIL,"48,8521100000","2,4150570000"
202200047300,30,3,2022,09:40,1,75,75117,2,7,2,6,PLACE DU GENERAL KOENIG,"48,8806151237","2,2856826625"
202200004947,4,8,2022,13:50,1,78,78498,2,5,1,3,DUPLOYE PLACE EMILE,"48,9286700000","2,0380900000"
202200005776,3,6,2022,12:15,1,93,93066,2,9,1,2,Boulevard de la Libération,"48,9283969554","2,3412095905"
202200050416,8,8,2022,20:50,2,29,29256,1,1,1,6,Lieu Dit Ruyen,"48,2045590000"," -4,3054930000"
202200043472,11,5,2022,20:45,1,62,62498,1,1,1,6,AUTOROUTE A21,"50,4467200000","2,8387300000"
202200025368,13,8,2022,08:45,1,34,34095,1,1,1,6,M613,"43,5184622205","3,7301267614"
202200013820,5,2,2022,18:40,3,62,62193,2,1,6,3,SAINT OMER (ROUTE DE),"50,9246380000","1,9058120000"
202200043447,13,5,2022,21:30,3,26,26006,1,3,1,1,Chemin de Chanteperdrix,"44,7620050000","4,8810520000"
202200047063,18,2,2022,12:10,1,91,91514,2,1,8,6,RUE DE BRUNOY,"48,6744100000","2,5341100000"
202200050294,8,7,2022,17:30,1,92,92050,2,1,1,1,GALLIENI GENERAL AVENUE DU,"48,8975900000","2,1982700000"
202200048697,30,3,2022,10:23,1,92,92026,1,9,3,6,LOUIS BLANC,"48,8901065158","2,2511989474"
202200012099,28,4,2022,00:30,5,64,64122,2,1,2,7,Rue André Lamandé,"43,4830761872"," -1,5536588430"
202200049273,29,3,2022,19:50,2,01,01163,1,1,1,6,Route de Saint Amour,"46,4012350000","5,2174600000"
202200014824,5,10,2022,19:20,1,69,69259,2,2,1,2,Avenue du 11 Novembre 1918,"45,6908000000","4,8660700000"
202200015090,26,5,2022,22:40,3,74,74180,1,1,1,2,RD60,"46,3426760000","6,2920010000"
202200036774,24,8,2022,17:10,1,31,31555,2,1,1,7,BD PIERRE ET MARIE CURIE,"43,6268100000","1,4341000000"
202200054824,3,2,2022,08:30,1,13,13043,1,1,1,2,A55-Sens Martigues vers Marseille,"43,3914900000","5,2647130000"
202200051038,9,5,2022,09:30,1,03,03214,1,9,7,3,Impasse de Beaucotray,"46,4330800000","3,0012630000"
202200012686,30,7,2022,14:00,1,35,35238,2,1,1,6,VILLEBOIS MAREUIL (BD),"48,1074738741"," -1,6512195021"
202200019251,18,12,2022,23:05,3,51,51231,1,1,2,7,D3,"48,9723392212","4,4424569607"
202200030885,28,8,2022,14:59,1,61,61091,1,1,1,6,D21,"48,6238320000"," -0,5733490000"
202200005167,11,2,2022,03:45,5,37,37261,2,1,2,6,DANIEL MAYER,"47,4186566296","0,6940299645"
202200005014,12,2,2022,11:32,1,94,94034,1,1,1,4,AUTOROUTE A86,"48,7599900000","2,3211700000"
202200053872,7,5,2022,17:45,1,01,01457,1,1,1,3,Route de Mezeriat,"46,2321870000","5,0061830000"
202200017202,27,5,2022,17:50,1,74,74010,2,5,1,3,REPUBLIQUE (AVENUE DE LA),"45,9070200000","6,1102000000"
202200020744,27,7,2022,01:00,3,78,78107,1,1,1,7,Rue René Dhal,"48,9458710000","1,5149440000"
202200038408,14,7,2022,13:30,1,69,69386,2,1,1,2,Boulevard des Belges,"45,7757200000","4,8463300000"
202200007231,30,5,2022,16:55,1,95,95183,2,1,1,6,CHASSEURS (BOULEVARD DES),"49,0471440000","2,0035670000"
202200034973,9,4,2022,18:14,1,75,75120,2,7,1,6,AVENUE GAMBETTA,"48,8630396710","2,3880176246"
202200021511,19,6,2022,22:22,5,92,92007,2,9,1,6,PETIT (AVENUE ALBERT) N° 1 A 37,"48,7949000000","2,3037700000"
202200021519,15,4,2022,20:17,1,54,54578,2,2,1,3,AIGUILLETTES  (BD 5 A 73-2 A 94),"48,6702600000","6,1582700000"
202200035224,10,4,2022,13:20,1,14,14047,2,1,1,3,D572,"49,2706080000"," -0,6941240000"
202200032575,2,3,2022,20:30,5,64,64483,2,1,2,6,Avenue de Chantaco,"43,3912500000"," -1,6544000000"
202200049953,13,8,2022,14:57,1,94,94078,2,1,1,6,Place Pierre Semard,"48,7303771088","2,4468596072"
202200011021,24,12,2022,18:30,3,971,97116,2,1,1,1,Route de Jeanne de Kermadec,"16,3244640000"," -61,4460720000"
202200028256,5,10,2022,18:19,1,47,47125,1,2,1,1,As Hubris,"44,3124570000","0,5160570000"
202200008616,8,2,2022,23:17,5,93,93063,2,1,1,1,AVENUE GASTON ROUSSEL,"48,8935945810","2,4361809473"
202200027263,20,6,2022,17:00,1,47,47252,1,2,1,3,Rte de St Cyprien,"44,3805150000","0,5738100000"
202200020330,14,11,2022,20:15,5,93,93048,2,3,1,3,Boulevard Aristide Briand / Rue d’Estienne d’Orves,"48,8694806223","2,4491036832"
202200042103,4,12,2022,05:15,3,35,35184,1,1,1,6,RN12,"48,2078440000"," -2,0615030000"
202200014934,23,12,2022,11:20,2,34,34245,2,1,1,6,32 Grand Rue,"43,4216210000","2,9467980000"
202200024992,9,3,2022,18:45,2,80,80442,2,1,1,7,Grande Rue,"49,7497810000","3,0243730000"
202200051696,25,11,2022,16:45,1,04,04209,2,1,1,6,route de la motte du caire,"44,1997010000","5,9448370000"
202200019501,3,9,2022,16:35,1,67,67482,2,1,1,2,EDMOND ROSTAND (RUE),"48,5918500000","7,6928800000"
202200034142,28,9,2022,14:35,1,75,75116,2,1,1,2,BD PERIPHERIQUE INTERIEUR,"48,8593770000","2,2628670000"
202200002268,5,6,2022,23:35,3,45,45169,1,1,1,6,A10 PK 098+6,"47,9085760000","1,8495660000"
202200013868,5,2,2022,19:00,5,75,75116,2,3,1,6,BOULEVARD LANNES,"48,8686650000","2,2733620000"
202200022963,16,12,2022,18:50,5,94,94052,2,2,1,1,STRASBOURG - RPT DU MARECHAL FOCH (BD DE,"48,8446987164","2,4878948689"
202200023351,2,9,2022,04:22,3,56,56185,1,1,1,6,N165 sens Lorient/Quimper,"47,7696688300"," -3,3786097100"
202200009687,27,4,2022,20:07,1,51,51573,2,1,1,3,Route de Soissons,"49,2538600000","3,9785600000"
202200011862,27,4,2022,17:40,1,44,44154,2,1,1,6,Parc d'acitivités de la guerche,"47,2442650000"," -2,1586310000"
202200008424,1,7,2022,19:05,1,86,86247,1,2,1,3,D104,"46,1485820000","0,2238740000"
202200025685,16,4,2022,19:00,1,62,62815,1,1,7,3,D940e1,"50,3644010000","1,7085130000"
202200049498,8,1,2022,16:25,1,41,41140,1,1,3,1,La Grenouillere,"47,4360270000","1,7618470000"
202200026783,23,7,2022,13:45,1,60,60234,2,1,1,7,34 Rue Jules Ferry,"49,3887120000","2,4328980000"
202200042933,22,2,2022,19:25,5,89,89077,2,1,1,3,4 Avenue du Docteur Schweitzer,"47,7348430000","3,6033120000"
202200004081,18,10,2022,18:15,1,75,75115,2,2,1,3,BOULEVARD VICTOR,"48,8344410000","2,2840510000"
202200051054,28,3,2022,09:45,1,93,93059,2,2,1,6,Rue Etienne Dolet / Boulevard Charles de Gaulle,"48,9664100000","2,3660800000"
202200053790,19,9,2022,22:50,3,95,95527,2,4,1,6,Rue Houdart,"49,0108600000","2,5147600000"
202200012149,14,10,2022,08:34,1,52,52177,1,1,2,1,D67a,"48,3435250000","5,1660900000"
202200051332,9,5,2022,17:30,1,77,77382,1,1,1,2,"Autoroute A4, PK 40.700 direction la province.","48,8859050000","2,8954770000"
202200035270,28,2,2022,18:35,2,37,37226,1,1,1,6,,"47,1256704966","0,6276047230"
202200052251,27,11,2022,00:35,4,75,75116,2,2,1,2,AVENUE DE LA PORTE DE SAINT CLOUD,"48,8386774686","2,2539702058"
202200022915,16,12,2022,11:40,1,37,37261,2,3,1,6,BELGIQUE (RUE DE),"47,4256100000","0,6925300000"
202200015023,15,3,2022,12:15,1,49,49018,1,9,1,1,D938,"47,5233670000"," -0,1009480000"
202200043008,3,4,2022,10:04,1,94,94028,2,3,1,3,Avenue de Verdun / Avenue du Vieux Moulin,"48,7994500000","2,4668900000"
202200015058,27,5,2022,06:00,1,30,30221,1,1,1,6,Chemin de Lirac,"44,0507380000","4,7517160000"
202200006925,2,8,2022,12:58,1,76,76351,2,2,1,3,ETRETAT (D'),"49,4989200000","0,0946800000"
202200049071,25,10,2022,09:40,1,93,93064,1,1,1,5,AUTOROUTE A86,"48,8775091635","2,4774153900"
202200026348,23,5,2022,13:30,1,92,92064,2,3,3,7,PASTEUR,"48,8415775804","2,1991734803"
202200026175,4,10,2022,09:50,1,37,37122,1,9,1,3,VIEILLE CARTE (ROUTE DE),"47,3345100000","0,6259900000"
202200023518,23,6,2022,07:40,1,33,33252,2,1,1,6,17 Route du Pout,"44,8111840000"," -0,3864620000"
202200053372,3,1,2022,22:57,3,94,94034,1,1,2,7,AUTOROUTE A86,"48,7574100000","2,3348200000"
202200031242,13,4,2022,22:25,3,45,45169,1,1,1,2,A71 PK 98+924,"47,9004910000","1,8474410000"
202200053066,8,8,2022,18:00,1,24,24237,1,6,1,6,Chemin de la Ribeyrie,"44,8888290000","0,5512050000"
202200019232,5,9,2022,23:20,5,75,75119,2,2,8,3,RUE MANIN,"48,8829910000","2,3855670000"
202200031591,23,1,2022,16:00,1,48,48009,1,8,1,3,le bouchet,"44,7093230000","3,2903410000"
202200009382,29,4,2022,17:30,1,42,42126,1,3,1,3,Route de Saint-Bonnet,"45,4433360000","4,0713520000"
202200005568,29,12,2022,09:32,1,87,87085,1,1,3,7,AUTOROUTE A20,"45,8629900000","1,2871000000"
202200007796,20,3,2022,13:15,1,29,29284,1,1,1,6,Lieu dit Kersauz,"47,7985550000"," -4,2362320000"
202200016737,28,5,2022,13:05,1,24,24375,1,3,1,5,Montaigut,"44,7249130000","1,2680570000"
202200010917,31,5,2022,21:30,2,51,51454,2,1,1,3,avenue de Champagne,"49,2241187384","4,0248799324"
202200023299,2,9,2022,11:45,1,92,92050,1,1,1,6,A86,"48,9088704627","2,2144268065"
202200010885,19,11,2022,18:45,3,69,69266,2,6,1,2,Rue Gabriel Péri,"45,7706200000","4,8634200000"
202200034679,15,8,2022,01:19,5,971,97109,1,1,1,3,avenue du général de Gaulle,"15,9994300000"," -61,7015040000"
202200015831,26,6,2022,21:35,1,64,64024,2,6,2,7,ROND POINT DE BAHINOS (,"43,4944700000"," -1,5183000000"
202200024855,4,5,2022,16:50,1,62,62033,2,1,1,2,POTIER (R RAYMOND),"50,4605400000","2,8739400000"
202200041231,30,10,2022,11:50,1,83,83144,1,1,1,2,SAINTE CLAIRE (AVENUE),"43,1367500000","6,0029000000"
202200046087,10,7,2022,16:15,1,91,91552,1,1,1,6,RTE NATIONALE 20,"48,6037500000","2,2486200000"
202200038422,13,7,2022,22:00,2,69,69385,2,1,1,3,22 Quai de Bondy,"45,7653700000","4,8290500000"
202200007220,27,4,2022,15:15,1,64,64445,2,1,1,2,Cours Léon Bérard,"43,3122900000"," -0,3674000000"
202200025598,20,6,2022,19:00,1,75,75118,2,1,1,3,PORTE DE CLIGNANCOURT,"48,9007580000","2,3371890000"
202200005541,18,3,2022,17:45,1,92,92050,2,1,1,3,SURESNES RUE DE,"48,8841620606","2,2145937681"
202200004575,3,7,2022,20:30,2,2B,2B009,1,1,1,1,Lieu-dit BUGGIONE,"42,1440040000","9,4530170000"
202200002447,17,10,2022,14:10,1,67,67482,2,3,1,3,LEBLOIS (BOULEVARD),"48,5823300000","7,7138100000"
202200001200,4,7,2022,15:50,1,75,75115,2,1,1,2,BOULEVARD GARIBALDI,"48,8473740000","2,3038950000"
202200009866,12,9,2022,17:45,1,60,60338,2,1,1,6,Rue Bellum Villare,"49,3841151700","2,7819904089"
202200039489,31,10,2022,15:00,1,22,22215,2,1,1,7,ROQUET (RUE DU),"48,4933600000"," -2,7778800000"
202200053198,6,5,2022,09:15,1,75,75109,2,2,1,6,RUE GLUCK,"48,8721910000","2,3328140000"
202200012773,30,5,2022,15:30,1,49,49068,1,1,1,6,"A11, PK 291.500, sens NANTES-ANGERS","47,4359260000"," -0,8548740000"
202200050840,9,5,2022,09:50,1,75,75115,2,2,1,2,ECHANGEUR ISSY ,"48,8354160000","2,2668880000"
202200035942,30,9,2022,00:50,5,69,69387,2,1,8,7,Boulevard Yves Farge,"45,7451100000","4,8358000000"
202200051479,4,1,2022,17:55,5,41,41104,2,1,2,2,336 Route de Chambord,"47,5953300000","1,4647400000"
202200048529,9,6,2022,18:20,1,75,75107,2,1,1,1,QUAI BRANLY,"48,8617490000","2,2975620000"
202200009255,14,5,2022,10:55,1,06,06161,2,1,1,3,1662 Route Départementale 6007,"43,6345850000","7,1337480000"
202200049633,17,2,2022,17:00,1,93,93005,2,9,1,3,CHARLES GOUPPY (RUE),"48,9420226871","2,4976927015"
202200000265,8,8,2022,11:10,1,94,94073,1,1,1,3,A86 INT,"48,7707911137","2,3864331060"
202200043743,12,1,2022,20:51,5,93,93007,2,3,1,3,Avenue du 8 Mai 1945 / Avenue Descartes,"48,9505870000","2,4400820000"
202200048542,29,11,2022,07:40,5,44,44184,2,2,1,6,Rue Pitre Grenapin,"47,2566900000"," -2,2593500000"
202200024650,16,12,2022,00:05,5,83,83137,2,3,2,1,DESCARTES (RUE / AVE),"43,1264000000","5,8976100000"
202200049623,18,9,2022,17:20,1,13,13209,2,3,1,2,ROMAIN ROLLAND (BOULEVARD),"43,2700000000","5,4100000000"
202200023874,6,10,2022,19:10,3,01,01179,1,1,1,6,,"46,2986260000","4,8338410000"
202200048101,9,6,2022,14:55,1,57,57463,1,1,1,6,VOIE RAPIDE EST,"49,1156000000","6,1973900000"
202200007830,28,4,2022,17:30,1,69,69386,2,2,1,3,Quai de Serbie,"45,7723300000","4,8411700000"
202200002629,16,9,2022,11:20,1,69,69266,2,3,1,6,Rue du 4 Août 1789,"45,7645900000","4,8904700000"
202200005612,26,4,2022,10:15,1,15,15014,2,9,1,3,Avenue Georges Pompidou,"44,9109600000","2,4518100000"
202200045011,1,4,2022,07:55,1,93,93027,2,6,4,6,Avenue Waldeck Rochet,"48,9322584476","2,3993431059"
202200030015,22,5,2022,08:50,1,988,98802,1,3,1,2,"RT1 PK 92+940, carrefour avec CR 9"," -21,8467660000","165,9231930000"
202200038666,15,7,2022,09:15,1,77,77115,1,1,1,7,D28,"48,2524620000","2,9709970000"
202200029161,14,4,2022,19:50,2,78,78466,1,1,1,2,A13,"48,9261600000","1,9969400000"
202200033387,17,6,2022,16:50,1,75,75110,2,7,1,2,PLACE DE LA BATAILLE DE STALINGRAD,"48,8826300000","2,3699490000"
202200051423,9,5,2022,08:20,1,83,83068,2,1,1,1,Route du Littoral,"43,2687100000","6,5737720000"
202200040147,4,12,2022,05:00,3,63,63113,2,2,1,3,Eminée / Ernest Cristal,"45,7590300000","3,1444200000"
202200029856,9,11,2022,14:25,1,42,42266,1,1,1,6,Route de Beauvoir,"45,4240880000","4,0505650000"
202200025985,5,11,2022,06:30,3,69,69152,1,1,2,3,Route de Métropole 7,"45,6999100000","4,8358700000"
202200039561,15,5,2022,10:50,1,75,75101,2,2,1,6,BOULEVARD DE SEBASTOPOL,"48,8619910000","2,3501580000"
202200031190,13,4,2022,16:00,1,63,63056,1,1,1,6,D996,"45,6106680000","3,4398790000"
202200001637,24,3,2022,18:00,2,48,48030,1,3,7,3,D41,"44,4825320000","3,5190260000"
202200035648,3,11,2022,07:40,1,06,06029,2,1,1,3,STANISLAS (PLACE),"43,5536500000","7,0080970000"
202200047199,26,10,2022,21:40,3,973,97353,2,1,1,7,Route de Sophie,"3,6494810000"," -54,0277630000"
202200038437,13,7,2022,08:00,1,81,81060,2,1,1,6,NECKARSULM (AV. DE),"44,0559700000","2,1563440000"
202200050905,8,6,2022,05:20,2,75,75116,2,1,3,7,PORTE DE SAINT CLOUD,"48,8423240000","2,2541960000"
202200025829,4,10,2022,19:30,2,94,94042,2,1,1,2,GENERAL GALLIENI (AV DU),"48,8200300000","2,4816500000"
202200038402,6,12,2022,07:59,2,35,35089,1,2,1,3,les patisseaux,"47,8932690000"," -1,5032170000"
202200025998,26,1,2022,20:00,5,92,92012,2,6,1,3,PONT DE BILLANCOURT (PLACE DU),"48,8250751635","2,2483603656"
202200011648,10,9,2022,19:50,3,974,97407,1,1,1,2,SACRE COEUR (RD POINT) -RIV. DES GALETS ," -20,9563100000","55,3111400000"
202200039882,15,1,2022,19:00,3,52,52465,1,1,5,6,pk 14 D35,"47,9607160000","5,5954100000"
202200020803,21,5,2022,22:31,5,971,97101,1,1,1,7,RN11,"16,2727500000"," -61,5416000000"
202200019056,2,4,2022,14:30,1,60,60555,1,2,1,3,Route départementale 63,"49,6421775330","2,3461773097"
202200018665,27,7,2022,15:17,1,35,35206,1,1,1,2,,"48,0797400000"," -1,6851000000"
202200052626,22,10,2022,20:00,5,69,69388,2,2,1,3,Rue Jean Desparmet,"45,7366300000","4,8779200000"
202200051987,22,10,2022,12:00,1,39,39104,1,3,7,1,,"46,8184840000","5,3870800000"
202200009022,27,12,2022,10:00,1,69,69384,2,2,1,6,Boulevard des Canuts,"45,7792841997","4,8275202513"
202200048464,9,7,2022,16:23,1,13,13208,2,1,1,2,RAYMOND TEISSERE (RUE),"43,2728862918","5,3992590308"
202200018321,29,7,2022,10:00,1,07,07078,2,6,2,6,,"45,2562090000","4,6957430000"
202200042591,13,6,2022,13:50,1,67,67130,1,1,1,1,D468,"48,3996550000","7,6980040000"
202200036912,13,6,2022,12:00,1,01,01296,1,1,1,7,a 39,"46,3934030000","5,2735720000"
202200036470,19,1,2022,12:30,1,51,51281,1,1,2,6,D240,"48,9621004928","3,9805644751"
202200047418,10,5,2022,14:00,1,35,35238,2,1,1,2,MALRAUX (AVENUE ANDRE),"48,1331328815"," -1,7033314705"
202200040547,13,7,2022,09:00,1,14,14692,2,3,1,1,D13,"49,1774110000"," -0,6190540000"
202200006333,14,10,2022,17:00,1,971,97101,2,1,1,6,RN05,"16,2638600000"," -61,5126700000"
202200050872,9,5,2022,00:55,5,75,75110,2,4,1,3,BOULEVARD DE MAGENTA,"48,8814910000","2,3514140000"
202200048094,21,9,2022,18:00,1,69,69388,2,3,1,2,Avenue Jean Mermoz,"45,7342300000","4,8763400000"
202200026909,6,3,2022,06:42,5,51,51454,2,1,1,7,Rue de Verdun,"49,2649900000","4,0415700000"
202200016320,16,11,2022,22:27,5,33,33522,2,1,2,3,Cours de la Libération,"44,8008725636"," -0,5952170491"
202200029577,16,6,2022,20:30,1,12,12029,1,1,1,1,La Combe du Suc,"44,1977360000","2,0960660000"
202200005308,22,11,2022,09:10,1,91,91191,2,6,1,3,Jean Jaures (Avenue),"48,7126600000","2,4648700000"
202200036350,18,1,2022,12:15,1,27,27701,2,1,1,6,FALAISES (ROUTE DES),"49,2669600000","1,2033900000"
202200014811,30,7,2022,00:45,4,49,49331,1,1,1,2,D 961,"47,6461350000"," -0,8598950000"
202200043638,3,1,2022,16:00,1,91,91027,2,1,2,2,VC QUAI DE L'ORGE,"48,7100190000","2,4029100000"
202200001155,5,7,2022,05:00,5,51,51454,2,2,1,7,rue de Bezannes,"49,2455700000","4,0114100000"
202200010034,14,10,2022,08:28,1,93,93045,2,1,2,6,Rue de Romainville,"48,8773821493","2,4162352997"
202200012220,14,10,2022,00:20,5,83,83071,2,1,1,2,Boulevard Louis Bernard,"43,1248670000","6,2444830000"
202200006780,10,10,2022,16:30,1,86,86194,2,2,1,3,Avenue John Kennedy,"46,5846700000","0,3665700000"
202200038371,16,1,2022,16:27,1,33,33192,1,1,1,6,ROCADE A 630,"44,7856230000"," -0,5942120000"
202200025236,1,9,2022,22:35,5,59,59279,2,2,1,7,NOLLET (RUE MARTHE),"50,7820800000","3,1235200000"
202200019563,5,9,2022,09:20,1,75,75116,2,1,1,2,CARREFOUR DE LONGCHAMP,"48,8636400000","2,2394870000"
202200055072,3,5,2022,15:48,1,63,63113,2,1,1,6,SAINT DOMINIQUE (RUE),"45,7783600000","3,0793300000"
202200005241,21,11,2022,11:50,1,972,97213,2,6,1,2,ROUTE NATIONALE 1,"14,6199600000"," -60,9934400000"
202200018371,10,11,2022,07:45,2,63,63124,2,1,1,6,REPUBLIQUE (AVENUE DE LA),"45,7419000000","3,1819800000"
202200014722,28,7,2022,09:15,1,92,92049,2,1,1,7,PERI RUE GABRIEL AUTRES N°,"48,8198284323","2,3121430278"
202200049912,8,6,2022,07:25,1,69,69384,2,1,1,3,Montée de la Boucle,"45,7798200000","4,8406200000"
202200008097,16,10,2022,18:45,1,85,85284,1,1,1,2,Route des sables,"46,8007712300"," -1,8811391290"
202200005715,30,4,2022,14:40,1,75,75101,2,7,1,6,PLACE DE LA CONCORDE,"48,8664062644","2,3235239089"
202200011005,30,5,2022,19:25,1,25,25056,2,1,1,4,VESOUL RUE DE (sup 52),"47,2585510000","6,0100790000"
202200039711,15,5,2022,23:20,5,06,06004,2,2,1,6,COURBET AV.AMIRAL,"43,5699900000","7,1086500000"
202200029904,8,11,2022,07:25,2,93,93007,1,1,1,3,AUTOROUTE A3,"48,9242200000","2,4809000000"
202200007380,2,6,2022,00:37,3,94,94076,1,1,1,6,AUTOROUTE A6B,"48,7930959416","2,3450827925"
202200032521,18,7,2022,04:20,5,34,34172,2,1,1,6,22ter Rue de Claret,"43,6046700000","3,8649200000"
202200036796,24,8,2022,19:02,1,25,25462,2,6,1,3,SALINS DE (DU 16 AU 63),"46,9065100000","6,3471600000"
202200040216,13,7,2022,00:58,5,2B,2B033,2,3,1,1,AV DE LA LIBERATION,"42,6796300000","9,4433900000"
202200016182,12,10,2022,16:39,1,50,50142,1,2,7,3,D116,"49,6907070000"," -1,3590110000"
202200028842,6,3,2022,04:00,3,59,59520,1,8,9,6,Route Nationale,"50,1337260000","3,2152280000"
202200042378,20,8,2022,09:00,1,972,97216,1,1,1,3,N1,"14,8263840000"," -61,0420990000"
202200003796,30,4,2022,19:10,1,69,69264,2,2,1,3,Rue Jules Ferry,"45,9814465955","4,7348552942"
202200010898,29,5,2022,04:35,5,56,56162,2,1,1,6,22 Kerduellic,"47,7383100000"," -3,4434900000"
202200013227,30,5,2022,16:20,1,83,83070,1,1,1,7,Avenue du Cap Nègre,"43,1499760000","6,4419630000"
202200021079,19,12,2022,17:30,5,93,93066,1,1,1,2,AUTOROUTE A1,"48,9161940878","2,3577797413"
202200045511,10,5,2022,14:49,1,06,06123,2,1,1,3,ST JEANNET ROUTE DE,"43,6852670000","7,1775230000"
202200020399,29,10,2022,15:30,1,46,46251,1,1,1,6,LE MAZEL D940/ pk 24,"44,8379630000","1,8811080000"
202200026755,22,7,2022,20:15,1,05,05178,1,1,1,6,D1085,"44,3480280000","5,9109560000"
202200040385,6,12,2022,17:25,5,07,07324,2,1,8,3,D86,"45,0501490000","4,8312590000"
202200050977,12,8,2022,13:20,1,94,94081,2,1,1,3,GENERAL MALLERET JOINVILLE (R DU),"48,7778100000","2,4054600000"