Accident_Id,jour,mois,an,hrmn,lum,dep,com,agg,int,atm,col,adr,lat,long
202200036519,27,2,2022,23:44,5,92,92064,1,1,1,6,A13,"48,8466526187","2,2236981409"
202200034268,9,12,2022,18:05,4,69,69283,1,1,2,1,Chemin de Feyzin,"45,6586460000","4,9228840000"
202200008431,10,2,2022,12:55,1,13,13201,2,1,1,3,BELGES (QUAI DES),"43,2944300000","5,3745900000"
202200043360,2,4,2022,17:00,1,93,93078,1,1,1,5,AUTOROUTE A104,"48,9690300000","2,5060000000"
202200002808,4,7,2022,19:30,5,971,97101,2,1,1,6,ROUTE DES ABYMES,"16,2512300000"," -61,5277400000"
202200033266,14,5,2022,10:36,1,30,30189,2,1,1,3,Route de Montpellier,"43,8097000000","4,3284000000"
202200007527,15,5,2022,20:10,1,85,85020,2,1,1,6,11 Rue des Granges Dixmières,"46,3674930000"," -0,5939820000"
202200001083,17,9,2022,22:10,5,25,25056,2,2,1,3,FAURE AVENUE EDGAR,"47,2445900000","6,0216670000"
202200008647,3,8,2022,10:30,1,93,93005,2,3,1,3,Boulevard Charles Floquet / Rue Jules Princet,"48,9371678815","2,4986164954"
202200048439,25,7,2022,18:20,1,62,62160,2,3,1,6,GRANDE RUE,"50,7244300000","1,6094500000"
202200032760,3,3,2022,10:00,1,2B,2B265,1,1,1,1,D82,"42,5990473483","9,4103318424"
202200032104,17,5,2022,17:47,1,66,66136,2,3,1,1,DEPERET ( AV CHARLES),"42,6759980000","2,8808570000"
202200022534,25,7,2022,19:05,1,93,93048,2,2,1,3,Avenue Gabriel Péri / Avenue du Président Wilson,"48,8574200000","2,4400700000"
202200045652,10,1,2022,21:10,3,76,76540,2,1,1,6,Boulevard Gambetta,"49,4372917489","1,1035922170"
202200031320,14,1,2022,21:20,3,30,30032,1,1,1,7,Chemin du Pont de Charanconne,"43,7938400000","4,6237400000"
202200006301,4,7,2022,08:45,1,60,60628,1,1,1,5,N31,"49,4262020000","2,1336870000"
202200049187,9,5,2022,17:10,1,64,64061,1,1,1,7,Avenue de Castille,"43,3930110000"," -0,5787780000"
202200023970,5,10,2022,09:05,1,13,13211,1,1,1,2,A50-Sens Aubagne vers Marseille,"43,2880637089","5,4416066408"
202200008397,2,7,2022,18:40,1,21,21023,2,1,1,1,Rue René Laforge,"47,1315460000","4,4884620000"
202200011100,16,11,2022,12:05,1,19,19272,1,9,3,6,RD 9 ,"45,2626959881","1,7441584468"
202200025819,4,10,2022,15:45,1,75,75102,2,3,1,3,BOULEVARD DE BONNE NOUVELLE,"48,8696830000","2,3526540000"
202200040202,4,12,2022,00:40,4,19,19031,2,1,2,6,LACHAUD (BOULEVARD EDOUARD),"45,1571900000","1,5300700000"
202200010224,28,6,2022,22:55,3,68,68066,2,1,1,3,KLEBER (RUE DE),"48,0791600000","7,3544000000"
202200010490,7,2,2022,23:42,3,91,91661,1,1,1,2,AUTOROUTE A10,"48,6943200000","2,2317300000"
202200048026,9,7,2022,10:30,1,35,35189,1,1,1,5,RD 137,"48,1491996034"," -1,6994516551"
202200022075,5,10,2022,12:15,1,27,27375,2,3,1,3,CROS (RUE CHARLES),"49,2308500000","1,1695700000"
202200014705,16,11,2022,15:30,1,94,94079,1,1,2,2,A4,"48,8354458972","2,5387118132"
202200007178,29,12,2022,16:10,1,75,75107,2,7,1,3,PLACE JOFFRE,"48,8512510000","2,3009430000"
202200044858,11,6,2022,16:08,1,12,12286,1,1,1,6,D999 ,"43,8934900000","2,8161300000"
202200012119,29,6,2022,11:45,1,91,91345,2,1,1,3,RUE PDT FRANCOIS MITTERRAND,"48,6903300000","2,2890600000"
202200029246,25,1,2022,20:00,3,75,75119,2,2,1,3,AVENUE JEAN JAURES,"48,8887870000","2,3930890000"
202200047909,22,9,2022,06:40,2,22,22274,1,1,1,1,La Lindais,"48,3790620000"," -2,0184330000"
202200005779,30,12,2022,18:07,5,94,94073,1,1,2,7,RN 186,"48,7540000000","2,3757000000"
202200036568,18,1,2022,19:10,1,33,33249,1,1,1,2,ROUTE NATIONALE 230,"44,8769110000"," -0,5085270000"
202200030049,27,9,2022,07:10,2,59,59654,2,6,8,3,TOURNAI (ROUTE DE),"50,3806552873","3,0941346288"
202200029279,25,1,2022,01:00,5,75,75107,2,3,1,6,AVENUE DE TOURVILLE,"48,8540820000","2,3072270000"
202200001272,5,7,2022,14:40,1,26,26083,1,1,7,7,départementale 53,"45,2219370000","4,9600700000"
202200045365,26,10,2022,05:58,5,93,93006,2,1,1,3,Avenue Raspail,"48,8745018910","2,4315522078"
202200014269,10,10,2022,16:45,1,971,97113,1,1,1,1,RN4-ROND POINT SAINT FELIX,"16,2076700000"," -61,4584100000"
202200026138,4,10,2022,08:50,1,59,59143,2,2,1,3,NATIONALE  ( ROUTE),"50,6755000000","2,8904700000"
202200040701,21,8,2022,19:01,1,15,15014,1,1,1,7,D120 côte de lascanaux,"44,9346000000","2,4168000000"
202200005170,2,6,2022,16:20,1,14,14701,1,1,1,2,D275,"49,3085640000","0,0832940000"
202200031349,18,6,2022,20:15,1,75,75108,2,7,7,5,PLACE DE LA CONCORDE,"48,8644370000","2,3201860000"
202200054291,11,8,2022,11:50,1,89,89176,1,1,1,7,,"47,4083700000","3,7211470000"
202200049304,9,5,2022,19:50,1,69,69259,2,1,1,1,Rue Aristide Bruant,"45,6962400000","4,8697800000"
202200025057,4,3,2022,13:08,1,87,87085,2,1,1,6,GROSSEREIX (LIEU DIT),"45,8946800000","1,2897500000"
202200008857,21,11,2022,10:20,1,75,75108,2,7,1,3,PLACE SAINT AUGUSTIN,"48,8752390000","2,3194260000"
202200032636,1,3,2022,15:09,1,49,49246,2,1,1,3,HUGO VICTOR RUE,"47,4296200000"," -0,5279400000"
202200018378,28,7,2022,10:10,1,74,74057,2,1,1,2,Route d Evian,"46,3755670000","6,5548680000"
202200018892,30,4,2022,22:10,3,64,64538,1,1,1,6,route de Lasse,"43,1619400000"," -1,2476330000"
202200002468,3,6,2022,20:30,1,81,81046,2,1,1,6,562 Route de Gaillac,"43,8549630000","1,9771490000"
202200010365,7,2,2022,17:50,1,93,93053,2,3,1,3,Rue de Brément,"48,8868468090","2,4704217911"
202200014259,20,6,2022,12:50,1,41,41106,2,1,1,3,Avenue de la République,"47,5975980000","2,0224660000"
202200014304,29,6,2022,13:40,1,2B,2B355,1,1,1,6,RT20,"42,5187380000","9,3948930000"
202200042636,9,6,2022,11:45,1,13,13213,1,1,1,2,A507 sens Aubagne- Marseille,"43,3300000000","5,4120100000"
202200014734,29,5,2022,14:30,1,42,42218,2,1,1,3,Rue du 11 Novembre,"45,4268700000","4,3905800000"
202200040709,20,8,2022,18:19,1,13,13047,1,1,1,3,RD 569,"43,5345100000","4,9746900000"
202200026479,22,7,2022,02:50,5,75,75107,2,1,1,2,QUAI ANATOLE FRANCE,"48,8618740000","2,3215580000"
202200024685,24,7,2022,06:40,2,21,21037,1,1,1,6,D973,"46,9872200000","4,7329900000"
202200023652,21,6,2022,08:00,1,71,71270,1,2,1,5,Route des Allemands,"46,2780400000","4,7766700000"
202200012196,6,2,2022,19:27,5,976,97611,1,1,1,1,m'tsapere-Nationale 2 (route)," -12,7946100000","45,2180600000"
202200043199,28,10,2022,16:00,1,63,63001,1,1,1,1,D2009,"46,0246673319","3,2176342607"
202200052201,6,6,2022,16:00,1,987,98714,1,1,1,7,Haamaire," -16,4879420000"," -151,7212340000"
202200001488,2,5,2022,11:10,1,974,97411,2,1,1,6,BOUVET," -20,8868600000","55,4631800000"
202200051036,26,3,2022,18:38,2,94,94028,2,6,1,2,Avenue de la Brèche / Rue des Archives,"48,7834800000","2,4546900000"
202200005709,1,6,2022,19:50,1,94,94076,2,1,1,3,25 Boulevard Maxime Gorki,"48,7880900000","2,3680000000"
202200031527,16,6,2022,09:36,1,37,37223,1,3,1,3,La Croix du Chêne Pilé,"47,5155304863","0,2875274420"
202200014898,15,3,2022,17:20,1,75,75120,2,2,1,6,BOULEVARD DAVOUT,"48,8559016734","2,4102987349"
202200042795,18,8,2022,00:55,5,75,75117,2,1,1,4,PORTE DE CHAMPERRET,"48,8858090000","2,2883020000"
202200021585,19,4,2022,11:10,1,75,75119,2,2,1,2,AVENUE DE FLANDRE,"48,8884705458","2,3738676310"
202200000066,20,10,2022,17:40,2,68,68178,2,1,2,7,30 Rue du Felsenbach,"47,9349260000","7,1194410000"
202200006824,4,8,2022,11:30,1,34,34259,2,6,1,3,rue du réservoir,"43,6146810000","3,7760300000"
202200025821,27,1,2022,17:15,1,17,17077,1,1,1,7,Route la Clotte,"45,1196590000"," -0,1828190000"
202200044167,8,7,2022,20:10,1,67,67482,2,3,1,3,MOLIERE (AVENUE),"48,5971200000","7,7035300000"
202200010988,31,5,2022,16:25,1,29,29232,1,6,1,3,Rond-Point de Kerustum,"47,9788600000"," -4,0947000000"
202200006886,20,11,2022,10:30,1,56,56121,2,1,1,2,Boulevard d'Oradour-sur-Glane,"47,7537900000"," -3,3711800000"
202200053211,3,1,2022,18:40,4,75,75108,2,3,3,6,AVENUE MATIGNON,"48,8721350000","2,3129300000"
202200037934,27,9,2022,10:20,1,56,56107,2,1,1,3,Kermélo D29,"47,7298940000"," -3,3856300000"
202200044017,1,12,2022,18:54,3,34,34032,1,1,1,7,Chemin de Feynes,"43,3568800000","3,1376700000"
202200029995,21,5,2022,10:45,1,64,64256,2,2,1,3,Route de l'Arberoue,"43,3879110000"," -1,2989650000"
202200015886,27,6,2022,20:36,1,05,05061,2,6,1,6,Route des Fauvins,"44,5639079566","6,0955774784"
202200033033,25,8,2022,11:00,1,64,64102,2,1,1,3,Allées Boufflers,"43,4916000000"," -1,4694300000"
202200042337,22,2,2022,01:30,3,75,75101,2,4,1,3,RUE RAMBUTEAU,"48,8629330000","2,3459000000"
202200042449,20,8,2022,06:40,1,34,34294,1,1,1,1,A9,"43,7021020000","4,1147230000"
202200000377,21,4,2022,16:40,1,29,29019,2,3,1,3,Boulevard de l’Europe,"48,4074050000"," -4,5222590000"
202200032254,9,12,2022,09:12,1,17,17415,2,1,1,6,NATIONAL 1 A 67 ET 2 A 44 COURS,"45,7472000000"," -0,6331590000"
202200034124,7,12,2022,18:03,3,66,66136,1,1,1,2,,"42,7077400000","2,8809610000"
202200038406,14,1,2022,06:55,5,64,64445,2,1,1,6,Allée Alfred de Musset,"43,2960000000"," -0,3590000000"
202200030503,11,12,2022,15:20,1,69,69266,2,8,8,3,Rue de la Ligne de l'Est,"45,7580000000","4,9077700000"
202200050035,24,10,2022,07:05,5,35,35055,1,6,2,6,173 RD,"48,0781458459"," -1,6328188777"
202200037969,26,9,2022,14:53,1,11,11069,2,1,1,1,Rue Peire Cardenal,"43,2271160000","2,3894980000"
202200022201,30,1,2022,09:00,1,34,34205,1,1,9,6,D142,"43,7878030000","3,2434670000"
202200038217,15,1,2022,15:00,1,75,75115,2,2,1,3,RUE MADEMOISELLE,"48,8436150000","2,2957600000"
202200011345,9,5,2022,16:15,1,88,88075,1,1,1,6,Route des Crètes,"48,0318429213","7,0019227266"
202200040403,13,7,2022,15:28,1,75,75114,2,2,1,3,PLACE DU VINGT CINQ AOUT 1944,"48,8232600000","2,3255400000"
202200019148,27,2,2022,18:40,2,45,45234,2,2,1,3,Rue Basse Mouillère,"47,8795300000","1,9089100000"
202200015228,22,12,2022,16:50,1,92,92077,2,9,8,6,LAROCHE (PLACE CHARLES),"48,8265463677","2,1892120242"
202200032590,19,7,2022,06:30,1,34,34029,1,1,1,6,D32,"43,5599330000","3,4869230000"
202200048769,9,6,2022,19:00,3,974,97422,2,1,1,3,Rue des Flamboyants," -21,2764680000","55,4972840000"
202200010880,23,12,2022,05:15,5,75,75108,2,2,8,2,PLACE DE LA CONCORDE,"48,8640781792","2,3201320223"
202200025671,21,6,2022,18:30,1,92,92075,2,1,1,6,FALRET (RUE),"48,8192100000","2,2843100000"
202200015695,8,9,2022,15:20,1,69,69023,1,1,1,2,Route Départementale 19,"46,0290460000","4,6494050000"
202200034577,16,7,2022,08:02,1,10,10343,2,1,1,6,FONTENELLE (RUE),"48,2768240672","4,0965378284"
202200045648,10,1,2022,06:30,5,83,83137,2,1,8,1,FAVIERES (CHEMIN DES),"43,1483300000","5,9761200000"
202200044176,4,12,2022,11:00,1,01,01333,1,1,2,5,D43,"45,9120560000","4,9097570000"
202200010916,26,12,2022,11:20,1,93,93030,2,1,1,3,Avenue du Maréchal Leclerc de Hautecloque,"48,9441500000","2,4176200000"
202200050575,28,3,2022,13:25,1,91,91161,1,9,1,2,RUE HELENE BOUCHER,"48,7150730000","2,3036320000"
202200015906,22,4,2022,23:55,5,75,75108,2,7,1,6,PLACE DE LA MADELEINE,"48,8706790000","2,3255520000"
202200019994,9,10,2022,16:35,1,54,54588,1,1,1,1,D400,"48,6059433680","6,4343404771"
202200030370,18,7,2022,18:55,1,72,72197,1,9,1,3,Route de Beaumont,"48,1557465582","0,0307989118"
202200047630,8,1,2022,07:25,3,54,54374,1,1,2,7,RD 674,"48,7648349396","6,4315938958"
202200043558,12,5,2022,19:15,1,13,13043,2,1,1,3,LOUIS PASTEUR (AV ),"43,3923579906","5,2353146084"
202200018491,2,2,2022,20:40,5,93,93064,2,9,1,1,ALSACE-LORRAINE (BOULEVARD),"48,8846557657","2,4834061862"
202200047214,11,5,2022,11:20,1,92,92040,2,1,1,7,EGLISE (PLACE DE L'),"48,8229741000","2,2764398754"
202200012194,14,10,2022,16:00,1,77,77318,1,1,2,6,N36,"48,7860000000","2,8677750000"
202200011029,26,12,2022,18:45,3,971,97126,1,1,1,1,Section Bois Rouge,"15,9651460000"," -61,2868240000"
202200000968,7,10,2022,18:05,2,67,67482,2,1,1,4,ILL (RUE DE L ),"48,6129400000","7,7686000000"
202200043844,24,9,2022,01:00,3,57,57606,1,1,1,2,RN 633,"49,1440451218","6,7083106800"
202200030179,20,5,2022,00:00,5,974,97407,2,3,1,7,RUE SULLY PRUD'HOMME," -20,9409300000","55,3104900000"
202200011369,13,3,2022,11:00,1,06,06123,2,1,2,2,BARONNE ROUTE DE LA,"43,7149610000","7,1770700000"
202200007201,17,4,2022,19:00,1,76,76474,1,1,1,6,Le Mont Cauvel,"49,4868030000","1,0377100000"
202200032296,8,12,2022,17:51,5,87,87085,1,1,1,2,AUTOROUTE A20,"45,8405600000","1,2805400000"
202200052191,31,5,2022,13:00,1,976,97617,2,1,1,6,Combani," -12,7897680000","45,1338800000"
202200027266,16,4,2022,04:00,3,40,40294,1,1,1,6,"215, ROUTE DE SORT","43,6911960000"," -0,9739320000"
202200017964,21,4,2022,17:55,1,75,75120,2,3,1,3,RUE D AVRON,"48,8531857342","2,4088439623"
202200034727,1,3,2022,08:30,1,13,13211,1,1,1,2,A50-Sens Aubagne vers Marseille,"43,2868300000","5,4348200000"
202200018374,29,7,2022,17:55,1,88,88315,1,1,1,1,Rue du Bout du Dessous,"48,2650410000","6,7515710000"
202200009781,12,9,2022,13:00,1,94,94065,2,1,1,3,PORTE DE PARAY MIN,"48,7543100000","2,3613100000"
202200001804,23,3,2022,12:20,1,81,81004,2,3,1,3,THOMAS (AV ALBERT),"43,9417519348","2,1493202448"
202200045490,9,5,2022,14:25,1,37,37233,2,3,1,3,DUCLOS (AVENUE JACQUES),"47,3804608890","0,7307678461"
202200007058,22,11,2022,08:25,1,93,93033,2,1,2,6,Promenade Marx Dormoy,"48,8659345417","2,5749447942"
202200042642,20,2,2022,03:10,5,72,72181,2,1,1,6,LEDRU ROLLIN QUAI N° 103 ET plus,"48,0087810000","0,1993840000"
202200027509,16,4,2022,18:40,1,69,69133,1,1,7,1,Route Départementale 315,"45,6249380939","4,8030960560"
202200031600,19,6,2022,01:45,3,22,22343,1,1,2,6,Route de Lannion,"48,7577240000"," -3,5306940000"
202200022222,30,1,2022,15:25,1,987,98714,2,1,1,3,RT 101 - VAITAPE," -16,5037640000"," -151,7512590000"
202200041362,30,10,2022,16:50,1,34,34088,2,1,1,1,15 Avenue de la Republique,"43,5661860000","3,7321220000"
202200033819,18,5,2022,06:00,1,75,75113,2,7,1,7,PLACE D ITALIE,"48,8317686083","2,3544056997"
202200038381,7,12,2022,14:30,1,2B,2B042,2,1,1,6,Avenue de Borgo,"42,5636110000","9,4410860000"
202200048299,7,7,2022,11:20,1,25,25204,2,6,7,3,R-N 57.,"46,9242300000","6,3369900000"
202200040545,25,2,2022,15:30,1,92,92036,1,1,7,3,AUTOROUTE A86,"48,9339953804","2,3205880188"
202200014924,15,3,2022,13:30,1,75,75115,2,3,2,6,RUE MIOLLIS,"48,8453648703","2,3020581901"
202200026571,14,12,2022,19:30,5,94,94075,2,1,1,6,LIEUTENANT DAGORNO (R DU),"48,7216900000","2,5336500000"
202200031269,18,6,2022,01:55,5,33,33063,2,1,1,6,Place de la Bourse,"44,8413400000"," -0,5694100000"
202200023759,21,6,2022,20:00,1,94,94028,2,3,1,3,Rue des Mèches / Rue du Château,"48,7923570000","2,4579260000"
202200009427,28,12,2022,05:56,1,974,97408,2,6,1,6,Rue Pablo Neruda," -20,9575670000","55,3330810000"
202200048673,14,8,2022,19:00,2,88,88492,1,1,8,7,DÉPARTEMENTALE 23H,"48,0960360000","7,0244590000"
202200024154,10,11,2022,19:50,5,75,75112,2,1,1,6,BOULEVARD DE BERCY,"48,8398720000","2,3828250000"
202200043648,3,1,2022,08:35,1,77,77058,2,9,1,3,GENERAL DE GAULLE  (AVENUE DU),"48,8373700000","2,7080700000"
202200033746,4,11,2022,14:50,1,37,37214,2,1,1,6,TONNELE (RUE),"47,4009600000","0,6755300000"
202200016598,10,11,2022,18:05,5,66,66136,2,1,1,4,,"42,6871059749","2,9062774032"
202200014002,28,6,2022,09:00,1,69,69034,2,6,2,6,Avenue Général Leclerc,"45,8036200000","4,8611600000"
202200015447,22,12,2022,19:00,3,17,17331,1,1,3,2,Route du Silo,"45,4854290000"," -0,5799370000"
202200031414,18,6,2022,15:05,1,92,92007,2,1,1,2,RAVERA (AVENUE HENRI) N° 92 A 106,"48,8005358084","2,3088508844"
202200018524,2,2,2022,12:55,1,06,06149,2,1,1,2,M2204b,"43,7341890000","7,3024540000"
202200000145,19,10,2022,15:20,1,75,75114,2,1,1,4,PORTE DE CHATILLON,"48,8217520000","2,3179320000"
202200000760,19,10,2022,23:05,3,94,94022,1,1,1,7,A86 INT,"48,7763087259","2,4242660012"
202200034164,8,12,2022,22:35,5,37,37261,2,6,1,1,VICTOIRE (RUE DE LA),"47,3954400000","0,6772700000"
202200048546,8,6,2022,15:15,1,75,75104,2,2,1,6,RUE DE RIVOLI,"48,8578760000","2,3502150000"
202200017527,13,3,2022,09:30,1,57,57312,1,3,1,6,D19,"49,1415290000","6,4688310000"
202200003892,22,3,2022,17:40,1,92,92049,2,5,1,3,ARNOUX AVENUE MAURICE AUTRES N°,"48,8159600000","2,3113600000"
202200018509,26,5,2022,17:40,1,33,33529,2,2,1,3,Avenue du General de Gaulle,"44,6395000000"," -1,1941300000"
202200025034,8,3,2022,06:10,3,93,93066,1,1,1,2,AUTOROUTE A86,"48,9217196788","2,3665358126"
202200028327,20,5,2022,19:40,1,94,94041,2,1,1,4,20 Quai Marcel Boyer,"48,8237600000","2,3906100000"
202200048965,25,10,2022,08:42,1,92,92076,2,2,1,3,RAYMOND POINCARE,"48,8422751472","2,1670639515"
202200006992,21,11,2022,18:35,5,10,10333,2,1,2,1,,"48,2894955364","4,0674655164"
202200047771,30,11,2022,20:00,5,93,93031,2,2,1,7,Avenue Salvador Allende / Avenue de Lattre de Tassigny,"48,9573100000","2,3098100000"
202200051194,7,5,2022,17:25,1,74,74012,2,1,1,4,TANINGES (ROUTE DE ),"46,1913200000","6,2541500000"
202200031429,19,1,2022,19:15,3,30,30189,1,1,1,6,Route d'Avignon,"43,8594000000","4,4116000000"
202200017612,6,9,2022,07:30,1,59,59328,2,2,1,6,BECQUART AVENUE,"50,6500976707","3,0371041596"
202200028105,3,11,2022,13:55,1,14,14225,1,1,2,5,D45,"49,2835860000"," -0,0824530000"
202200002798,5,5,2022,21:35,1,78,78498,2,6,1,3,GAMBETTA BD,"48,9334360000","2,0430760000"
202200012106,29,6,2022,15:45,1,974,97416,1,6,7,6,RN1," -21,3095900000","55,4330900000"
202200024217,26,9,2022,06:55,2,30,30189,2,1,1,2,Route d'Alès,"43,8520000000","4,3201000000"
202200003268,24,11,2022,12:50,1,75,75114,2,2,1,3,BOULEVARD JOURDAN,"48,8222350000","2,3303900000"
202200040887,24,2,2022,17:55,2,70,70228,1,1,1,1,Rue-en-Bethléem ( Route de FLEUREY-LES-FAVERNEY ),"47,7548190000","6,0975840000"
202200019953,24,6,2022,10:30,1,75,75116,2,7,1,6,RUE FAUSTIN HELIE,"48,8593330000","2,2768860000"
202200031012,28,8,2022,20:30,2,75,75109,2,7,1,3,PLACE PIGALLE,"48,8823280000","2,3370360000"
202200023064,8,3,2022,11:50,1,27,27229,2,2,1,5,NORMANDIE (BOULEVARD DE),"49,0185176531","1,1424407958"
202200017791,24,4,2022,19:30,2,36,36088,2,5,2,3,1 Rue Saint-martin,"46,9450730000","1,9960380000"
202200036836,28,2,2022,12:30,1,28,28172,1,1,1,1,Route départementale 28,"48,5528910000","1,6693140000"
202200024208,25,1,2022,11:00,1,85,85234,2,6,1,3,VC Rue des Sables,"46,7919320000"," -2,0534670000"
202200019647,25,6,2022,19:45,1,69,69193,2,1,1,6,2264 Route du Grisard,"45,5190940000","4,8494420000"
202200035000,25,8,2022,16:20,1,31,31483,2,1,1,7,FRANCOIS MITTERAND ( AVENUE),"43,1114900000","0,7415300000"
202200003948,29,9,2022,11:15,1,14,14623,2,3,1,3,D562A,"49,1100666296"," -0,3742539883"
202200042777,7,7,2022,18:43,1,81,81004,2,7,1,2,SAVARY (HIPPOLYTE),"43,9254200000","2,1473700000"
202200017466,12,3,2022,20:00,5,75,75118,2,1,2,3,RUE CAULAINCOURT,"48,8871780000","2,3331170000"
202200053177,26,3,2022,09:05,1,91,91421,1,1,1,2,NATIONALE 6 (PARTIE FORET),"48,6913400000","2,4522300000"
202200013533,9,9,2022,09:30,1,75,75115,2,2,2,7,RUE DE VAUGIRARD,"48,8414900000","2,3079360000"
202200039138,14,6,2022,16:50,1,35,35278,1,1,7,6,BETTON (ROND POINT DE),"48,1632069672"," -1,6800254211"
202200019475,6,9,2022,08:20,1,77,77514,1,1,1,3,A104,"48,9452700000","2,6285900000"
202200036225,16,7,2022,10:30,1,33,33236,1,1,1,3,D106,"44,7820360000"," -1,1458680000"
202200003681,21,3,2022,10:40,1,05,05061,2,1,1,2,FAUVINS ( ROUTE  DES ),"44,5640000000","6,0939500000"
202200004051,22,12,2022,07:16,3,91,91161,2,1,2,6,AV PIERRE BROSSOLETTE,"48,7006000000","2,3183200000"
202200006683,10,2,2022,09:10,1,972,97213,1,1,1,4,AUTOROUTE A1,"14,6146700000"," -61,0126600000"
202200035604,2,11,2022,18:15,2,72,72181,2,3,1,4,GLONNIERES (BD) N° PAIRS,"47,9713700000","0,2150100000"
202200051677,15,2,2022,20:05,5,75,75115,2,3,2,6,RUE OLIVIER DE SERRES,"48,8339254285","2,2951246798"
202200032745,27,8,2022,18:00,1,33,33529,2,1,1,1,ERMITAGE (AVE DE L'),"44,6338700000"," -1,1967000000"
202200026944,7,3,2022,15:05,1,44,44169,1,1,1,1,2 Les Places,"47,2357720000"," -1,4362910000"
202200013437,9,9,2022,11:25,1,45,45169,2,1,1,3,174bis Route Nationale,"47,9289456729","1,8392550945"
202200038957,21,8,2022,11:15,1,63,63113,2,1,1,6,BRUGIERE (BD AMBROISE),"45,7907100000","3,1178600000"
202200054417,21,10,2022,21:04,5,10,10387,2,1,1,2,CITE (RUE DE LA ),"48,3001300000","4,0801700000"
202200025770,4,10,2022,16:15,1,10,10387,2,1,1,3,PREMIER RAM (RUE DU),"48,2924000000","4,0736000000"
202200004634,5,8,2022,12:15,1,973,97302,2,2,1,3,UNIVERSITE CHICAGO (RUE DE),"4,9333007870"," -52,2992107272"
202200042483,12,7,2022,17:10,1,80,80512,2,1,7,6,18 Grande Rue Guy Dovergne,"50,0666090000","1,8317560000"
202200033294,21,1,2022,20:40,3,84,84019,1,1,6,2,Route de Mondragon,"44,2691740000","4,7424240000"
202200005856,20,3,2022,14:15,1,75,75118,2,1,1,6,AVENUE DE LA PORTE D AUBERVILLIERS,"48,9014080000","2,3701360000"
202200003724,1,5,2022,10:30,1,69,69381,2,3,1,3,Rue des Capucins,"45,7695300000","4,8350000000"
202200043745,12,1,2022,18:45,5,92,92072,2,1,1,2,GRANDE RUE,"48,8261240731","2,2181420624"
202200006266,14,9,2022,19:00,3,973,97307,1,1,1,3,Route de Stoupan,"4,7899710000"," -52,3540580000"
202200022204,12,11,2022,13:30,1,75,75112,2,1,1,5,BOULEVARD DIDEROT,"48,8479350000","2,3919880000"
202200008780,2,8,2022,10:45,1,75,75117,2,3,1,2,RUE DE TOCQUEVILLE,"48,8870430000","2,3081500000"
202200034209,1,10,2022,02:37,3,83,83054,1,1,1,6,A57,"43,1535187048","6,0400462827"
202200022095,13,11,2022,18:00,3,78,78043,1,1,1,6,A12 W,"48,8413100000","2,0940110000"
202200005663,4,6,2022,16:00,1,75,75101,2,2,2,6,RUE DES PETITS CHAMPS,"48,8672890000","2,3346250000"
202200047204,11,5,2022,18:30,1,92,92020,2,9,1,3,LASSEGUE RUE N° PAIRS,"48,8024847984","2,2804289237"
202200036821,17,1,2022,08:00,1,93,93070,2,9,2,2,LANDY(RUE):N° 1 AU 43,"48,9168885084","2,3335278561"
202200037562,1,11,2022,19:50,5,93,93027,2,1,1,3,Avenue Paul Vaillant Couturier,"48,9280000000","2,4184600000"
202200019876,8,10,2022,01:10,3,44,44129,1,1,1,1,Bilais,"47,4565900000"," -2,0805360000"
202200045944,22,9,2022,09:30,1,69,69386,2,3,1,1,Cours Vitton,"45,7692900000","4,8504100000"
202200004197,16,9,2022,09:30,1,95,95176,1,1,1,6, A15,"48,9886543894","2,2030350566"
202200017942,20,4,2022,23:10,5,13,13216,1,1,1,7,LITTORAL (CHEMIN DU),"43,3526200000","5,3378400000"
202200052349,7,6,2022,17:20,1,84,84054,2,1,1,3,1228 Route de Carpentras,"43,9359380000","5,0633910000"
202200015779,26,4,2022,13:25,1,21,21196,1,3,1,1,D906,"46,9283282897","4,7420265153"
202200050158,10,7,2022,17:00,1,93,93046,2,2,1,3,Avenue Aristide Briand / Av du Pdt J Fitzgerald Kennedy,"48,9164800000","2,5315100000"
202200042142,26,9,2022,06:45,2,83,83023,1,1,1,6,,"43,3979230000","6,1337400000"
202200007365,2,6,2022,20:45,1,91,91174,1,1,1,2,RN 104,"48,6104900000","2,4441500000"
202200022827,25,7,2022,15:15,1,30,30277,1,1,1,7,,"44,2272620000","4,5446970000"