Accident_Id,jour,mois,an,hrmn,lum,dep,com,agg,int,atm,col,adr,lat,long
202200040804,15,6,2022,17:30,1,976,97603,2,1,1,6,Rue Paweni," -12,9077750000","45,1933600000"
202200041165,5,4,2022,09:55,1,80,80465,1,1,2,1,d930,"49,7606080000","2,9451300000"
202200006589,10,2,2022,16:55,1,92,92012,2,2,1,3,REPUBLIQUE (BOULEVARD DE LA) 5/77BIS - 6,"48,8320800000","2,2530700000"
202200027813,9,11,2022,02:15,5,75,75120,2,2,9,3,BOULEVARD DAVOUT,"48,8491100000","2,4112700000"
202200036397,15,7,2022,11:27,1,974,97407,1,1,1,4,ROUTE DU SACRE COEUR," -20,9548700000","55,3102100000"
202200030696,19,7,2022,09:20,1,93,93064,2,6,1,3,Boulevard Gabriel Péri / Rue de Lisbonne,"48,8775290000","2,4756430000"
202200012762,29,7,2022,18:20,1,84,84056,1,2,1,3,Chemin des Plumes,"44,1379160000","4,9324970000"
202200043345,28,10,2022,19:50,5,988,98818,2,1,1,6,RUE JACQUES IEKAWE," -22,2440400000","166,4689800000"
202200013222,16,3,2022,18:20,2,05,05055,2,1,1,7,La Faurie,"44,5704070000","5,7365800000"
202200010450,8,2,2022,15:00,1,01,01072,1,1,1,3,,"46,1864340000","5,2985160000"
202200051916,13,8,2022,13:00,1,74,74127,1,1,1,1,D902,"46,3434020000","6,5496970000"
202200026663,14,12,2022,15:25,3,28,28392,1,1,2,6,autoroute a10,"48,2458110000","1,8514750000"
202200052658,4,1,2022,15:50,1,974,97416,2,3,1,6,D28 LIGNE DES BAMBOUS," -21,2995100000","55,4907100000"
202200032067,18,5,2022,02:00,5,972,97213,1,1,1,6,ROUTE NATIONALE 5,"14,5963300000"," -60,9933600000"
202200016514,16,11,2022,10:45,1,93,93053,1,1,1,6,AUTOROUTE A103,"48,8876800000","2,4726200000"
202200043576,12,5,2022,01:00,5,75,75120,2,1,1,3,AVENUE DU PROFESSEUR ANDRE LEMIERE,"48,8559740292","2,4150878191"
202200002464,14,5,2022,03:00,3,69,69047,2,1,1,6,430 Route de Marcy,"45,8939633979","4,6729820967"
202200041714,14,1,2022,17:50,2,05,05070,2,1,1,6,Avenue de provence,"44,3130690000","5,8277720000"
202200009496,29,4,2022,14:09,1,73,73243,1,1,1,1,D912,"45,5835600000","5,9792720000"
202200028147,3,10,2022,12:30,1,75,75116,2,4,1,2,VOIE GEORGES POMPIDOU,"48,8452520000","2,2728380000"
202200053560,5,6,2022,08:50,1,09,09282,2,1,1,6,Rue Sarrut,"43,2352180000","1,5753740000"
202200027218,1,9,2022,13:00,1,51,51185,1,1,1,1,N4,"48,7154781374","3,5019993782"
202200039093,13,6,2022,17:00,1,74,74119,2,1,1,6,GRANDE RIVE (AVENUE DE),"46,4025000000","6,6098000000"
202200008539,9,2,2022,08:37,1,95,95585,2,1,1,6,BERGSON (BOULEVARD HENRI),"48,9744026773","2,3763433099"
202200027510,16,6,2022,16:40,1,67,67482,2,1,1,4,MENACHEM TAFFEL (RUE),"48,5740700000","7,7462100000"
202200029606,12,4,2022,09:15,1,76,76476,2,1,1,6,HIRONDELLES (RUE DES),"49,4904700000","0,5771400000"
202200026223,10,11,2022,10:35,1,93,93062,2,1,1,3,41 Avenue Thiers,"48,8990639271","2,5181812048"
202200029653,24,1,2022,19:18,5,971,97125,2,1,1,2,Chemin de Pombiray,"16,2743710000"," -61,3006530000"
202200002197,15,5,2022,04:00,3,976,97603,1,1,1,1,Route nationale 3," -12,9005740000","45,1939880000"
202200023997,4,10,2022,22:23,4,91,91434,1,1,1,2,AUTOROUTE A6,"48,6691600000","2,3508500000"
202200034673,25,2,2022,08:50,1,86,86158,1,1,1,2,A10 - PK 300+200,"46,6337560000","0,3521390000"
202200005713,31,5,2022,08:30,1,94,94003,2,1,1,3,20 Avenue Paul Vaillant-couturier,"48,8014400000","2,3395500000"
202200032989,21,1,2022,15:15,1,54,54184,2,2,1,3,Rue de la Fraternité,"48,7005840000","6,2245820000"
202200027635,24,1,2022,16:05,1,30,30028,2,1,1,6,Avenue Maréchal De Lattre de Tassigny,"44,1689600000","4,6186700000"
202200031464,22,1,2022,18:40,5,06,06030,2,1,1,3,CAMPON (RUE,"43,5724780000","7,0130590000"
202200014578,29,7,2022,09:20,1,13,13205,2,1,8,2,JEANNE D'ARC (BOULEVARD),"43,2937900000","5,4010100000"
202200050343,22,9,2022,08:45,1,60,60589,1,1,1,2,Route Départementale 1016,"49,2436740000","2,4744340000"
202200003817,1,5,2022,18:40,1,45,45234,2,7,1,3,Boulevard de Verdun,"47,9066400000","1,9039300000"
202200045217,27,10,2022,07:30,5,59,59143,2,1,1,6,NATIONALE  ( ROUTE),"50,6706400000","2,9027300000"
202200003577,18,3,2022,23:22,4,34,34032,2,2,2,3,PECH HENRI (AV),"43,3553200000","3,2220000000"
202200049141,10,5,2022,18:45,1,94,94081,2,2,1,6,Rue Talma,"48,7926200000","2,3996000000"
202200007147,3,6,2022,22:28,5,13,13214,1,1,1,3,A507 sens Marseille - Aubagne,"43,3325710913","5,3853964805"
202200006064,17,10,2022,21:45,3,76,76459,1,1,1,6,pk 1+900 D135,"49,6982480000","1,5171330000"
202200035151,28,2,2022,18:00,1,92,92062,2,9,1,3,GENERAL DE GAULLE (AV) DU 44 AU 106,"48,8865123697","2,2305122763"
202200010487,7,2,2022,18:20,3,91,91617,1,1,1,2,RN 104,"48,6352620000","2,5312080000"
202200043100,29,10,2022,20:24,5,92,92026,2,1,1,6,COLOMBES,"48,9002985401","2,2564238906"
202200052953,3,1,2022,16:27,1,61,61001,2,1,3,6,MANS (RUE DU ),"48,4262400000","0,0890760000"
202200050177,22,9,2022,18:00,1,01,01372,1,3,7,1,routes des combes,"45,8613100000","5,6784510000"
202200013492,16,8,2022,07:45,1,15,15014,2,1,1,3,LIBERTE (AVENUE DE LA),"44,9223000000","2,4279800000"
202200011700,10,9,2022,02:20,5,43,43089,2,1,1,6,Route de Langeac,"45,0504800000","3,8463100000"
202200010108,15,10,2022,10:25,1,61,61484,2,1,2,3,41 Rue de la Bissonniere,"48,2697890000","0,6866360000"
202200040828,15,6,2022,03:35,5,57,57683,2,2,1,3,Rue du Stade,"49,3031780000","6,1483100000"
202200044281,22,2,2022,08:20,1,13,13211,1,1,1,3,A50-Sens Aubagne vers Marseille,"43,2865400000","5,5094000000"
202200055062,24,3,2022,13:50,1,49,49328,2,2,1,3,DACIER (RUE),"47,2585200000"," -0,0755900000"
202200029094,31,8,2022,14:15,1,27,27070,2,1,1,6,résidence les cottages,"49,2815170000","1,4604200000"
202200029425,19,6,2022,04:40,5,67,67462,2,1,1,6,SAINTE MARIE-AUX-MINES (ROUTE DE),"48,2664500000","7,4320900000"
202200000659,1,8,2022,21:30,2,14,14726,1,1,1,7,D311,"48,8277740000"," -0,7346030000"
202200000256,5,8,2022,19:10,1,59,59139,2,6,1,6,Boulevard du 8 Mai 1945,"50,1257279374","3,4225577116"
202200008682,3,8,2022,10:40,1,43,43163,2,3,1,7,Route du Midi,"45,2349480000","4,4072720000"
202200002880,4,7,2022,10:42,1,94,94081,2,1,1,3,PRESIDENT SALVADOR ALLENDE (AV DU),"48,7958630000","2,4110490000"
202200011560,3,9,2022,10:00,1,85,85006,1,1,1,4,RD40,"46,7564530000"," -1,7151920000"
202200047399,6,5,2022,16:30,1,56,56260,2,1,1,6,MONSABERT(BOULEVARD DU GENERAL DE),"47,6609780000"," -2,7810780000"
202200029586,21,1,2022,19:45,3,42,42197,1,1,9,6,Route de Boën,"45,7383460000","4,0682300000"
202200015039,23,12,2022,16:00,1,55,55120,1,1,3,6,DÉPARTEMENTALE 635,"48,7302090000","5,1034930000"
202200016799,3,2,2022,17:00,1,31,31555,2,9,1,1,NETWILLER (BOULEVARD ANDRE),"43,6414400000","1,4534400000"
202200046285,21,2,2022,16:15,1,50,50008,2,1,1,7,Village aux Telliers,"48,8427670000"," -1,5332690000"
202200029268,13,4,2022,14:45,1,75,75118,2,3,2,6,RUE DE CLIGNANCOURT,"48,8857060000","2,3474050000"
202200010617,1,8,2022,17:45,1,69,69383,2,2,1,3,Rue de la Bannière,"45,7549700000","4,8559900000"
202200019168,19,12,2022,14:40,1,92,92050,2,1,2,6,CLEMENCEAU GEORGES AVENUE N°IMPAIR,"48,8856000000","2,2200600000"
202200014043,11,10,2022,16:15,1,31,31555,2,3,1,3,RUE DES IFS,"43,5954100000","1,4892400000"
202200044830,18,8,2022,10:10,1,24,24370,1,1,1,1,Avenguda Del Peirigord,"44,8470840000","0,1350550000"
202200042579,22,2,2022,15:40,1,972,97213,1,1,1,4,AUTOROUTE A1,"14,6163800000"," -61,0154100000"
202200000175,8,8,2022,18:20,1,27,27229,2,3,1,3,BOTTOLIER (RUE),"49,0149600000","1,1603900000"
202200036436,7,12,2022,13:50,1,94,94038,1,1,1,2,AUTOROUTE A6B,"48,7733305121","2,3453806368"
202200028190,4,10,2022,09:37,1,92,92073,2,1,1,6,ROUSSEAU (RUE JEAN-JACQUES),"48,8641190000","2,2198780000"
202200028339,20,5,2022,08:30,1,93,93027,2,1,2,6,Avenue Waldeck Rochet,"48,9332700000","2,4006100000"
202200026898,6,3,2022,17:50,1,91,91434,2,1,7,2,ESCADRILLE NORMANDIE NIEMEN (AVENUE DE L,"48,6470500000","2,3446800000"
202200025611,21,6,2022,07:40,1,75,75117,2,4,8,6,RUE LEGENDRE,"48,8929217358","2,3270255327"
202200035915,1,10,2022,09:00,1,48,48082,1,1,1,6,Col de la Pierre Plantée,"44,5831700000","3,6455940000"
202200015407,4,2,2022,15:30,1,13,13211,2,1,1,1,VALBARELLE (BOULEVARD DE LA ),"43,2876300000","5,4487300000"
202200040994,13,6,2022,17:30,1,93,93047,2,2,1,3,Avenue Gabriel Péri / Avenue des Pervenches,"48,8872200000","2,5515900000"
202200049728,21,9,2022,12:20,1,75,75116,2,5,1,3,AVENUE DE LA GRANDE ARMEE,"48,8761910000","2,2871670000"
202200016967,3,2,2022,12:30,1,93,93001,2,1,1,1,LUCIEN LEFRANC (QUAI),"48,9111131140","2,3738525945"
202200028785,5,3,2022,12:40,1,93,93072,2,1,1,2,10 Avenue Paul Vaillant Couturier,"48,9551968516","2,3828090430"
202200033017,25,8,2022,19:45,1,71,71306,2,1,1,6,ALOUETTES (AVENUE DES),"46,6800036946","4,3600005805"
202200040593,14,6,2022,17:45,1,93,93055,2,2,1,3,Avenue Jean Lolive / Rue Ernest Renan,"48,8942480000","2,4186410000"
202200038873,25,2,2022,06:10,3,27,27701,1,1,2,7,RD6015,"49,2459000000","1,1916000000"
202200001296,8,8,2022,14:10,1,93,93048,2,3,1,3,Rue de Rosny / Rue Pierre de Montreuil,"48,8635200000","2,4498200000"
202200024623,24,7,2022,17:45,1,71,71313,1,1,1,7,La Lutarne,"46,9717460000","4,1994380000"
202200029256,13,4,2022,09:00,1,75,75117,2,1,2,3,BD PERIPHERIQUE EXTERIEUR,"48,8793790000","2,2813450000"
202200049339,4,5,2022,17:00,1,57,57463,2,1,1,7,GUYENNE (BOULEVARD DE ),"49,1111445000","6,2168013000"
202200001398,6,8,2022,12:00,1,44,44109,2,1,1,1,Boulevard Saint Aignan,"47,2069610000"," -1,5790920000"
202200051093,13,8,2022,12:35,1,76,76456,1,1,1,1,Rue du Bois Saint-Jacques,"49,6433527520","0,8429217337"
202200041451,31,3,2022,08:15,1,13,13210,1,1,1,2,A50-Sens Marseille vers Aubagne,"43,2843550000","5,4053650000"
202200052192,23,10,2022,22:00,3,38,38344,1,1,8,3,A7,"45,3749805448","4,8048019230"
202200006402,2,7,2022,01:40,5,94,94033,2,1,1,3,Avenue de la Belle Gabrielle,"48,8401612735","2,4664673179"
202200012919,23,12,2022,04:25,3,22,22278,2,1,2,1,CHAPTAL,"48,5070800000"," -2,7323300000"
202200055056,12,2,2022,21:25,5,77,77217,1,1,1,2,D319,"48,6828500000","2,6393100000"
202200014391,29,7,2022,14:12,1,19,19229,1,1,1,1,Avenue d Aquitaine,"45,1296970000","1,4419500000"
202200032749,3,3,2022,06:50,2,60,60315,1,2,1,3,intersection D1/D22,"49,4805610000","1,9002060000"
202200011821,9,4,2022,05:50,3,01,01004,1,1,1,6,D1075,"45,9589670000","5,3282830000"
202200008570,8,2,2022,16:26,1,49,49007,2,1,1,3,ROBERT BOULEVARD,"47,4771500000"," -0,5527300000"
202200035955,29,9,2022,09:40,1,77,77186,2,2,1,3,D210,"48,4134000000","2,7131000000"
202200002777,5,7,2022,10:15,1,91,91340,1,1,1,6,AUTOROUTE A6,"48,5962000000","2,4421700000"
202200036440,18,1,2022,08:35,1,93,93008,2,1,5,6,PROUDHON (RUE),"48,9141699410","2,4754647910"
202200029760,7,11,2022,01:30,5,69,69382,2,1,1,6,Quai Maréchal Joffre,"45,7522900000","4,8245000000"
202200046657,10,6,2022,01:40,5,92,92025,2,3,1,3,VALMY (BD DE),"48,9260832666","2,2530077621"
202200005596,30,12,2022,00:40,5,68,68166,2,1,2,6,MULHOUSE (FAUBOURG DE),"47,7896700000","7,3358100000"
202200044068,1,12,2022,09:45,1,13,13209,2,3,1,1,REDON (BOULEVARD DU),"43,2456779637","5,4260754157"
202200029105,30,8,2022,14:15,1,94,94069,1,1,1,3,A4,"48,8165048505","2,4525248344"
202200020141,14,11,2022,15:30,1,13,13047,1,1,2,5,RD 569,"43,5395000000","4,9739500000"
202200036760,17,1,2022,07:45,1,13,13211,2,1,1,2,RTE D' ALLAUCH,"43,3060000000","5,5020000000"
202200052470,9,7,2022,17:40,1,10,10034,2,1,1,7,Chemin de la Sainte Fontaine,"48,1131480000","4,3832870000"
202200023180,3,9,2022,05:40,5,93,93050,2,1,1,6,Rue Duguay Trouin,"48,8637900000","2,5360800000"
202200037925,27,9,2022,08:05,1,64,64335,2,1,2,3,Boulevard de l'Europe,"43,3295938037"," -0,4467487335"
202200012140,12,10,2022,19:00,1,43,43141,2,1,1,6,Avenue des Cévennes,"45,1748980000","4,3112970000"
202200044952,29,10,2022,06:00,3,68,68298,1,1,1,7,Haut de Faite,"48,2465980000","7,1433420000"
202200009206,27,12,2022,12:50,1,14,14242,2,2,7,3,D7,"49,2191070000"," -0,3666350000"
202200042055,4,12,2022,03:14,5,93,93005,2,6,1,2,Carrefour de l’Europe,"48,9510000000","2,4850000000"
202200044815,31,3,2022,06:00,5,29,29019,2,1,2,6,Rue Mathieu Donnart,"48,3999380000"," -4,4864030000"
202200012728,17,11,2022,11:05,1,57,57463,2,1,2,7,ALLIES (RUE DES),"49,1301000000","6,1651000000"
202200013974,28,6,2022,08:45,1,974,97411,1,1,1,1,BOIS ROUGE (CHEMIN DE)," -20,9247400000","55,4902300000"
202200007668,19,3,2022,22:00,5,13,13213,2,1,1,3,OLIVES (AVENUE DES),"43,3262749954","5,4391037790"
202200052682,6,5,2022,09:30,1,974,97411,2,1,1,6,LECONTE DE LISLE (AVENUE)," -20,8928000000","55,4833500000"
202200035205,26,8,2022,17:40,1,25,25532,1,1,2,7,N57,"47,2112900000","6,0962320000"
202200009406,28,4,2022,13:15,1,84,84073,1,1,1,1,D3,"43,8404240000","5,2013500000"
202200051325,9,5,2022,07:00,1,08,08145,2,1,1,7,d 964,"49,6672490000","5,0443550000"
202200028274,4,10,2022,14:50,1,85,85302,2,1,1,7,21 Rue de la motte,"46,9535030000"," -1,0075240000"
202200011386,20,2,2022,06:13,5,02,02549,1,1,8,6,178 Route de la Fere,"49,8193400000","3,3118100000"
202200033753,4,11,2022,07:50,2,27,27229,2,1,1,2,JACQUARD (RUE),"49,0020084929","1,1462000000"
202200046036,7,7,2022,08:50,1,69,69387,2,1,1,6,Boulevard Yves Farge,"45,7420800000","4,8332200000"
202200022696,25,5,2022,11:30,1,77,77122,1,1,1,6,RN104,"48,6522560000","2,6134660000"
202200013460,14,3,2022,08:55,1,54,54395,2,1,1,3,OUDINOT (RUE DU MAL),"48,6743731871","6,1796727777"
202200047787,22,9,2022,19:15,1,29,29227,1,1,1,3,Lieu Dit les Chenes,"48,3272320000"," -3,6254980000"
202200046914,25,10,2022,11:00,1,83,83123,2,1,1,6,DEUXIEME SPAHIS (AVENUE DU),"43,1198000000","5,8016200000"
202200037971,13,5,2022,10:40,1,91,91228,2,6,1,5,AVENUE SERGE DASSAULT,"48,6199430000","2,4520200000"
202200045830,23,9,2022,22:30,3,36,36224,1,1,1,6,,"46,7367601648","1,0048976541"
202200006417,2,7,2022,09:00,1,92,92035,2,1,1,5,République ( boulevard de la ),"48,9065459865","2,2470836341"
202200007637,28,12,2022,16:39,1,92,92002,2,1,2,6,CHATENAY (RUE DE),"48,7597334312","2,2893724143"
202200005897,30,12,2022,22:47,3,89,89307,1,2,1,7,,"47,8906240000","3,7115200000"
202200025454,28,4,2022,17:45,1,77,77438,1,1,1,2,A104,"48,8715490000","2,6706000000"
202200009634,26,12,2022,11:00,1,45,45285,2,3,1,1,159 Rue Charles Beauhaire,"47,9162126087","1,8648304939"
202200026257,8,11,2022,15:30,1,33,33036,2,1,1,6,Rue du Palais de Justice,"44,4327760000"," -0,2140940000"
202200054695,5,5,2022,08:40,1,33,33318,2,3,1,3,Avenue du Maréchal de Lattre de Tassigny (rd),"44,7808100000"," -0,6923200000"
202200005810,29,4,2022,21:40,2,27,27309,1,1,1,5,pk 14 D68,"48,8745503779","1,3692427575"
202200044914,21,2,2022,07:40,1,83,83137,1,1,1,3,A50,"43,1265309606","5,8945813177"
202200047064,27,2,2022,10:45,1,77,77510,2,3,1,3,D21 / D88,"48,8156560000","2,7927750000"
202200047067,23,10,2022,17:57,1,48,48095,1,1,8,7,RD 42,"44,5284200000","3,4360800000"
202200035180,26,2,2022,14:30,1,66,66024,1,1,1,2,A9 - Sens France / Espagne - PK 271+400,"42,5284010000","2,8217270000"
202200049391,7,1,2022,22:45,5,01,01275,2,1,2,6,A42  4.020 A 4.353   GEN/LYON,"45,8079440000","4,9292000000"
202200014636,12,11,2022,21:55,5,63,63284,1,6,1,6,rond point de Champ Lamet,"45,7849856117","3,2139569521"
202200041540,12,5,2022,12:15,1,13,13041,1,1,1,3,D7,"43,4713590000","5,4586870000"
202200034738,28,2,2022,19:10,3,69,69199,1,1,1,4,Autoroute 7,"45,6905300000","4,8457000000"
202200049122,29,3,2022,02:00,5,75,75113,2,1,1,3,BD PERIPHIQUE EXTERIEUR,"48,8241170000","2,3833990000"
202200026994,6,3,2022,11:24,1,92,92050,1,1,1,2,A86,"48,9154302971","2,2202267987"
202200028121,7,11,2022,19:15,5,04,04070,2,1,1,7,verdun ( avenue de ),"44,0877200000","6,2185000000"
202200027829,9,11,2022,09:00,1,94,94076,2,3,1,1,KARL MARX (AV),"48,7846000000","2,3546300000"
202200021042,9,3,2022,15:45,1,87,87085,2,1,1,6,DELESCLUZE (RUE),"45,8271500000","1,2620700000"
202200028014,7,11,2022,17:48,2,87,87050,2,3,1,2,BEL-FONT (RUE DE),"45,8674700000","1,2382000000"
202200004610,4,7,2022,05:30,3,01,01273,1,1,1,6,D42,"46,1049820000","5,3891780000"
202200012792,21,5,2022,14:40,1,987,98735,1,8,1,6,TIPAERUI (CV QTIER PINAI)," -17,5509500000"," -149,5760100000"
202200002343,18,10,2022,05:50,1,976,97611,2,1,1,6,mamoudzou centre-Rassi Boina Kaïm (rue)," -12,7848700000","45,2282000000"
202200019971,7,10,2022,01:30,5,971,97114,1,4,1,3,RN1 LA ROSE,"16,1478230000"," -61,5835620000"
202200015608,9,9,2022,16:40,1,80,80417,1,2,1,5,D1029,"49,8731760000","2,6856420000"
202200013375,21,12,2022,13:10,1,69,69264,2,1,1,2,Avenue de l’Europe,"45,9885358145","4,7433614731"
202200035643,29,10,2022,18:55,1,12,12013,2,1,1,7,JAURES JEAN (PLACE),"44,5271097942","2,2466343642"
202200039017,14,6,2022,15:00,1,2B,2B033,2,1,1,3,AV DE LA LIBERATION,"42,6848000000","9,4450000000"
202200025148,4,3,2022,17:55,1,92,92012,2,2,1,7,CHATEAU (RUE DU) 1/125 - 2/136,"48,8445117393","2,2514336407"
202200031569,19,6,2022,09:50,1,06,06003,1,1,1,1,Col de Castellaras (Col de montagne),"43,7840490000","6,8325330000"
202200051286,6,1,2022,20:26,3,28,28015,1,1,1,3,Autoroute A 11 PK 037+800,"48,5100370000","1,7490580000"
202200005380,4,6,2022,13:00,1,01,01053,2,7,1,3,NEUVE ( PLACE),"46,2052700000","5,2270800000"
202200024435,10,11,2022,18:10,3,94,94033,2,1,1,4,Rue la Fontaine,"48,8585200000","2,4770000000"
202200032247,11,12,2022,18:30,3,77,77121,1,1,1,2,A4,"48,8322500000","2,6658600000"
202200039983,14,1,2022,08:30,1,78,78551,1,1,1,5,POISSY (DE),"48,9396238000","2,0837663000"
202200027280,22,6,2022,09:45,1,03,03146,1,1,1,7,Lieu Dit Bel Air,"46,6706870000","3,0776740000"
202200009710,19,3,2022,14:20,1,83,83056,1,1,1,3,rd54,"43,5611347830","6,5125753284"
202200051658,20,9,2022,11:55,1,28,28134,2,1,1,3,BARTHOU (RUE LOUIS),"48,7247700000","1,3729000000"
202200002502,18,10,2022,07:51,2,49,49007,2,2,1,3,PASTEUR AVENUE,"47,4801200000"," -0,5259900000"
202200016758,2,2,2022,18:25,1,65,65440,2,1,1,3,PORTAIL D'AVANT (RUE),"43,2328900000","0,0820400000"
202200013711,6,9,2022,08:47,1,45,45182,1,1,1,6,D15 PR 23 + 635,"47,6751950000","1,7811640000"
202200016354,15,11,2022,13:25,1,75,75114,2,2,2,6,RUE MOUTON DUVERNET,"48,8320140000","2,3274260000"
202200033836,18,5,2022,08:45,1,94,94069,2,1,1,6,116bis Rue du Maréchal Leclerc,"48,8179500000","2,4413000000"
202200038643,15,7,2022,00:20,3,85,85022,1,2,1,6,VC Rue de l'Océan,"46,4340760000"," -1,4780634000"
202200015585,15,12,2022,20:45,5,73,73065,2,4,2,6,COMTE VERT (AVENUE DU),"45,5700485224","5,9159065693"
202200025949,5,10,2022,20:23,3,12,12206,1,1,1,6,D525,"44,4597680000","2,2571060000"
202200003095,6,8,2022,20:30,1,72,72025,1,1,1,6,la gourderie 72200,"47,6605530000"," -0,1821650000"
202200006126,13,9,2022,15:10,1,29,29019,2,3,1,5,route de Roc'h Glas,"48,4300257672"," -4,5006877184"
202200003645,4,6,2022,09:40,1,50,50165,1,9,1,3,CHAMP DE COURSE (RUE DU),"48,8592600000"," -1,5746000000"
202200030996,27,8,2022,15:15,1,13,13210,2,1,1,3,CAPELETTE (AVENUE DE LA),"43,2821400000","5,4041000000"
202200035562,4,11,2022,15:20,1,78,78346,1,1,1,6,D928,"48,9152300000","1,5755830000"
202200031260,18,6,2022,21:00,2,43,43157,1,1,1,7,Chemin des Gardes,"45,0241700000","3,9094400000"
202200033217,21,1,2022,09:00,1,92,92024,2,1,8,3,MARTRE (RUE) DE (59 A 109)   (58 A 120),"48,9041905805","2,3050070107"
202200012949,18,3,2022,15:25,1,69,69141,2,3,8,1,Boulevard du Pilat,"45,6159510000","4,6746240000"
202200024759,22,5,2022,15:40,1,76,76217,2,1,1,1,AVENUE JEAN RIBLET,"49,9216451533","1,0938526325"
202200002947,6,8,2022,10:50,1,32,32013,1,1,1,6,FONTAINE (PLACE DE LA),"43,6356600000","0,5926300000"
202200024369,24,5,2022,19:15,1,63,63210,2,1,2,3,Route du Pont de Crevant Goslard,"45,9210050000","3,3437600000"
202200035637,4,11,2022,00:15,5,13,13212,2,1,2,7,PEINTRES ROUX (AVENUE DES),"43,3037721030","5,4729123348"
202200047669,21,9,2022,02:05,5,75,75120,2,4,1,6,ECHANGEUR LILAS,"48,8752800000","2,4103760000"
202200031929,2,10,2022,16:25,1,91,91434,2,1,2,3,ELSA TRIOLET (SQUARE),"48,6650300000","2,3435000000"
202200044117,3,12,2022,18:00,5,75,75116,2,1,1,3,AVENUE VICTOR HUGO,"48,8682050000","2,2818800000"
202200029540,3,4,2022,11:45,1,76,76758,2,6,1,3,Rue Joseph Coddeville,"49,6135880000","0,7617150000"
202200028498,28,11,2022,19:05,3,49,49020,1,1,2,1,chemin du pont,"47,4579100000"," -0,6407260000"
202200005099,23,11,2022,18:30,5,50,50025,2,1,2,6,8 Boulevard du Luxembourg (Avranches),"48,6773890000"," -1,3550200000"
202200038435,15,1,2022,05:00,5,59,59392,2,9,5,6,ERMITAGE (RUE DE L'),"50,2721553536","3,9453942775"
202200002060,19,10,2022,09:15,1,94,94033,2,1,1,7,Avenue Rabelais,"48,8520140000","2,4766390000"
202200037596,3,11,2022,06:34,2,30,30059,1,1,1,2,D6572,"43,6871750000","4,2286980000"
202200038429,14,7,2022,16:00,1,95,95280,2,1,1,1,Rue Ambroise Croizat,"49,0212921574","2,4533790350"
202200041631,20,4,2022,23:30,5,32,32013,2,6,1,3,rond point des justes,"43,6638300000","0,5981900000"
202200007250,29,4,2022,07:55,1,56,56098,2,6,1,6,PAPIN (RUE DENIS),"47,7829700000"," -3,3380610000"
202200032593,13,7,2022,08:45,2,29,29165,1,3,1,1,D102 - Rue de Lesconil,"47,8168442839"," -4,2292141913"
202200039651,12,4,2022,22:10,3,79,79172,1,1,1,3,,"46,5062520000"," -0,3357300000"
202200024869,15,12,2022,19:05,3,92,92012,2,1,1,3,YVES KERMEN (RUE) 51/FIN - 40/FIN,"48,8257643737","2,2466174662"
202200049412,7,1,2022,15:50,1,69,69034,2,1,8,2,40 Rue Coste,"45,7850828748","4,8333138227"
202200041776,12,1,2022,14:10,1,38,38563,2,2,1,6,BRIAND (RUE A.),"45,3690000000","5,5820000000"
202200036811,16,7,2022,02:30,5,2A,2A249,2,1,1,6,route de la corniche - T402,"41,6769710000","8,9098420000"
202200009176,1,6,2022,17:20,1,94,94022,2,9,1,2,Avenue de Newburn,"48,7559473319","2,4110183711"
202200045459,8,5,2022,04:00,5,76,76165,2,1,1,6,Rue de la Porte Verte,"49,2849700000","1,0276900000"
202200023210,7,3,2022,16:10,1,91,91223,2,6,1,3,BONNEVAUX (AVENUE DE),"48,4288700000","2,1581900000"
202200036399,18,1,2022,10:25,1,75,75118,2,2,1,3,BOULEVARD NEY,"48,8976220000","2,3290980000"
202200027189,31,8,2022,21:15,3,49,49244,1,1,3,6,L'Éventail (Montjean-sur-Loire),"47,3780540000"," -0,8454750000"
202200032387,19,7,2022,17:18,1,53,53096,1,1,7,1,RN12,"48,2982690000"," -0,9015570000"
202200045832,24,9,2022,02:50,3,24,24520,1,9,8,6,Avenue du Colonel Kauffmann,"44,9024560000","1,2070690000"
202200016356,16,11,2022,17:20,5,75,75113,2,2,2,3,AVENUE CLAUDE REGAUD,"48,8215450000","2,3724690000"
202200002226,2,6,2022,17:15,1,973,97307,1,1,1,6,Machloc / MecaDeal (Bricolage),"4,8959930000"," -52,3292970000"
202200040874,25,2,2022,15:50,1,63,63148,2,1,1,2,Route de Clermont,"45,8927410000","3,2246110000"