Accident_Id,jour,mois,an,hrmn,lum,dep,com,agg,int,atm,col,adr,lat,long
202200049952,17,2,2022,12:30,1,94,94028,1,1,1,3,A86 EXT,"48,7967800000","2,4438200000"
202200039687,14,5,2022,15:20,1,37,37261,2,1,1,4,NAPOLEON (PONT),"47,3987600000","0,6756500000"
202200039770,27,9,2022,09:40,1,92,92047,1,1,2,4,A13,"48,8329114762","2,1582348586"
202200020463,1,2,2022,09:00,1,91,91161,1,1,2,6,AUTOROUTE A6,"48,7149900000","2,3091700000"
202200004404,14,9,2022,23:05,5,93,93031,2,3,1,2,Avenue Salvador Allende / Avenue de Lattre de Tassigny,"48,9571700000","2,3097200000"
202200007552,1,6,2022,08:30,1,11,11328,1,1,1,3,D623,"43,1179171548","2,1411011115"
202200014960,15,3,2022,07:30,1,93,93073,2,1,2,6,Route de Roissy,"48,9833412797","2,5541600436"
202200018112,9,10,2022,10:25,1,55,55562,2,2,1,2,D111,"48,6199100000","5,2915160000"
202200002733,16,9,2022,21:25,3,66,66189,1,4,6,3,,"42,6560230000","2,9259900000"
202200048619,14,8,2022,00:40,5,94,94019,2,1,1,7,62bis Rue de Champigny,"48,7951930000","2,5245400000"
202200020240,16,11,2022,12:25,1,29,29094,1,1,3,1,Lieu-Dit Kergunic,"48,5943510000"," -4,3346510000"
202200000045,21,10,2022,06:45,5,93,93055,2,1,3,2,Avenue Jean Jaurès,"48,9047840348","2,3934013165"
202200007223,1,6,2022,14:05,1,16,16015,2,6,1,2,Boulevard de Bigorre,"45,6296960000","0,1439400000"
202200012056,13,10,2022,19:27,3,26,26338,1,1,2,5,Autoroute A7,"44,5782410000","4,8062610000"
202200029124,22,8,2022,11:30,1,87,87085,2,1,1,6,BROGLIE (AVENUE LOUIS DE),"45,8821100000","1,2901400000"
202200001191,5,7,2022,12:31,1,75,75106,2,1,1,1,RUE DANTON,"48,8523000000","2,3415000000"
202200001595,25,3,2022,01:30,3,62,62454,2,1,1,6,Rue du 8 Mai 1945,"50,5758720000","2,6247670000"
202200046041,3,12,2022,11:30,1,64,64422,1,1,2,6,pk 138 D918,"43,1223500000"," -0,5433910000"
202200005415,3,5,2022,07:10,1,59,59034,2,1,7,3,Rue de Lille,"50,5414970000","3,0835320000"
202200030410,21,7,2022,09:20,1,83,83016,1,1,1,3,,"43,1897520000","5,8144930000"
202200040443,21,7,2022,22:00,5,92,92036,2,1,1,7,MAURICE GUY,"48,9242445617","2,3040137887"
202200045050,1,4,2022,12:50,2,92,92012,2,1,2,6,JEAN JAURES (BOULEVARD) 63/215 - 70/208,"48,8354278134","2,2424232960"
202200031344,11,4,2022,09:00,1,69,69388,2,1,1,2,Avenue Jean Mermoz,"45,7361555351","4,8702670808"
202200001591,23,3,2022,12:25,1,92,92012,2,2,1,3,REINE (ROUTE DE LA) 1/37- 6/80,"48,8392025193","2,2455467284"
202200009725,27,4,2022,15:20,1,25,25388,2,3,7,3,HOLLANDE (RUE DE LA PETITE),"47,5038800000","6,7948000000"
202200046272,9,6,2022,20:34,1,66,66136,2,1,1,1,PAS-DE-LA-PAILLE (CHEMIN DU),"42,6861700000","2,8662700000"
202200014310,11,10,2022,10:20,1,64,64545,2,1,1,1,RD810,"43,3755531463"," -1,6776680946"
202200006619,29,6,2022,20:48,1,49,49099,1,1,9,1,RD960,"47,0802700000"," -0,8283900000"
202200010936,18,11,2022,07:40,2,64,64335,2,6,8,4,D816,"43,3580000000"," -0,4143400000"
202200037705,14,5,2022,15:45,1,57,57498,2,3,1,7,Rue Emile Zola,"49,3177720000","6,0210870000"
202200050233,14,8,2022,18:00,1,50,50433,1,1,1,6,Route de la Saire,"49,6176750000"," -1,2649750000"
202200001517,29,4,2022,17:25,1,67,67482,2,8,1,6,SCHUTZENBERGER (AVENUE),"48,5956887204","7,7586288750"
202200020182,15,11,2022,19:43,5,93,93046,2,2,2,1,Boulevard Gutenberg / Avenue Vauban,"48,9129700000","2,5184200000"
202200047370,9,5,2022,10:16,1,83,83069,2,1,1,1,ANQUETIL ( CHEMIN JACQUES ),"43,0953641665","6,1278389767"
202200040209,4,12,2022,05:20,5,06,06088,2,1,2,1,PHOCEENS (AV. DES),"43,6951000000","7,2688000000"
202200028535,20,7,2022,05:49,2,31,31044,2,1,1,6,avenue de castres,"43,5964540000","1,4989100000"
202200050202,13,8,2022,22:30,3,58,58134,1,1,1,6,D18,"46,9540491529","3,2916095853"
202200000245,6,8,2022,17:00,1,13,13081,2,6,1,3,Avenue de Verdun/ D55,"43,4861990000","5,2302550000"
202200051551,9,7,2022,15:00,1,62,62113,2,1,1,7,D82,"50,3442070000","2,5415000000"
202200037258,14,6,2022,09:20,1,94,94019,2,1,1,2,Rue Aristide Briand,"48,8030000000","2,5323000000"
202200040995,23,2,2022,14:20,1,2A,2A004,2,2,1,3,T22,"41,9323100000","8,7406000000"
202200007439,28,12,2022,19:40,3,2A,2A004,1,1,1,7,CASTELLUCCIO ROUTE,"41,9343707230","8,7191635966"
202200041420,31,10,2022,07:40,1,83,83068,1,1,1,6,Carrefour du Réveil (Jonction),"43,2694090000","6,5410440000"
202200018442,27,5,2022,17:55,1,45,45234,2,3,7,3,204 Rue du Faubourg Saint-Vincent,"47,9152242452","1,9168125987"
202200025756,26,1,2022,23:25,5,77,77291,2,2,1,3,rue de New York,"49,0119865622","2,5755418520"
202200030031,29,9,2022,16:45,1,67,67482,2,3,1,3,ABBE LEMIRE (RUE DE L ),"48,5807400000","7,7236500000"
202200004096,18,10,2022,20:40,5,92,92040,2,1,1,6,BARA,"48,8335490712","2,2673276067"
202200009983,10,9,2022,22:30,5,92,92046,2,3,1,7,MARECHAL LECLERC (AVENUE DU),"48,8207300000","2,3099500000"
202200031384,11,4,2022,13:10,1,78,78498,1,1,1,2,PONTOISE AV DE,"48,9412000000","2,0578700000"
202200054106,6,7,2022,19:45,1,50,50041,1,6,1,3,rond point de la croix bézuel,"49,6641280000"," -1,8484300000"
202200030607,9,12,2022,19:10,5,45,45068,2,1,8,4,36 Rue du 23 Août 1944,"48,0081400000","2,7223000000"
202200034014,30,9,2022,19:30,5,13,13210,2,1,1,3,ROMAIN ROLLAND (BOULEVARD),"43,2754466390","5,4165041317"
202200033652,6,11,2022,12:30,1,57,57534,2,1,1,7,Rue des Fours à Chaux,"49,0717971938","6,2276776135"
202200034911,17,6,2022,17:15,1,94,94038,1,1,1,2,AUTOROUTE A6B,"48,7889285400","2,3451101160"
202200052456,19,9,2022,22:10,3,38,38487,1,1,1,2,A7N   22.950 A 25.770,"45,5662289596","4,8172248347"
202200044011,16,9,2022,07:45,1,976,97611,2,1,2,6,mamoudzou centre-Rassi Boina Kaïm (rue)," -12,7845400000","45,2291800000"
202200052367,14,2,2022,19:10,5,33,33249,2,3,8,6,Place de l’Eglise,"44,8776300000"," -0,5318100000"
202200029381,19,6,2022,03:10,5,69,69387,2,1,1,6,Avenue Tony Garnier,"45,7314100000","4,8239300000"
202200006282,9,9,2022,18:30,1,01,01301,2,3,2,1,296 avenue de la gare,"46,2458680000","5,1246980000"
202200013500,27,4,2022,18:30,1,67,67205,2,6,7,3,Rue du Ried,"48,6906610000","7,7847920000"
202200019182,11,3,2022,07:20,1,26,26198,2,3,1,3,ESPOULETTE (Avenue d'),"44,5556700000","4,7572700000"
202200048727,9,6,2022,13:05,1,92,92049,2,1,1,6,GINOUX AVENUE HENRI AUTRES N°,"48,8151833439","2,3206611871"
202200023174,9,3,2022,05:50,3,92,92050,1,1,1,6,A86,"48,9065130000","2,2111820000"
202200030636,11,12,2022,21:35,5,75,75119,2,1,1,2,PORTE D AUBERVILLIERS,"48,9006060000","2,3739330000"
202200016160,12,10,2022,03:30,5,76,76550,2,2,5,6,2 Route de la Forêt,"49,3584410000","0,9456610000"
202200011467,16,3,2022,16:30,1,94,94068,2,1,1,6,22 Avenue du Raincy,"48,7875600000","2,4802800000"
202200007756,19,3,2022,05:53,5,93,93005,2,6,1,1,Cours Salvador Allende / Carrefour Jean Monnet,"48,9546130092","2,5100700651"
202200034497,17,7,2022,17:40,1,92,92002,1,9,1,6,N385,"48,7604096936","2,2918195149"
202200040849,7,8,2022,20:15,1,50,50564,2,2,1,1,Le Vivier,"49,2408510000"," -1,3202480000"
202200023319,2,9,2022,15:45,1,974,97416,1,9,1,3,RN3 (ANCIENNE ROUTE)," -21,3000000000","55,5000000000"
202200020821,25,5,2022,09:20,1,77,77285,2,1,1,4,D606,"48,5442620000","2,6455150000"
202200047018,26,10,2022,09:00,1,69,69266,2,1,1,6,276 Cours Emile Zola,"45,7671592791","4,8923975229"
202200051227,8,5,2022,06:20,1,31,31555,1,1,1,6,CHE DU PONT DE RUPE,"43,6562700000","1,4139600000"
202200017508,17,12,2022,18:30,3,34,34108,1,1,1,3,D612,"43,4290900000","3,7534300000"
202200054381,5,6,2022,18:45,1,63,63013,1,1,1,1,D2009,"45,9726290000","3,1792440000"
202200024666,21,5,2022,21:00,2,60,60612,1,1,1,7,D1017,"49,2249014166","2,5884829759"
202200046768,11,6,2022,14:15,1,12,12165,1,1,1,6,D904,"44,5002630000","2,5787620000"
202200001428,7,8,2022,05:03,5,92,92026,2,7,1,3,CHARRAS,"48,8941778966","2,2505246401"
202200023487,21,6,2022,18:30,1,92,92025,2,2,1,3,CHARLES DE GAULLE (BD),"48,9146201666","2,2290457785"
202200049203,10,5,2022,14:05,1,47,47265,1,1,1,3,L Homme Mort,"44,4745530000","0,6101810000"
202200014326,24,6,2022,08:50,1,54,54557,1,1,1,5,Autoroute A 31,"48,6917600000","6,0438700000"
202200038696,26,2,2022,10:30,1,93,93064,1,1,1,2,A86,"48,8783840167","2,4766059319"
202200050576,20,9,2022,16:15,1,69,69386,2,2,1,7,Rue Vauban,"45,7648800000","4,8435700000"
202200014372,11,10,2022,18:30,1,15,15014,2,1,1,5,PONT ROUGE (BOULEVARD DU),"44,9292100000","2,4489000000"
202200047152,11,5,2022,13:40,1,94,94073,2,1,1,1,42 Rue Paul Vaillant Couturier,"48,7614600000","2,3936200000"
202200019345,11,3,2022,14:00,1,92,92064,2,2,2,6,DAILLY,"48,8459466290","2,2187876701"
202200008533,9,2,2022,11:35,1,974,97416,2,1,1,5,VERGES (AVENUE LAURENT)," -21,2984480000","55,4568040000"
202200012064,28,6,2022,18:50,1,93,93005,1,1,1,3,AUTOROUTE A3,"48,9610900000","2,4736200000"
202200034561,20,1,2022,07:45,2,75,75120,2,2,1,3,AVENUE GAMBETTA,"48,8649620000","2,3955460000"
202200044880,18,8,2022,20:14,2,73,73248,2,2,1,3,D1006,"45,2763760000","6,3594110000"
202200048244,19,2,2022,15:55,1,71,71150,1,1,1,2,"Autoroute A6, PK 397+200, sens LYON/PARIS","46,2325040000","4,7943200000"
202200022647,26,7,2022,09:25,1,74,74003,1,6,1,2,D16,"45,8916290000","6,2509950000"
202200032019,1,10,2022,16:15,1,75,75116,2,7,1,6,AVENUE DE VERSAILLES,"48,8477420000","2,2740580000"
202200000647,17,1,2022,10:25,1,54,54318,2,3,1,6,D90B,"48,7706159050","6,0540086039"
202200040694,15,6,2022,08:30,1,29,29268,1,1,1,4,N12,"48,4726168699"," -4,3243660811"
202200008064,14,9,2022,00:22,3,02,02816,2,1,2,6,73 Rue Saint Denis,"49,1765940000","3,5333650000"
202200041933,25,9,2022,20:50,3,13,13117,1,1,1,6,EUROCOPTER CD 20,"43,4301900000","5,2345300000"
202200045787,23,9,2022,17:55,1,94,94041,2,1,1,6,44 Avenue de Verdun,"48,8118400000","2,3710100000"
202200041453,3,4,2022,22:45,3,13,13071,1,1,1,2,A7-Sens Marseille vers Lyon,"43,4067670000","5,3279580000"
202200008141,15,10,2022,20:05,3,17,17283,1,1,1,2,D732,"45,5732420000"," -0,5718040000"
202200018024,25,6,2022,21:05,1,94,94076,2,2,1,3,PAUL VAILLANT COUTURIER (AV),"48,7949832196","2,3543432823"
202200032827,1,3,2022,16:45,1,2A,2A004,1,1,1,4,T20,"41,9376783860","8,8037400842"
202200025467,16,4,2022,12:00,1,91,91340,1,1,1,3,RN 104,"48,6054500000","2,4395300000"
202200016002,24,4,2022,11:30,1,45,45329,1,2,1,3,D162 - PR 6+930,"47,9192830000","2,9728420000"
202200017340,11,3,2022,16:30,1,85,85191,1,1,1,2,DEPARTEMENTALE 160,"46,6691970000"," -1,4602830000"
202200038490,14,7,2022,06:18,1,28,28229,1,1,1,1,D939,"48,4581200000","1,4457400000"
202200021081,25,2,2022,17:10,1,68,68297,2,1,1,1,FREUND ( RUE ALEXANDRE ),"47,5890200000","7,5540100000"
202200023208,7,3,2022,20:00,5,91,91174,2,1,1,4,BD JEAN JAURES,"48,6080190000","2,4646650000"
202200016679,27,5,2022,16:00,1,21,21615,1,1,1,6,"RN 906, lieu dit Maupas, PK 35+050","47,2116100000","4,3571520000"
202200006407,2,7,2022,18:10,1,93,93078,2,1,1,2,Boulevard Robert Ballanger,"48,9550200000","2,5375200000"
202200028972,4,3,2022,08:40,1,93,93048,2,1,1,2,89 Bd Paul Vaillant Couturier,"48,8679100000","2,4464600000"
202200008184,30,6,2022,20:30,5,973,97302,2,1,1,6,SOURCE DE BADUEL (CHEMIN DE LA),"4,9262000000"," -52,3055400000"
202200043892,24,9,2022,12:30,1,93,93005,2,5,1,1,Rue Jean Charcot / Avenue Anatole France / Boulevard de l'Hôtel de Ville,"48,9358309021","2,4939300716"
202200028847,5,3,2022,15:20,1,94,94034,1,1,1,2,AUTOROUTE A86,"48,7603400000","2,3200200000"
202200046625,16,8,2022,20:25,1,76,76688,2,1,1,7,Route de Valmont,"49,7415520000","0,5108210000"
202200004296,17,10,2022,12:20,1,69,69029,2,1,1,3,Avenue Franklin Roosevelt,"45,7322900000","4,9122900000"
202200018795,27,7,2022,08:53,1,92,92012,2,1,1,3,REINE (ROUTE DE LA) 1/37- 6/80,"48,8394169219","2,2430745363"
202200018399,9,11,2022,12:35,1,59,59009,2,2,1,3,BABYLONE RUE DE,"50,6580200000","3,1409200000"
202200048860,14,8,2022,12:15,1,68,68296,2,1,1,2,2 Rue du Haut Koenigsbourg,"48,2325400000","7,3660250000"
202200045691,10,1,2022,09:45,1,75,75105,2,5,8,3,RUE DU CARDINAL LEMOINE,"48,8465941000","2,3516450000"
202200024861,15,12,2022,16:50,5,93,93001,2,2,8,3,Rue des Cités / Avenue de la République,"48,9080000000","2,3878100000"
202200005631,29,4,2022,16:25,1,13,13207,2,2,1,3,Corniche John Fitzgérald Kennedy,"43,2700000000","5,3655100000"
202200036792,27,2,2022,11:50,1,38,38069,1,2,1,1,D1085,"45,4367410000","5,2983730000"
202200028423,13,12,2022,14:15,1,38,38030,1,3,2,3,Route de la Gare de Rives,"45,3456310000","5,4838090000"
202200002306,19,10,2022,22:00,3,76,76001,1,1,1,6,D6015,"49,6131570000","0,6624410000"
202200000710,15,12,2022,08:30,1,55,55545,2,6,1,6,DOUAUMONT ( AVENUE DE ),"49,1606200000","5,3889900000"
202200021293,10,3,2022,08:00,1,72,72346,2,1,1,6,Rue du Pont,"47,8898770000","0,0285660000"
202200046537,19,2,2022,18:25,2,33,33529,2,6,2,3,CAP OCEAN (rue),"44,6349000000"," -1,1518900000"
202200012994,17,3,2022,12:40,1,94,94028,1,1,1,2,A86 EXT,"48,8007000000","2,4470700000"
202200044814,17,8,2022,23:50,5,04,04145,2,1,3,6,Les Bons Enfants,"44,1590640000","5,9506150000"
202200011107,17,3,2022,23:20,5,54,54547,2,1,1,6,REMICH (RUE DE),"48,6671700000","6,1684400000"
202200031878,17,5,2022,19:42,2,75,75114,2,1,2,6,AVENUE MAURICE D OCAGNE,"48,8248670000","2,3122180000"
202200000627,21,10,2022,06:00,3,73,73162,1,1,2,6,D1090,"45,6073430000","6,2831070000"
202200024964,8,3,2022,19:15,5,75,75110,2,3,1,3,BOULEVARD DE MAGENTA,"48,8731815075","2,3588560691"
202200039786,14,5,2022,20:10,1,14,14333,1,1,1,3,D580,"49,4126000000","0,2713300000"
202200023896,23,9,2022,13:35,1,45,45198,1,2,1,3,D2152 PK 13 + 350,"48,2137640000","2,2993830000"
202200050556,7,6,2022,13:50,1,35,35055,2,1,1,6,STADE (ALLEE DU),"48,0913616182"," -1,6188636795"
202200040462,12,7,2022,19:03,1,92,92014,2,1,1,4,GENERAL LECLERC (AV.) (57 A 135 - 50 A 1,"48,7770288106","2,3142887950"
202200008050,14,9,2022,18:10,1,74,74256,1,1,1,7,Avenue de geneve,"45,9674830000","6,6301630000"
202200002839,4,7,2022,08:40,1,59,59009,2,1,1,3,JAURES JEAN RUE AVANT LE N°5 AU RPT GHIS,"50,6559600000","3,1331600000"
202200037386,3,11,2022,08:33,1,92,92046,2,9,8,7,CAMELINAT,"48,8176027256","2,2931183875"
202200045417,11,5,2022,09:53,1,69,69281,1,1,1,2,Autoroute 46,"45,6291400000","4,8934000000"
202200003779,22,3,2022,15:20,1,75,75115,2,2,1,6,RUE DE LOURMEL,"48,8456560000","2,2879960000"
202200009082,21,11,2022,09:45,1,91,91235,1,1,1,2,RN 104,"48,6248700000","2,3632800000"
202200018211,8,10,2022,06:45,5,93,93046,2,1,1,3,MARECHAL LECLERC AVENUE,"48,9214800000","2,5415400000"
202200009217,17,3,2022,13:42,1,87,87085,2,1,1,1,BABYLONE (RUE DE),"45,8221300000","1,2726200000"
202200044646,5,4,2022,22:13,5,65,65440,2,1,1,3,HUGO (RUE VICTOR),"43,2372000000","0,0697400000"
202200033247,22,1,2022,01:35,3,71,71267,2,4,1,7,Rue de la Boucherette,"46,4824670000","4,8135190000"
202200022828,17,12,2022,09:15,1,95,95572,1,1,8,6,RN 184,"49,0352732315","2,1158588442"
202200041312,30,10,2022,17:45,5,75,75120,2,3,1,4,RUE BELGRAND,"48,8648500000","2,3998700000"
202200020857,16,12,2022,14:30,1,64,64405,2,1,2,2,D943,"43,3374928331"," -0,2730852987"
202200037545,7,4,2022,14:30,1,69,69271,1,1,2,3,Rocade Est ,"45,7502680911","4,9866744876"
202200046501,6,7,2022,13:50,1,64,64102,2,1,1,4,Avenue de l'Aquitaine,"43,4874800000"," -1,4615900000"
202200042062,12,9,2022,06:30,2,38,38501,2,2,1,3,D523,"45,3084880000","5,9580150000"
202200016918,13,3,2022,05:05,5,69,69385,2,1,1,7,24 Rue de la Quarantaine,"45,7533900000","4,8226800000"
202200014565,29,7,2022,10:30,1,29,29232,2,1,1,6,Vieille Route de Rosporden,"47,9903800000"," -4,0692900000"
202200019023,18,12,2022,09:30,1,03,03095,2,1,1,6,LECLERC (AVENUE DU GENERAL),"46,1279000000","3,4379900000"
202200043347,27,10,2022,16:15,3,974,97415,1,1,1,3,ROUTE NATIONALE N° 1," -20,9603800000","55,3074400000"
202200014845,16,11,2022,13:15,1,60,60057,2,1,1,3,Rue du Maréchal Leclerc,"49,4339880000","2,0757540000"
202200018523,28,5,2022,19:00,1,27,27229,2,6,1,3,BROSSOLETTE (RUE PIERRE),"49,0232300000","1,1692400000"
202200005379,30,4,2022,17:10,1,67,67067,1,1,1,2,D223,"48,7136970000","7,7566910000"
202200021819,23,6,2022,18:00,1,13,13001,2,1,1,7,MARSEILLE (ROUTE DE ),"43,4758200000","5,4138200000"
202200019604,26,6,2022,04:30,3,23,23047,1,1,2,6,D49,"46,1610030000","1,5778470000"
202200013707,24,4,2022,15:40,1,59,59560,2,1,1,3,EPINETTE RUE DE L,"50,5567400000","3,0586800000"
202200017264,13,3,2022,19:10,2,92,92047,1,1,1,2,A13,"48,8350422017","2,1744212904"
202200010648,16,7,2022,20:20,1,59,59350,2,1,1,6,LANNOY RUE,"50,6341597181","3,0965289473"
202200022316,13,11,2022,22:12,3,27,27065,1,1,5,2,Autoroute A13 PK 172.100 sens Province/PARIS,"49,3166500000","0,3097280000"
202200022778,17,12,2022,05:45,3,45,45146,1,1,1,2,A71 PR 124 + 714,"47,6835200000","1,9053550000"
202200003407,18,3,2022,12:35,1,06,06069,2,1,1,6,CANNES (ROUTE DE)  -RD 6085-,"43,6380830000","6,9507040000"
202200038977,22,3,2022,17:20,1,86,86066,2,3,1,3,Avenue Camille Pagé,"46,7970640000","0,5273100000"
202200032517,18,7,2022,15:45,1,37,37122,2,2,1,3,REPUBLIQUE (AVENUE DE LA),"47,3538400000","0,6638700000"
202200040626,21,8,2022,16:45,1,91,91114,2,1,1,5,RTE NATIONALE 6,"48,6780100000","2,4966700000"
202200005757,30,12,2022,19:00,5,94,94044,2,1,2,4,HENRI BARBUSSE (R),"48,7553850000","2,4845550000"
202200040127,25,9,2022,12:30,1,95,95277,2,1,1,1,rue michelet,"49,0044720000","2,4203520000"
202200011669,25,4,2022,16:45,1,72,72181,2,1,1,2,ESTIENNE D'ORVES (BD D'),"47,9843100000","0,1858900000"
202200034510,7,7,2022,20:15,1,67,67365,1,1,1,3,M35,"48,5360400000","7,7106400000"
202200019260,21,12,2022,17:40,3,2B,2B074,1,1,2,1,RT 20 PK 078.00,"42,2750940000","9,1700220000"
202200003982,2,5,2022,12:40,1,86,86081,1,2,1,1,Route des Trainebots,"46,7855330000","0,4803810000"
202200015144,1,2,2022,11:00,1,83,83061,2,1,1,6,RUE DES COMBATTANTS D'AFRIQUE DU NORD,"43,4512080954","6,7270293832"
202200004596,3,7,2022,17:40,1,73,73268,2,1,1,7,D66 - Route des Trois Villages,"45,6001022761","6,4384371936"
202200007435,28,4,2022,19:15,1,75,75107,2,2,1,6,RUE D ESTREES,"48,8517670000","2,3138560000"
202200013175,11,9,2022,10:30,1,46,46055,1,1,1,2,départementale 840,"44,5862190000","2,0877030000"
202200021906,7,10,2022,09:00,1,94,94059,2,6,1,3,Avenue Maurice Berteaux / Avenue Paul Lafargue,"48,8160864516","2,5620531087"
202200026352,22,7,2022,16:20,1,76,76498,2,2,1,6,Rue Pierre Corneille,"49,4270200000","1,0524900000"
202200038276,6,12,2022,18:45,3,83,83116,1,1,1,2,,"43,4565560000","5,8451660000"
202200013366,24,5,2022,19:30,1,77,77510,1,1,1,7,D88A,"48,8270610000","2,7906350000"
202200034666,27,8,2022,17:45,1,63,63093,1,1,1,6,Les Falvards,"45,9930534550","3,0220207572"
202200004189,15,9,2022,09:35,1,78,78126,1,1,1,2,A13,"48,8369020000","2,1265740000"
202200034102,1,10,2022,19:30,5,33,33256,2,1,1,1,9 Rue du 8 Mai 1945,"44,9863640000"," -0,6051490000"
202200046865,30,3,2022,15:50,1,92,92014,2,1,1,3,BIEVRE (RUE DE LA),"48,7803429492","2,3224676549"
202200054175,7,7,2022,17:53,1,76,76057,2,1,1,1,Rue Pierre et Marie Curie,"49,5419200000","0,9541400000"
202200033113,12,4,2022,15:30,1,14,14431,1,2,2,3,D40,"49,0686230000"," -0,1304840000"
202200035998,28,9,2022,23:40,5,75,75106,2,2,1,6,BOULEVARD RASPAIL,"48,8513470000","2,3268590000"
202200054917,3,6,2022,16:20,1,49,49112,1,1,1,1,D347,"47,1701110000"," -0,1389600000"
202200032297,6,12,2022,17:42,5,83,83069,1,1,1,2,NICE (ROUTE DE),"43,1274700000","6,1885300000"
202200033941,3,6,2022,07:45,1,74,74167,1,1,1,2,route  d'annecy,"45,7653370000","6,3380270000"
202200047417,10,5,2022,17:55,1,35,35238,2,1,1,2,MOINE (LOUIS ET RENE),"48,0905511375"," -1,6822372377"
202200009610,25,12,2022,03:45,4,76,76447,2,1,1,6,PRESIDENT WILSON,"49,5437000000","0,1826100000"
202200045961,12,9,2022,12:50,1,2B,2B033,2,1,1,3,SAMPIERO CORSO - AV,"42,6770000000","9,4440000000"
202200009137,20,11,2022,18:40,5,973,97302,2,1,1,7,FELIX EBOUE(ROCADE),"4,9272700000"," -52,3196100000"
202200017319,6,9,2022,09:15,1,09,09122,2,9,1,6,VILLOTE (ALLEES DE),"42,9635730000","1,6071930000"
202200028806,5,3,2022,21:30,3,41,41042,1,1,1,6,Le Grand Brouard,"47,2105130000","1,3276990000"
202200017371,12,3,2022,12:10,1,59,59043,1,1,1,1,BELLE CROIX (RUE DE LA),"50,7162659179","2,6917764544"
202200015009,4,2,2022,18:00,4,69,69290,1,1,1,4,Autoroute 46,"45,6835100000","4,9618600000"
202200024499,22,5,2022,19:40,1,40,40134,1,1,1,7,"ROUTE DÉPARTEMENTALE E10, PK 21+700","44,2260030000"," -0,8992630000"
202200016229,13,4,2022,16:45,1,38,38544,2,1,1,1,ST MARCEL(MONTEE),"45,5151500000","4,8900200000"
202200014531,29,7,2022,09:20,1,51,51454,2,2,1,2,rue Jules Guichard,"49,2669800000","4,0241100000"
202200004661,4,8,2022,22:41,3,56,56121,2,2,1,3,MOUSTOIR ( RD PT DU ),"47,7522600000"," -3,3706100000"
202200027808,25,1,2022,07:55,1,26,26198,2,1,1,6,DESMARAIS (Boulevard Marre),"44,5601400000","4,7479000000"
202200021158,9,3,2022,11:10,1,13,13212,2,1,1,2,,"43,3000000000","5,4300000000"
202200013722,6,2,2022,13:10,1,91,91521,1,1,2,7,RN 104,"48,6321300000","2,4011000000"
202200044957,22,10,2022,20:30,5,88,88261,2,3,1,7,Rue Maurice Mougeot,"48,1941300000","6,7039270000"
202200002442,11,7,2022,19:10,1,13,13033,1,1,1,5,D9d,"43,3598450000","5,1844850000"
202200020349,1,2,2022,06:50,5,75,75112,2,4,2,3,ESPLANADE SAINT LOUIS,"48,8400910000","2,4367310000"
202200009351,30,4,2022,09:40,1,80,80011,2,1,1,2,47 Rue Jean Catelas,"49,9239670000","2,2069240000"
202200017310,12,3,2022,22:18,5,69,69259,2,3,1,3,Boulevard Marcel Sembat,"45,7143700000","4,8794400000"
202200000960,10,10,2022,17:10,2,78,78624,2,1,1,1,FRERES LEIRIS RUE DES,"48,9950860000","2,0191880000"
202200027406,14,4,2022,09:38,1,06,06088,1,1,1,6,MERCANTOUR (BD),"43,6757200000","7,2017600000"
202200031125,19,6,2022,18:45,1,91,91468,1,1,1,4,AUTOROUTE A6,"48,5749800000","2,4661600000"
202200048038,15,8,2022,02:25,3,22,22084,1,1,1,6,RN12,"48,3660850000"," -2,3268700000"
202200020229,16,11,2022,17:30,5,27,27467,2,1,3,6,D675,"49,3512583877","0,5172371864"
202200033714,4,11,2022,19:00,5,974,97416,2,7,1,3,HUBERT DE LISLE(BOULEVARD)," -21,3391400000","55,4589800000"
202200019437,30,8,2022,10:05,1,77,77148,1,1,1,6,D94,"49,1014650000","3,1094740000"
202200037976,27,9,2022,12:40,1,75,75116,2,1,1,2,BD PERIPHERIQUE EXTERIEUR,"48,8777530000","2,2801840000"
202200011971,13,10,2022,07:05,5,44,44184,2,6,2,3,92 Boulevard du Docteur René Laënnec,"47,2700000000"," -2,2391300000"
202200038086,3,12,2022,18:10,2,49,49328,2,1,1,1,JAGUENEAU (QUAI DU),"47,2501700000"," -0,0533900000"
202200050396,10,7,2022,14:52,1,92,92024,2,1,1,6,PIERRE BEREGOVOY (RUE),"48,9038556402","2,2986588925"
202200054183,21,10,2022,08:55,1,54,54395,2,1,2,6,LIBERATION (AVENUE DE LA),"48,6957900000","6,1407800000"