Accident_Id,jour,mois,an,hrmn,lum,dep,com,agg,int,atm,col,adr,lat,long
202200031921,18,5,2022,09:50,1,93,93005,1,1,1,3,AUTOROUTE A1,"48,9603700000","2,4676900000"
202200015737,24,4,2022,21:00,5,93,93064,2,2,1,1,Boulevard d'Alsace-lorraine / Rue Jean Mermoz,"48,8830600000","2,4918300000"
202200037468,7,4,2022,16:45,1,69,69088,2,1,2,6,Quai Jean-Baptiste Simon,"45,8288220000","4,8535220000"
202200005050,11,2,2022,18:23,5,972,97213,2,1,1,3,PIERRE ZOBDA QUITMAN (RUE),"14,6118100000"," -61,0019100000"
202200014618,17,11,2022,09:54,1,04,04209,2,1,7,6,Avenue de la Libération,"44,1914890000","5,9450810000"
202200026810,16,4,2022,18:00,1,14,14165,2,3,1,3,Route d Omaha Beach,"49,3486610000"," -0,8426800000"
202200027301,22,6,2022,17:10,1,45,45115,1,1,1,7,Le Petit Bien,"48,0177740000","3,0869800000"
202200012904,23,12,2022,23:20,5,93,93066,1,9,1,4,AUTOROUTE A1,"48,9250558882","2,3571038246"
202200032070,18,5,2022,11:31,1,972,97209,2,1,1,7,REDOUTE (ROUTE DE LA),"14,6252500000"," -61,0619000000"
202200030639,16,7,2022,22:20,5,75,75112,2,1,1,2,PORTE DE CHARENTON,"48,8302760000","2,4020370000"
202200028551,21,8,2022,19:45,2,76,76271,2,1,1,6,Rue du Rombosc,"49,5672480000","1,1503640000"
202200016878,3,2,2022,21:00,3,75,75117,2,2,2,6,AVENUE DE LA PORTE DE SAINT OUEN,"48,8977280000","2,3290230000"
202200050119,23,10,2022,18:00,1,11,11069,2,1,1,2,RD 6113,"43,2278000000","2,3350500000"
202200024507,15,12,2022,08:50,1,93,93007,1,1,1,3,AUTOROUTE A3,"48,9312548059","2,4809870124"
202200051865,11,2,2022,21:00,5,92,92024,2,2,1,5,HENRI BARBUSSE (RUE) DE (1 A 73)   (2 A,"48,8995614700","2,3052214533"
202200024102,4,10,2022,18:28,1,80,80021,2,2,1,3,SAINT MARTIN AUX WAIDES (RUE),"49,8952400000","2,2976100000"
202200054224,5,6,2022,17:50,1,26,26231,1,1,1,2,Route de Mours,"45,0858810000","5,0477780000"
202200046507,13,8,2022,11:00,1,19,19031,2,1,1,6,TILLEULS (PROMENADE DES),"45,1635496429","1,5332453549"
202200046656,19,2,2022,16:50,1,75,75108,2,1,1,3,AVENUE DES CHAMPS ELYSEES,"48,8712240000","2,3030670000"
202200038106,14,1,2022,18:45,3,69,69280,1,1,5,2,Autoroute 432,"45,7935620000","5,0774110000"
202200009744,18,3,2022,23:20,3,73,73248,1,1,1,6,D906,"45,2855914476","6,3514797380"
202200034078,1,10,2022,11:30,1,04,04209,2,1,1,2,Avenue de la Libération,"44,1914890000","5,9450810000"
202200028816,6,3,2022,16:00,1,24,24117,1,1,1,6,RD60,"45,0846120000","1,3744930000"
202200006360,2,7,2022,13:30,1,64,64545,1,1,1,2,D404,"43,3241162015"," -1,6863584518"
202200012509,1,8,2022,10:00,1,22,22164,1,1,1,7,D767 PR31+100,"48,5853800000"," -3,2490780000"
202200047670,22,9,2022,00:26,5,75,75120,2,4,1,6,AVENUE CARTELLIER,"48,8647580000","2,4120800000"
202200027216,31,8,2022,16:30,1,34,34217,2,1,1,6,M17,"43,6883880000","3,8631110000"
202200030775,2,3,2022,15:00,1,83,83137,2,1,1,2,WEYGAND (AVE GENERAL),"43,1214200000","5,9530700000"
202200039904,27,9,2022,22:20,3,50,50580,1,4,3,6,RD 408,"49,5430960000"," -1,7555430000"
202200031258,18,6,2022,12:10,1,49,49246,2,2,1,3,GIRARDEAU,"47,4347000000"," -0,5268000000"
202200005357,30,4,2022,17:45,1,17,17336,1,1,1,2,Autoroute A 10 PK 437.800 sens Paris/Bordeaux,"45,7684660000"," -0,6695440000"
202200046365,6,7,2022,04:40,2,69,69271,2,2,1,3,Route de Lyon,"45,7401900000","4,9520400000"
202200024362,12,7,2022,13:50,1,64,64558,1,1,1,7,D137,"43,4283880000"," -1,4538430000"
202200051439,5,1,2022,07:55,5,37,37122,2,1,1,6,JAURES (BOULEVARD JEAN),"47,3491276506","0,6657806039"
202200042459,12,7,2022,19:15,1,44,44009,2,1,1,1,288 Route du Loroux Bottereau,"47,1934490000"," -1,4635950000"
202200023915,28,1,2022,01:58,5,95,95277,2,6,5,7,LEONESSA (CARREFOUR DE),"48,9933172318","2,4427896738"
202200015903,27,6,2022,18:30,1,75,75120,2,1,1,6,AVENUE GAMBETTA,"48,8676510000","2,4008730000"
202200042663,24,6,2022,16:50,1,44,44026,1,2,1,3,Route de Paris,"47,2661900000"," -1,4873100000"
202200037902,27,9,2022,09:45,1,2A,2A004,2,3,2,3,BONAPARTE CHARLES  BD,"41,9339519621","8,7525702615"
202200040643,23,2,2022,13:28,1,49,49007,2,1,1,7,PASTEUR,"47,4733700000"," -0,5390100000"
202200030707,5,3,2022,17:13,1,82,82123,1,1,2,1,Route de Montauban,"43,9257660000","1,2815740000"
202200010897,16,3,2022,12:00,1,91,91201,2,2,1,3,RUE DE RIS,"48,6626700000","2,4177200000"
202200001286,5,8,2022,15:20,1,75,75115,2,4,1,3,BOULEVARD PERIPHERIQUE INTERIEUR SUD,"48,8353040000","2,2722670000"
202200050245,24,10,2022,08:38,1,93,93046,2,1,1,2,Rue Eugène Masse,"48,9244411010","2,5447846891"
202200027999,7,11,2022,16:45,1,91,91161,2,1,2,6,RUE PIERRE MENDES FRANCE,"48,6986870000","2,3151180000"
202200007273,18,3,2022,16:40,1,42,42086,1,1,1,3,Route de la Buche,"46,1506580000","4,3127990000"
202200048133,17,2,2022,12:00,1,75,75108,2,7,1,3,PLACE DE LA CONCORDE,"48,8668270000","2,3221070000"
202200022018,6,10,2022,09:25,1,91,91286,2,1,7,3,DEDALE (RUE),"48,6501800000","2,3740100000"
202200002107,23,3,2022,22:30,5,93,93029,2,1,1,3,Avenue Jean Jaurès,"48,9127714104","2,4633981586"
202200051644,15,2,2022,07:40,1,75,75119,2,3,1,6,RUE BOTZARIS,"48,8762474282","2,3813717812"
202200010437,8,2,2022,15:17,1,21,21247,1,1,1,3,Rue du Bedeau,"47,5176610000","4,1693810000"
202200018437,9,11,2022,22:00,5,50,50129,2,1,1,6,CONQUERANT (BOULEVARD GUILLAUME LE),"49,6397700000"," -1,6359100000"
202200033086,20,1,2022,15:30,1,13,13205,2,1,1,1,BAILLE (BOULEVARD),"43,2884200000","5,3924300000"
202200029180,13,4,2022,11:50,1,69,69382,2,4,1,6,Rue Président Carnot,"45,7627000000","4,8374800000"
202200040081,14,1,2022,19:00,5,75,75117,2,7,1,6,PLACE DE LA PORTE DE CHAMPERRET,"48,8858210000","2,2907930000"
202200050926,25,3,2022,11:55,1,19,19031,2,1,1,1,POMPIDOU (AVENUE GEORGES),"45,1575900000","1,5417100000"
202200050832,9,5,2022,17:05,1,75,75115,2,3,1,3,BOULEVARD VICTOR,"48,8326980000","2,2883600000"
202200054199,5,7,2022,17:52,1,80,80182,2,1,1,3,124 Rue du Maréchal Foch,"50,1772870000","1,4937170000"
202200011660,10,9,2022,06:20,5,72,72181,2,9,1,3,BOHEME (ALLEE DE),"47,9987863002","0,2184569833"
202200019179,20,12,2022,20:35,3,92,92060,1,1,2,3,LA BOURSIDIERE,"48,7735505017","2,2408434748"
202200006742,4,8,2022,01:37,5,92,92046,2,2,1,3,Charles de gaulle,"48,8247802642","2,3020624816"
202200037994,6,12,2022,18:30,5,69,69389,2,2,1,3,Rue Marietton,"45,7759100000","4,8008400000"
202200014641,17,11,2022,17:15,5,69,69020,1,1,3,2,Route Buissonnière,"45,8593580000","4,6686720000"
202200044162,10,7,2022,14:30,1,67,67482,1,1,1,6,STOSSWIHR (RUE DE),"48,5682200000","7,7736700000"
202200045102,26,10,2022,05:45,5,87,87085,2,1,1,7,VANTEAUX (BOULEVARD DE),"45,8213200000","1,2396500000"
202200040669,14,6,2022,23:35,3,24,24004,1,1,1,7,D6089,"45,1363780000","1,0282810000"
202200002418,3,6,2022,13:10,1,13,13067,1,1,1,1,D7n,"43,7878410000","5,0461360000"
202200054691,14,2,2022,10:40,1,95,95523,2,6,1,7,RD 913,"49,0803643156","1,6272962093"
202200007575,2,6,2022,16:45,1,68,68019,1,1,1,1,D52,"48,1039350000","7,5737430000"
202200054254,10,8,2022,18:45,1,65,65004,1,1,1,6,D821,"43,0253120000"," -0,0832070000"
202200034580,15,7,2022,11:40,1,09,09225,1,1,1,7,ROUTE NATIONALE 20,"43,1377100000","1,6133000000"
202200042687,11,6,2022,02:40,5,972,97213,1,1,2,6,MORNE PITAULT (ROUTE DE),"14,6239400000"," -60,9511100000"
202200053137,3,1,2022,12:10,2,13,13005,2,1,8,6,GOUMS (AVENUE DES),"43,2917988062","5,5614422283"
202200019176,11,3,2022,08:50,1,27,27554,1,1,1,1,COTES (RUE DES),"49,1019900000","1,4332800000"
202200022847,17,12,2022,01:25,3,988,98818,2,1,1,6,RUE HENRI MARTINET," -22,2587000000","166,4757300000"
202200011347,25,12,2022,01:00,3,77,77373,1,1,2,6,RN104,"48,7744700000","2,6119900000"
202200037554,6,4,2022,13:00,1,59,59507,1,1,1,3,Autoroute A1,"50,6088300000","3,0940300000"
202200003531,4,6,2022,21:00,1,64,64102,2,1,2,1,Avenue Docteur Maurice Delay,"43,4996200000"," -1,4614500000"
202200050517,16,2,2022,08:00,1,92,92020,2,3,8,7,REPUBLIQUE AV. N°27 A 105 ET 26 A 178,"48,8093547839","2,3010840118"
202200050402,24,10,2022,19:00,2,42,42069,2,3,1,3,Rue Jules Ferry,"45,9995930000","4,0613200000"
202200001207,5,7,2022,15:00,1,75,75108,2,7,1,3,PLACE DE LA CONCORDE,"48,8667660000","2,3220420000"
202200022512,28,1,2022,23:40,3,69,69297,1,1,1,2,Autoroute 7,"45,6152500000","4,8098800000"
202200050636,16,2,2022,18:25,2,01,01380,1,1,3,6,D97,"46,4506340000","5,1545900000"
202200053785,7,5,2022,10:50,1,2B,2B341,1,1,1,3,RT20,"42,2152330000","9,1765020000"
202200001963,5,6,2022,21:00,2,68,68362,1,1,2,1,D473,"47,5546780000","7,4654570000"
202200019472,5,9,2022,21:45,3,93,93027,1,1,8,4,AUTOROUTE A86,"48,9266500000","2,4038400000"
202200037261,8,4,2022,18:55,1,78,78423,1,1,4,6,RN12 EXT,"48,7979920000","2,0082620000"
202200001572,3,5,2022,12:07,1,75,75115,2,1,1,4,BD PERIPHERIQUE EXTERIEUR,"48,8343910000","2,2755460000"
202200030863,29,8,2022,21:25,3,35,35193,1,1,1,6,D82,"48,2353841032"," -1,7078965902"
202200035040,20,1,2022,07:10,3,60,60450,1,1,1,7,D609,"49,2278290000","2,2723450000"
202200008432,10,2,2022,09:25,1,13,13210,2,2,1,2,JACQUES HEBERT (RUE),"43,2831502436","5,3928188156"
202200032050,20,5,2022,03:00,3,56,56176,1,1,1,6,N165 sens Vannes/Lorient,"47,6681110000"," -2,9525760000"
202200027236,16,4,2022,12:00,1,973,97306,1,9,1,1,RN1 pk 223,"5,4346709360"," -53,7412333488"
202200001654,5,5,2022,17:30,1,29,29069,2,1,1,6,Rue de Kermonfort,"48,4242030000"," -4,5508290000"
202200039193,14,6,2022,08:00,1,75,75120,2,4,1,3,RUE LOUIS LUMIERE,"48,8625780000","2,4109210000"
202200012852,26,11,2022,14:00,1,86,86222,2,3,1,3,Route de Dissay,"46,6790830000","0,4089350000"
202200038883,16,6,2022,01:10,3,34,34154,1,1,1,7,D24e2,"43,6212770000","3,9796490000"
202200050041,24,10,2022,07:15,5,35,35238,2,1,1,6,FREVILLE (AVENUE HENRI),"48,0874200000"," -1,6743700000"
202200037076,24,8,2022,13:25,1,06,06027,1,1,1,2,"A8, PK 184.500 chaussée sud","43,6629050000","7,1724410000"
202200018674,30,1,2022,12:15,1,974,97411,1,9,1,6,JAURES (BOULEVARD JEAN)," -20,8996100000","55,4800300000"
202200034563,27,2,2022,17:20,1,93,93066,2,2,1,3,ANDRE CAMPRA (RUE),"48,9192400000","2,3544700000"
202200004448,4,7,2022,20:05,2,56,56156,1,9,1,3,Plousquen,"48,0239240000"," -3,2139090000"
202200021007,10,3,2022,07:26,1,973,97302,2,1,1,3,MONTABO (ROUTE DE) 1,"4,9319806829"," -52,3074102402"
202200003447,3,6,2022,18:35,1,71,71306,2,2,1,3,MONTCENIS (RUE DE),"46,6902424271","4,3479609042"
202200023484,17,4,2022,10:30,1,93,93066,2,1,1,1,Avenue Jean Moulin,"48,9414490000","2,3647120000"
202200053332,26,3,2022,15:50,1,75,75119,2,3,1,7,AVENUE SIMON BOLIVAR,"48,8764220000","2,3768450000"
202200044523,11,7,2022,17:58,1,13,13041,1,9,7,5,Route Departemental 46a,"43,4534290000","5,4927620000"
202200045295,30,3,2022,15:20,1,67,67043,1,3,2,3,TROIS MAIRES (RUE DES),"48,6299700000","7,7766300000"
202200037170,21,2,2022,17:05,1,63,63307,1,1,2,1,D2089 à Saulzet le Chaud,"45,7104800000","3,0723600000"
202200049311,9,5,2022,07:15,1,971,97120,2,3,1,3,CHANZY (BOULEVARD),"16,2409800000"," -61,5350000000"
202200034620,19,1,2022,17:55,2,92,92063,2,1,1,3,GALLIENI (RUE),"48,8735669916","2,2015818357"
202200004790,12,2,2022,09:45,1,13,13004,2,1,7,1,RUE PARMENTIER,"43,6747400000","4,6271300000"
202200016891,12,1,2022,13:54,1,02,02135,1,1,1,3,D1029,"49,9708770000","3,8688180000"
202200046312,9,6,2022,19:30,1,61,61169,2,1,1,1,JOSEPH MORIN (RUE),"48,7457500000"," -0,5525000000"
202200037941,26,9,2022,12:50,1,49,49015,2,6,1,3,DE GAULLE ROND POINT DU GENERAL,"47,5003900000"," -0,5904400000"
202200019957,8,10,2022,20:00,3,13,13001,1,9,1,1,"A8, pk 015.350, sens Aix en Provence /Lyon","43,5291200000","5,3979350000"
202200016820,26,5,2022,10:30,1,974,97406,1,4,1,3,Rue de la République," -21,1562470000","55,6024790000"
202200011085,19,11,2022,12:05,1,29,29019,2,2,1,6,rue de Royan,"48,4020428890"," -4,4988396973"
202200049073,25,10,2022,14:40,1,75,75112,1,1,1,2,A4,"48,8230000000","2,4629100000"
202200009023,24,4,2022,17:15,1,29,29039,1,2,3,4,D783 - D22 Rue des Roses,"47,8744500000"," -3,8984600000"
202200026204,10,11,2022,14:00,1,94,94041,2,1,1,6,GAGNEE (R),"48,8025200000","2,3814100000"
202200003242,3,6,2022,17:30,1,95,95427,2,1,1,2,Route de Calais,"48,9769220000","2,3647480000"
202200034127,18,11,2022,15:00,1,61,61006,2,9,1,6,ROUSSELETTES (RUE DES),"48,7271100000"," -0,0087000000"
202200042959,12,6,2022,20:00,1,59,59663,2,7,1,6,Place du général de gaulle,"50,8823999261","2,4683672190"
202200038752,31,5,2022,19:30,1,37,37262,1,4,7,3,D760,"47,1138020000","0,5036120000"
202200041509,14,5,2022,16:50,1,68,68248,2,1,1,7,3 Rue de Wolschwiller,"47,4883490000","7,3944050000"
202200015641,8,9,2022,23:30,3,26,26114,2,1,1,6,Rue des Reymonds,"44,5218460000","5,0669210000"
202200024385,22,5,2022,20:45,1,47,47325,1,1,1,6,D300,"44,3599730000","0,2779630000"
202200013669,23,4,2022,15:40,1,76,76351,2,3,1,6,PIERRE COURTADE (AVENUE),"49,5100600000","0,1837200000"
202200018474,2,2,2022,09:20,1,94,94052,2,3,2,6,Boulevard de la Marne,"48,8320700000","2,4765400000"
202200026840,20,7,2022,23:35,5,59,59569,2,1,2,6,MARTEL (RUE DES FRERES A . ET G.),"50,3667442586","3,0976831913"
202200038009,4,12,2022,20:05,5,87,87085,2,3,2,3,VIGENAL (BOULEVARD DU),"45,8523100000","1,2524600000"
202200021916,6,10,2022,10:45,1,93,93029,2,2,1,3,EDOUARD VAILLANT N° 1-97,"48,9284900000","2,4304200000"
202200022269,29,1,2022,13:30,1,974,97409,2,1,1,7,Grand Canal ( chemin)," -20,9562300000","55,6874100000"
202200034514,16,7,2022,13:35,1,972,97213,1,1,2,5,AUTOROUTE A1,"14,6181413000"," -61,0347686000"
202200043629,11,1,2022,18:00,1,974,97407,2,1,1,7,MONDON (AVENUE)," -20,9340000000","55,3010000000"
202200022475,30,1,2022,14:40,1,29,29002,1,1,1,7,D22 - Pont Kerlo,"47,9060549460"," -3,4210571050"
202200029794,7,11,2022,18:34,3,44,44162,1,1,1,4,N844,"47,1979900000"," -1,6189500000"
202200039449,28,10,2022,16:40,1,67,67447,2,1,1,6,PHARIO (PONT),"48,6126200000","7,7673400000"
202200038209,6,12,2022,12:45,1,75,75111,2,7,8,5,BOULEVARD VOLTAIRE,"48,8667230000","2,3651590000"
202200002633,16,9,2022,13:51,1,66,66136,2,3,1,6,CLEMENCEAU (BOULEVARD),"42,7005100000","2,8907300000"
202200036294,6,12,2022,18:30,5,92,92012,2,2,1,3,EMILE ZOLA (RUE),"48,8270500000","2,2383800000"
202200034297,17,7,2022,11:00,1,64,64102,2,1,1,1,Place de la Liberté,"43,4923800000"," -1,4743500000"
202200049120,10,5,2022,16:25,1,75,75113,2,2,1,2,AVENUE LEON BOLLEE,"48,8180341581","2,3603714257"
202200042379,1,12,2022,18:00,3,74,74118,1,1,8,1,18 AOUT (RUE DU),"46,1676680000","6,1993980000"
202200044938,1,4,2022,10:50,1,75,75113,2,3,2,3,AVENUE DES GOBELINS,"48,8339470000","2,3538410000"
202200039982,13,1,2022,23:15,5,80,80001,2,1,5,6,ROUVROY (de),"50,1104300000","1,8096500000"
202200005263,21,11,2022,14:00,1,971,97101,2,1,1,6,PETIT PEROU,"16,2517600000"," -61,5189400000"
202200009459,28,12,2022,13:30,1,55,55553,1,1,8,7,Route de Boncourt,"48,7763890000","5,5815830000"
202200023229,31,8,2022,17:15,1,63,63321,1,1,1,7,Route issoire,"45,5983800000","3,2919500000"
202200042430,23,2,2022,12:30,1,92,92012,2,6,1,2,ANCIENS COMBATTANT (ROND - POINT DES),"48,8479119235","2,2418247610"
202200028826,6,3,2022,14:00,1,34,34166,1,1,1,7,RD 28,"43,3520750000","3,3570310000"
202200029410,25,1,2022,18:55,3,57,57328,1,2,5,3,"lieu dit ""maison rouge""","48,9755700000","6,5156010000"
202200047445,10,1,2022,18:15,3,61,61317,1,1,1,6,Pre de l Oeillet,"48,7535360000","0,3594960000"
202200002101,23,11,2022,17:20,5,67,67218,1,6,2,6,ALFRED KASTLER (ROUTE),"48,5273100000","7,7350000000"
202200050275,5,7,2022,20:05,1,92,92051,2,9,1,2,"BINEAU (BOULEVARD, N°133 A 217 ET 134 A","48,8901731785","2,2715536952"
202200019736,22,4,2022,18:43,1,77,77445,2,1,1,3,MENDES-FRANCE (AVENUE PIERRE),"48,5946700000","2,5668200000"
202200039942,27,9,2022,11:50,1,33,33146,1,1,8,1,D2e7,"45,1161440000"," -0,7452310000"
202200015798,24,6,2022,17:26,1,87,87085,2,3,1,3,DUTREIX (RUE ARMAND) ?,"45,8336500000","1,2290000000"
202200034957,24,8,2022,08:15,1,50,50532,1,6,1,3,LANDE (ROUTE),"48,8040900000"," -1,5485000000"
202200024773,15,12,2022,16:05,1,13,13103,2,1,2,3,BOULEVARD PASQUET -LOUIS,"43,6374800000","5,0963400000"
202200051404,6,5,2022,20:45,3,987,98738,2,1,1,1,TAAPUNA LOTISSEMENT," -17,6008910000"," -149,6071390000"
202200002476,17,10,2022,08:30,1,55,55029,2,1,1,6,BRADFER ( RUE ERNEST ),"48,7690900000","5,1723000000"
202200025042,7,3,2022,13:05,1,988,98818,2,2,1,3,RUE MARCEL KOLLEN/RUE MARCELLIN LACABANNE," -22,2927500000","166,4438400000"
202200009330,20,11,2022,05:05,5,75,75107,2,7,1,7,PLACE DE LA RESISTANCE,"48,8619180000","2,3020160000"
202200031272,18,6,2022,22:10,5,31,31555,2,3,1,3,LASCROSSES (BD) DU 1AU 17,"43,6103100000","1,4348000000"
202200002174,23,11,2022,12:42,1,56,56260,2,2,6,1,28 Rue du Capitaine Jude,"47,6634300000"," -2,7652900000"
202200006777,30,7,2022,08:30,1,82,82176,1,3,1,6,Route d 8 Salvetat Monclar,"43,9781450000","1,5082760000"
202200006074,6,9,2022,13:30,1,76,76447,2,1,1,6,PIERRE ROUSSEAU,"49,5435400000","0,1892400000"
202200031059,28,8,2022,13:00,1,45,45145,1,1,1,7,D33 PR2+650,"48,1037614430","2,8257761986"
202200027874,10,11,2022,17:50,3,71,71013,1,2,5,3,Route de Fretterans,"46,9069750000","5,2965260000"
202200034682,24,8,2022,06:30,2,84,84091,1,1,1,2,nationale 7,"44,1868430000","4,7487440000"
202200027220,31,8,2022,10:20,1,74,74205,1,1,1,1,Route de Sévillon,"46,1863750000","6,4972970000"
202200002950,5,8,2022,17:00,1,976,97611,2,1,1,6,kaweni-Caserne ( rue de la )," -12,7742300000","45,2227100000"
202200030366,21,7,2022,09:25,1,63,63342,1,1,1,7,D26,"45,5459590000","3,0795410000"
202200041358,31,10,2022,11:20,1,85,85215,2,6,1,7,Avenue de la métairie,"46,8583720000"," -1,1734020000"
202200051099,12,8,2022,18:40,1,79,79309,1,1,1,7,,"46,5957200000"," -0,5682600000"
202200023628,16,4,2022,23:50,4,91,91432,1,1,1,2,AUTOROUTE A6,"48,6935800000","2,3202000000"
202200032105,2,10,2022,11:30,1,02,02397,1,1,2,1,,"49,7226240000","3,2387510000"
202200046228,10,8,2022,22:40,3,83,83115,1,1,1,6,D25,"43,3704920000","6,5963460000"
202200019698,16,4,2022,17:25,1,94,94017,1,1,1,2,A4,"48,8289075736","2,4782949522"
202200036705,15,1,2022,19:45,5,56,56098,2,2,1,3,COMBES (RUE  EMILE ),"47,7719300000"," -3,3387800000"
202200019453,11,3,2022,22:15,3,07,07279,1,1,2,6,D86,"44,4163250000","4,6539650000"
202200037257,9,4,2022,16:30,1,60,60313,2,1,1,6,41 Rue de Marguerie,"49,3601390000","2,2436620000"
202200030220,19,7,2022,17:25,1,75,75117,2,1,1,2,PORTE D ASNIERES,"48,8933370000","2,3034110000"
202200017956,24,6,2022,19:10,1,50,50502,2,9,1,3,KOENIG (rue Général),"49,1146360000"," -1,0686410000"
202200039173,13,6,2022,09:10,1,09,09122,2,1,9,2,DE GAULLE (AVENUE DU GENERAL),"42,9633940000","1,6087780000"
202200005939,16,10,2022,02:10,5,13,13214,1,1,1,1,DANIEL CASANOVA (BOULEVARD),"43,3289300000","5,3756300000"
202200051513,11,2,2022,10:10,1,76,76351,2,6,1,3,SOUVENIR FRANCAIS (ROND POINT),"49,5200600000","0,0883900000"
202200039684,9,5,2022,09:08,1,46,46042,1,1,1,1,Départementale 811,"44,4820000000","1,4120000000"
202200023007,9,3,2022,07:00,2,91,91201,2,3,1,3,AV DE L EUROPE,"48,6875400000","2,4333600000"
202200035278,20,5,2022,15:57,1,30,30189,2,2,1,3,KENNEDY (AVENUE),"43,8260000000","4,3330000000"
202200039184,14,6,2022,19:30,1,75,75119,2,1,1,4,PORTE D AUBERVILLIERS,"48,9004790000","2,3752800000"
202200051608,20,9,2022,20:45,3,34,34003,1,1,1,1,D612,"43,2976200000","3,4807300000"
202200049629,17,2,2022,15:21,1,93,93031,2,2,1,2,Rue Claude Debussy / Avenue de la République,"48,9473800000","2,3425800000"
202200037479,1,4,2022,16:00,1,86,86284,1,1,2,6,D12,"46,4427870000","0,4770020000"
202200043763,12,1,2022,10:00,1,91,91216,1,1,1,3,AUTOROUTE A6,"48,6825500000","2,3296800000"
202200033650,5,11,2022,03:00,3,62,62361,2,3,2,6,84 Rue du Maréchal Joffre,"50,2690140000","2,2961760000"
202200047600,8,1,2022,01:50,5,13,13211,2,3,1,3,ROUGUIERE (ALLÉE DE LA ),"43,2933385026","5,4552878260"
202200033356,10,4,2022,08:57,1,75,75104,2,3,1,2,RUE DE RIVOLI,"48,8552384085","2,3611465842"
202200037682,16,5,2022,00:30,5,75,75110,2,2,2,3,RUE DE PARADIS,"48,8757830000","2,3482520000"
202200039460,14,10,2022,23:00,5,59,59560,1,1,2,7,CD 925,"50,5408400000","3,0421900000"
202200034450,17,7,2022,04:15,3,19,19146,1,1,1,6,Autoroute A89 PK 212.800 vers BORDEAUX,"45,3164827077","1,7253058789"
202200034413,14,7,2022,18:55,1,70,70206,2,3,7,1,14 Rue de Luze,"47,6035700000","6,7690960000"
202200005049,23,11,2022,11:15,1,01,01195,2,1,1,1,615 Rue Charles Robin,"46,2127220000","5,3300780000"
202200039645,15,5,2022,21:00,3,94,94073,1,1,2,2,A86 EXT,"48,7701146919","2,3822327243"
202200023335,2,9,2022,16:30,1,86,86066,1,1,1,5,D725,"46,8234560000","0,5981560000"
202200055098,20,10,2022,17:30,1,35,35238,2,3,1,3,ROOSEVELT (BD FRANKLIN),"48,0975400000"," -1,6571300000"
202200045355,27,10,2022,10:50,1,94,94019,2,6,1,3,Route de la Libération / Avenue Maurice Thorez,"48,8057000000","2,5335000000"
202200030755,4,3,2022,18:40,2,60,60494,1,1,1,5,,"49,1352599924","2,5644621848"
202200051800,13,2,2022,21:50,5,94,94017,2,2,1,3,Rue Eugéne Varlin / Rue Guy Môquet,"48,8253607316","2,5169034003"
202200038504,14,7,2022,19:00,1,75,75119,2,2,1,3,AVENUE DE FLANDRE,"48,8924440000","2,3789160000"
202200025831,27,1,2022,09:20,1,13,13028,1,1,1,6,A50-Sens Toulon vers Aubagne,"43,2061800000","5,5893900000"
202200006862,4,8,2022,06:40,2,91,91377,1,1,1,2,RD 188,"48,7267400000","2,2862100000"
202200035143,24,8,2022,12:05,1,85,85209,1,1,1,1,RD148,"46,5228890000"," -0,9896585000"
202200001072,5,9,2022,19:11,1,57,57227,2,9,1,6,BARTH (RUE FELIX ),"49,1814322796","6,8980975633"
202200021857,6,10,2022,16:40,1,75,75116,2,1,1,2,AVENUE DE LA GRANDE ARMEE,"48,8755600000","2,2894170000"
202200035062,19,1,2022,07:00,3,95,95491,1,1,1,2, A115,"49,0083050000","2,2386230000"
202200047205,27,10,2022,11:00,1,68,68300,1,2,1,1,D55,"47,7869000000","7,4331630000"
202200005732,1,6,2022,16:00,1,94,94011,2,2,1,6,Avenue Jean Rostand / Mail de la Résistance,"48,7668000000","2,4846000000"
202200016244,9,10,2022,22:40,5,94,94073,2,9,1,1,Avenue du Général de Gaulle,"48,7678000000","2,3760000000"
202200003625,2,5,2022,13:52,1,91,91689,1,1,1,2,AUTOROUTE A6B,"48,7361810000","2,3179470000"
202200008021,13,9,2022,17:50,1,81,81273,2,9,8,5,25 Route de Toulouse,"43,5854390000","2,1688130000"
202200020362,14,11,2022,08:30,3,76,76503,1,1,5,5,A 151 - PK 03+500 sens DIEPPE - ROUEN,"49,5224260000","1,0039830000"
202200049547,6,1,2022,19:50,5,69,69382,2,2,1,3,Rue Smith,"45,7432200000","4,8228200000"
202200003833,21,12,2022,06:55,5,01,01445,2,1,2,6,Route de Strasbourg,"46,3452910000","5,3205590000"