Accident_Id,jour,mois,an,hrmn,lum,dep,com,agg,int,atm,col,adr,lat,long
202200040731,23,2,2022,11:25,1,06,06029,1,1,1,6,MIDI (BOULEVARD DU),"43,5479600000","6,9837900000"
202200050645,9,7,2022,00:00,3,95,95116,1,1,1,1,RD 924,"49,1605270000","2,3276640000"
202200047059,18,2,2022,13:30,1,91,91692,2,1,8,6,CHAMPS LASNIERS (AVENUE),"48,6851970000","2,1698490000"
202200006768,4,8,2022,20:00,2,51,51165,1,1,3,7,D44,"48,7589713776","3,8768018782"
202200011169,18,11,2022,07:47,1,01,01289,2,6,2,3,CHARTREUSE (RUE DE LA ) IMPAIR,"46,1848280000","5,2274640000"
202200027527,16,6,2022,14:30,1,62,62193,2,1,1,3,SAINT OMER (ROUTE DE),"50,9362300000","1,8861600000"
202200028716,12,12,2022,10:10,1,75,75110,2,2,1,6,BOULEVARD DE MAGENTA,"48,8735140000","2,3586330000"
202200033550,17,6,2022,22:30,3,08,08082,1,1,1,7,D241,"49,3357850000","4,7488510000"
202200018918,13,3,2022,15:55,1,47,47142,1,1,4,6,Peloubes,"44,6474500396","0,5108816149"
202200034125,1,10,2022,03:15,3,94,94017,1,1,2,2,A4,"48,8302003380","2,4957032202"
202200040986,13,6,2022,07:50,1,93,93032,2,2,1,2,Avenue Vaillant Couturier / Rue du Chemin de Fer,"48,8769300000","2,5492500000"
202200043534,11,5,2022,11:00,1,47,47201,2,6,7,6,MARNE (AV. DE LA),"44,1939100000","0,5977300000"
202200007139,30,12,2022,07:00,5,91,91340,1,1,1,7,AUTOROUTE A6,"48,6096800000","2,4329900000"
202200005143,22,11,2022,02:38,3,77,77122,1,1,1,7,RN104,"48,6456600000","2,5529540000"
202200044423,16,8,2022,15:00,1,66,66136,2,3,1,1,,"42,6945500000","2,9016910000"
202200048201,28,4,2022,08:10,1,91,91174,2,3,1,6,RUE FERAY,"48,6050600000","2,4695600000"
202200026442,22,7,2022,09:30,1,75,75118,2,2,1,3,RUE MARX DORMOY,"48,8902450000","2,3599120000"
202200016511,28,7,2022,11:40,1,69,69387,2,2,1,7,Rue Garibaldi,"45,7491300000","4,8535500000"
202200004554,3,7,2022,18:40,1,93,93070,2,1,1,6,Rue des Châteaux,"48,9190500000","2,3324100000"
202200022918,17,12,2022,00:25,5,33,33063,2,2,1,3,Rue Castéja,"44,8425600000"," -0,5829800000"
202200020780,24,5,2022,23:20,5,69,69388,2,3,1,3,Boulevard des Etats-Unis,"45,7295957833","4,8679985280"
202200050339,30,3,2022,12:20,1,26,26317,2,1,1,1,D94,"44,2985640000","5,0095750000"
202200041066,13,6,2022,18:40,1,33,33225,1,1,1,6,D116,"44,5612670000"," -0,3891260000"
202200018602,27,5,2022,18:30,1,13,13216,2,1,1,1,RUISSEAU MI (RUE),"43,3497522043","5,3479868996"
202200037939,27,9,2022,08:33,1,49,49007,2,1,1,6,JUIN PLACE ET RUE,"47,4490800000"," -0,5670800000"
202200017094,27,5,2022,04:50,3,91,91421,1,1,1,7,NATIONALE 6 (REVEIL MATIN),"48,7110200000","2,4417100000"
202200054935,20,10,2022,22:05,3,54,54482,2,7,3,6,BARROIS (PLACE GERARD),"48,7000000000","6,2046600000"
202200049555,6,7,2022,00:45,5,75,75114,2,4,1,3,ECHANGEUR ORLEANS,"48,8208300000","2,3217210000"
202200013495,7,9,2022,17:10,1,14,14366,2,1,1,3,Avenue Georges Pompidou,"49,1373900000","0,2232560000"
202200000070,21,10,2022,14:47,1,76,76417,1,1,1,1,"A28, PK 66.800","49,6888370000","1,3520320000"
202200042050,26,9,2022,08:29,2,47,47100,2,9,7,6,Avenue de la Candélie,"44,2372000000","0,6468520000"
202200027004,5,3,2022,18:45,1,974,97407,2,1,1,7,JACQUES DUCLOS (RUE) - RIVIERE DES GAL  ," -20,9588500000","55,3146000000"
202200003471,24,11,2022,02:00,3,988,98822,1,1,1,6,Tribu de Ouindo," -20,9817910000","165,4000870000"
202200024923,14,12,2022,12:10,1,13,13211,1,1,1,2,A50-Sens Aubagne vers Marseille,"43,2945300000","5,4680400000"
202200012025,30,6,2022,07:50,1,33,33063,1,1,2,6,ROCADE A 630,"44,8829900000"," -0,5612500000"
202200008566,9,2,2022,16:10,1,51,51454,2,1,1,7,Rue Duquenelle,"49,2655318443","4,0298750929"
202200021085,10,3,2022,07:22,1,67,67218,1,3,1,3,FORT UHRICH (ROUTE DU),"48,5147100000","7,7060100000"
202200019533,5,9,2022,14:10,1,27,27681,2,1,2,7,ROUTE DEPARTEMENTALE 313 Route de Magny,"49,0957000000","1,5251500000"
202200008575,9,2,2022,05:45,5,37,37261,2,1,1,6,MIRABEAU (RUE),"47,3973978280","0,6993484497"
202200001915,26,11,2022,01:20,3,95,95582,1,1,1,5,A15,"48,9644078548","2,2619996143"
202200002735,3,7,2022,19:15,1,85,85232,2,4,1,3,RD 48,"46,6907600000"," -1,1308360000"
202200010410,27,6,2022,18:00,1,94,94068,2,2,1,3,MESNIL (AV DU),"48,7982400000","2,5168600000"
202200013516,26,4,2022,15:30,1,27,27568,1,1,1,6,"D830, PK 22+400","48,9418680000","0,8734990000"
202200051718,10,7,2022,17:20,1,80,80262,1,1,1,6,D901,"50,0612990000","1,8932320000"
202200010605,2,8,2022,17:30,1,33,33122,1,1,1,4,AUTOROUTE A 63,"44,7301090000"," -0,7265000000"
202200014515,17,7,2022,06:00,2,76,76217,2,3,1,6,RENE COTY (RUE),"49,9292300000","1,0946900000"
202200018973,31,1,2022,19:15,3,49,49267,2,3,1,3,Chemin de la Romanerie,"47,4825000000"," -0,5020000000"
202200027109,31,8,2022,14:55,1,86,86194,2,1,1,1,Voie André Malraux,"46,5841530000","0,3453780000"
202200033574,9,4,2022,21:00,3,974,97416,1,1,1,3,RN3 (ANCIENNE ROUTE)," -21,3081600000","55,4986100000"
202200001369,5,8,2022,17:00,2,974,97416,2,9,1,6,PRESBYTERE (RUE DU)," -21,3344000000","55,4719100000"
202200013354,29,5,2022,07:00,1,33,33005,2,2,1,3,12 Boulevard de la République,"44,7323760000"," -1,0798140000"
202200034421,17,7,2022,16:30,1,05,05017,1,1,1,1,N94,"44,5735030000","6,1724280000"
202200034037,1,10,2022,11:45,1,75,75112,2,7,2,6,BOULEVARD DIDEROT,"48,8482740000","2,3949550000"
202200030299,19,5,2022,17:40,1,42,42187,2,2,1,3,Rue Lucien Sampaix,"46,0304597034","4,0625499487"
202200024356,24,7,2022,10:35,1,01,01375,2,1,1,7,Route de la Perrette,"46,2835840000","5,1179510000"
202200030521,18,7,2022,13:00,1,67,67447,2,3,1,3,ERSTEIN (RUE D ),"48,6106200000","7,7339100000"
202200046435,12,6,2022,20:55,2,66,66136,2,3,1,3,WALDECK-ROUSSEAU (RENE),"42,6942424422","2,9019664228"
202200008822,2,8,2022,00:56,5,93,93050,2,3,1,3,Place de la Gare / Avenue Paul Doumer,"48,8586900000","2,5216500000"
202200030728,2,3,2022,14:20,1,40,40017,1,1,2,1,D933s,"43,7310570000"," -0,5719170000"
202200021133,16,12,2022,17:05,3,75,75112,2,4,1,5,AVENUE DE GRAVELLE,"48,8186330000","2,4430180000"
202200017229,27,5,2022,16:30,1,69,69256,2,2,1,1,Avenue Gabriel Péri,"45,7785700000","4,9166100000"
202200010023,14,10,2022,14:50,1,94,94054,2,3,2,2,Route Charles Tillon / Avenue de la Victoire,"48,7451300000","2,3859700000"
202200036680,26,7,2022,21:40,2,77,77458,1,1,1,7,Ham de Grand Ceriseaux,"48,1904200000","2,7795470000"
202200033292,21,1,2022,16:30,1,78,78344,1,1,1,1,route de saint illiers la ville,"48,9833860000","1,5239320000"
202200009162,1,6,2022,18:25,1,94,94038,2,1,1,2,GENERAL DE GAULLE (AV DU),"48,7827870000","2,3446330000"
202200048324,8,6,2022,18:45,1,13,13208,2,5,1,3,JULES CANTINI (AVENUE),"43,2830700000","5,3890800000"
202200000957,10,10,2022,21:10,3,78,78418,2,1,1,6,GABRIEL PERI (AVENUE),"48,9297800000","2,1439600000"
202200004729,1,8,2022,23:15,3,85,85109,2,6,1,6,D755b,"46,8448400000"," -1,0051400000"
202200048968,25,10,2022,15:20,1,92,92051,2,1,8,6,"ROULE (AVENUE DU, N° 29 A 91 ET 30 A 86)","48,8826294035","2,2769682705"
202200011792,11,9,2022,14:45,1,83,83140,1,1,1,4,D205,"43,3969170000","5,9688110000"
202200026763,12,12,2022,18:30,5,72,72181,1,1,1,4,RIFFAUDIERES (BD DES),"47,9913500000","0,1750800000"
202200002917,7,8,2022,09:30,1,988,98822,1,9,1,6,Tribu d'Ina - POINIDMIE," -20,9371200000","165,3657400000"
202200003044,6,8,2022,13:20,1,35,35299,1,1,1,2,Le Petit Porcon,"48,6532385167"," -1,8733821809"
202200002518,18,10,2022,11:30,1,25,25056,2,1,1,6,MARCHAUX ROUTE DE,"47,2669100000","6,0546100000"
202200015301,4,2,2022,11:15,1,37,37261,2,1,2,3,FOLLEREAU (RUE RAOUL),"47,4246993790","0,7014526427"
202200015505,8,9,2022,19:25,1,75,75114,2,3,1,7,RUE DU DEPART,"48,8418780000","2,3226280000"
202200022574,24,5,2022,18:15,1,94,94022,2,1,2,7,Boulevard de Stalingrad,"48,7725400000","2,4002700000"
202200030839,2,3,2022,17:15,1,04,04112,1,3,1,4,RD 4096 / Point P,"43,8093600000","5,7816400000"
202200014170,12,10,2022,17:42,1,92,92026,2,1,1,2,PAUL DOUMER,"48,8915200000","2,2580250000"
202200052586,5,1,2022,03:46,3,33,33063,1,1,1,7,ROCADE A 630,"44,8838980000"," -0,5580580000"
202200016683,28,7,2022,20:10,1,94,94015,1,1,1,3,Boulevard Pasteur,"48,8327900000","2,5296700000"
202200036362,24,6,2022,13:35,1,60,60612,2,1,1,3,68 Avenue du Général de Gaulle,"49,2085186430","2,6013178824"
202200046359,26,11,2022,11:30,1,972,97207,2,1,1,1,Route de Morne Vert,"14,5881420000"," -60,9551420000"
202200050193,23,10,2022,10:20,1,75,75114,2,4,1,3,AVENUE DU GENERAL LECLERC,"48,8247620000","2,3259890000"
202200047883,23,9,2022,06:50,3,54,54532,1,1,1,1,RD907,"48,7999665660","5,9470367431"
202200047991,7,7,2022,06:50,1,37,37261,2,6,1,3,AEROPORT (RUE DE L'),"47,4247200000","0,7120800000"
202200048805,17,2,2022,18:30,2,35,35278,1,1,1,6,N136,"48,1416948687"," -1,6669794917"
202200001768,2,5,2022,22:50,5,2A,2A004,2,2,2,3,MORETTI ANGE RUE,"41,9337400000","8,7439300000"
202200032098,3,10,2022,07:30,1,25,25163,1,1,9,1,D486,"47,3493780000","6,1822990000"
202200042090,5,12,2022,08:45,1,65,65460,1,1,7,4,RD935,"43,3972680000","0,0581930000"
202200026559,21,5,2022,16:00,1,974,97411,1,1,1,1,NEUF (CHEMIN)," -20,8850500000","55,4262900000"
202200032943,20,1,2022,12:20,1,78,78586,2,3,8,3,REPUBLIQUE (AVENUE) N° IMPAIR,"48,9321810000","2,1481520000"
202200018124,9,10,2022,16:45,1,17,17465,2,7,1,6,Rue du Stade,"45,9635530000"," -0,5625610000"
202200046854,10,6,2022,19:00,1,88,88304,2,1,1,5,48 Avenue Victor Hugo,"48,3067050000","6,1338470000"
202200035506,8,4,2022,20:35,5,92,92062,1,1,3,6,RUE PIERRE GAUDIN,"48,8871903732","2,2460088727"
202200016032,24,4,2022,19:30,1,2B,2B290,2,1,1,6,D71,"42,5695210000","8,9601180000"
202200028529,21,7,2022,18:30,1,01,01290,1,1,1,5,D65b,"45,8769080000","5,1831010000"
202200049447,7,1,2022,13:10,1,35,35238,2,1,1,3,Rue d’Isly,"48,1052079032"," -1,6775232553"
202200042461,12,7,2022,20:40,1,44,44009,2,1,1,1,554 Route de Clisson,"47,1859280000"," -1,4610540000"
202200004546,3,7,2022,03:45,5,75,75120,2,1,1,6,RUE DES PYRENEES,"48,8628120000","2,3999280000"
202200051263,8,5,2022,15:26,1,75,75119,2,7,1,2,PLACE AUGUSTE BARON,"48,9001600000","2,3872350000"
202200027844,9,11,2022,15:15,1,92,92051,2,1,1,7,MARECHAL JUIN (PONT DU),"48,8940100000","2,2671800000"
202200019735,20,4,2022,13:40,1,59,59009,2,1,1,3,OUEST BOULEVARD DE L,"50,6354628530","3,1217694283"
202200006590,11,2,2022,20:58,5,92,92007,2,3,1,1,HUGO (AVENUE VICTOR),"48,8032008407","2,3191092610"
202200039258,6,4,2022,21:35,5,75,75117,2,5,3,3,BOULEVARD MALESHERBES,"48,8852283664","2,3072221332"
202200021340,4,9,2022,17:30,1,973,97302,2,9,1,3,MADELEINE (ROUTE DE LA),"4,9213039557"," -52,3222374916"
202200042627,13,7,2022,17:48,1,13,13064,1,1,1,1,CD 99,"43,7875160000","4,9484610000"
202200043504,11,5,2022,13:32,1,77,77067,1,1,1,5,D346,"48,5571200000","2,6004200000"
202200020823,25,7,2022,12:25,1,64,64024,2,1,1,3,Avenue Marcel Dassault,"43,4964700000"," -1,4978200000"
202200031723,26,6,2022,14:30,1,88,88361,1,1,1,7,Col de Saales,"48,3371680000","7,1052790000"
202200005195,30,12,2022,14:15,1,69,69149,2,2,2,3,Avenue Jean Jaurès,"45,7141900000","4,8193000000"
202200048729,15,8,2022,07:30,2,65,65007,1,1,1,6,D935 ,"43,3177550000","0,0703600000"
202200015350,8,9,2022,11:50,1,71,71076,2,1,1,6,DE LATTRE DE TASSIGNY(MARECHAL),"46,7874400000","4,8430000000"
202200033046,20,1,2022,12:15,1,35,35238,2,6,1,3,GAYEULLES (ROND POINT),"48,1274700000"," -1,6514300000"
202200029287,11,4,2022,01:05,5,75,75114,2,1,1,2,RUE RAYMOND LOSSERAND,"48,8299510000","2,3101530000"
202200040965,23,2,2022,17:25,1,95,95351,1,1,1,2,RN 104,"49,0287705873","2,5028014183"
202200029299,25,1,2022,12:20,1,93,93064,2,1,1,6,LAVOISIER (RUE),"48,8624467797","2,4930975836"
202200025374,18,4,2022,17:20,1,26,26055,1,1,1,6,D148 PR 2+600,"44,6501390000","5,5625580000"
202200016787,20,7,2022,14:48,1,22,22114,1,9,1,7,La Ville Ès Macé,"48,2293180000"," -2,3199120000"
202200033554,18,6,2022,05:20,2,42,42256,1,1,1,6,1025 Route de Saint Romain,"45,5094203717","4,1603454351"
202200031898,19,5,2022,13:15,1,93,93048,2,2,1,3,Boulevard Henri Barbusse / Rue Ernest Savart,"48,8684250000","2,4414500000"
202200028626,20,7,2022,17:00,1,971,97114,1,1,1,5,Christophe Est,"16,1123950000"," -61,5744640000"
202200015483,4,2,2022,08:20,1,94,94046,2,1,2,3,62 Avenue du Général de Gaulle,"48,8082361314","2,4246611594"
202200047253,26,10,2022,18:00,2,03,03254,2,4,1,3,Rue de Souitte,"46,3003680000","3,2728210000"
202200011014,23,12,2022,23:05,5,987,98714,2,1,1,1,Vaitape," -16,5037830000"," -151,7483610000"
202200014990,23,12,2022,17:30,3,17,17337,2,1,2,7,Rue des Petites Mottes,"45,9720530000"," -1,2920100000"
202200039995,26,9,2022,17:55,1,92,92063,1,1,2,3,A86,"48,8746700000","2,1589600000"
202200047695,1,12,2022,17:40,3,91,91363,1,1,1,3,RN 104,"48,6332900000","2,2228300000"
202200017999,25,6,2022,02:45,5,75,75119,2,1,1,3,BOULEVARD MACDONALD,"48,8988150000","2,3835660000"
202200040503,26,2,2022,16:20,1,27,27281,1,1,7,7,D55,"48,9457010000","1,0488080000"
202200036149,6,11,2022,11:45,1,35,35049,2,9,1,6,Rue Jean Marie Savatte,"48,6751460358"," -1,8500067294"
202200051435,4,1,2022,09:37,1,49,49267,1,1,2,6,A87N,"47,4667200000"," -0,5160600000"
202200036037,29,9,2022,08:25,1,92,92024,2,2,1,1,PIERRE DREYFUS (RUE),"48,9037392326","2,3204779923"
202200017287,8,12,2022,19:10,3,63,63113,2,1,1,3,RESSORT (RUE DU),"45,7880912845","3,1117004156"
202200026774,12,12,2022,14:05,1,54,54025,1,1,1,2,CHARTREUSE (AVENUE DE LA),"48,6458600000","6,2847200000"
202200012296,13,10,2022,19:15,5,75,75111,2,1,2,3,BOULEVARD VOLTAIRE,"48,8497020000","2,3937710000"
202200020009,24,6,2022,06:55,2,93,93039,2,1,8,1,Quai de la Marine,"48,9389000000","2,3397900000"
202200053330,6,5,2022,21:15,5,93,93008,2,3,1,1,Rue Robespierre / Rue de Vienne,"48,9117000000","2,4680600000"
202200015217,4,2,2022,18:50,5,59,59512,2,1,1,1,GAMBETTA ( BOULEVARD),"50,6924000000","3,1836900000"
202200000113,21,10,2022,20:20,3,68,68036,1,1,3,6,route departementale 468,"48,0511340000","7,5370130000"
202200011170,31,5,2022,13:25,1,93,93027,2,5,1,6,Boulevard Pasteur / Rue de la Convention,"48,9292800000","2,3858100000"
202200028647,7,7,2022,17:45,1,16,16304,2,1,1,2,Rue de la Trache,"45,6870630000"," -0,2862130000"
202200029266,21,6,2022,09:40,1,91,91292,1,6,1,2,D26 rue andré ampère,"48,5681750000","2,2703340000"
202200016420,16,11,2022,16:05,1,30,30287,1,1,1,6,D303,"44,2083960000","4,5498150000"
202200046429,19,2,2022,20:20,3,77,77181,1,1,1,2,A4,"48,8290000000","2,7199000000"
202200003191,4,6,2022,09:10,1,972,97209,1,1,1,3,RD 41 (ROCADE),"14,6167100000"," -61,0718300000"
202200014942,14,3,2022,09:05,1,75,75108,2,2,1,3,AVENUE DES CHAMPS ELYSEES,"48,8677480000","2,3139740000"
202200042236,2,12,2022,18:25,5,18,18033,2,1,9,2,36 Chaussée de Chappe,"47,0930400000","2,4223400000"
202200047323,11,5,2022,14:45,1,69,69269,1,1,1,6,Route des Cretes,"45,7173466953","4,5915287733"
202200052981,28,3,2022,04:30,3,79,79201,1,1,1,6,lieu-dit La Guitière,"46,4186450000"," -0,0510910000"
202200052343,14,2,2022,09:30,1,95,95527,1,1,1,3, A1,"48,9864671385","2,5065296888"
202200039473,5,4,2022,17:40,1,64,64335,1,1,1,3,D817,"43,3433838304"," -0,4146695137"
202200037223,8,4,2022,11:45,1,10,10358,1,1,3,6,RD671,"48,1635450000","4,2303049000"
202200054334,8,7,2022,18:30,1,13,13070,1,1,1,4,A50-Sens Aubagne vers Marseille,"43,2854700000","5,5152700000"
202200046639,16,8,2022,17:25,1,33,33518,1,1,1,3,960 Route des Côteaux,"44,7344870000"," -0,4082160000"
202200014123,12,10,2022,12:00,1,75,75113,2,3,1,3,QUAI FRANCOIS MAURIAC,"48,8329720000","2,3787580000"
202200001443,7,8,2022,19:00,1,39,39269,1,1,1,1,,"46,3629340000","5,7085340000"
202200019121,20,12,2022,16:50,2,94,94017,2,2,2,1,GENERAL DE GAULLE (AV DU),"48,8237300000","2,4961300000"
202200002780,5,7,2022,09:50,1,91,91689,1,1,1,4,AUTOROUTE A6,"48,7258500000","2,3131400000"
202200007563,1,6,2022,18:45,1,62,62882,2,1,1,3,Rue Bernard Chochoy,"50,6823570000","2,1385630000"
202200049365,7,5,2022,07:27,1,49,49015,1,1,1,7,D775,"47,4988800000"," -0,6220900000"
202200001863,6,10,2022,16:30,1,67,67482,2,1,1,3,ROMAINS (ROUTE DES),"48,5796700000","7,7158000000"
202200040985,21,8,2022,11:10,1,68,68262,1,1,1,3,D431,"47,9100350000","7,0497680000"
202200044064,21,9,2022,10:20,1,78,78311,2,1,1,4,HENRI BARBUSSE (BOULEVARD) 44-174,"48,9284460000","2,1893240000"
202200013708,8,9,2022,12:19,1,66,66049,1,1,1,6,,"42,5028370000","2,7593870000"
202200040688,24,2,2022,11:30,1,29,29019,2,6,1,3,Boulevard Montaigne,"48,4052850000"," -4,4780320000"
202200030522,10,12,2022,16:20,1,33,33063,2,1,1,3,Boulevard Maréchal Leclerc,"44,8304354957"," -0,5968183279"
202200014362,11,10,2022,12:01,1,26,26362,2,1,1,3,368 Avenue de Romans,"44,9371800000","4,9119600000"
202200020496,12,1,2022,13:45,1,93,93008,2,1,1,3,Rue Henri Gautier,"48,9049870000","2,4264550000"
202200012142,6,2,2022,00:15,3,01,01032,1,2,1,6,route de geneve,"45,8588780000","5,1378300000"
202200016893,13,1,2022,17:42,3,02,02543,2,1,1,6,38 Rue Capitaine Pierre Plocque,"49,1679780000","3,2649160000"
202200037072,26,2,2022,09:00,1,17,17306,2,6,1,3,AMPERE,"45,6287000000"," -1,0103000000"
202200001229,4,7,2022,17:45,1,92,92033,2,1,1,7,REGARD,"48,8436543426","2,1834468842"
202200027087,1,9,2022,18:45,1,75,75112,1,1,1,2,A4,"48,8175200000","2,4553500000"
202200040762,14,6,2022,07:30,2,72,72314,1,1,7,6,"Lieu-dit ""les fontaines""","47,8156700000","0,4943000000"
202200035324,7,4,2022,13:55,1,95,95427,2,2,1,3,RD 193E,"48,9768000000","2,3545300000"
202200046249,9,6,2022,11:35,1,72,72181,2,1,1,7,PREMARTINE (RUE) N° IMP 43 A 181,"48,0087700000","0,2182200000"
202200053087,17,9,2022,19:15,1,45,45208,2,1,1,6,12 Rue de la Sirene,"48,0011700000","2,7272200000"
202200003689,12,12,2022,17:25,5,62,62155,2,1,1,1,Impasse du Hericat,"50,7750350000","2,0239420000"
202200009504,17,3,2022,23:37,5,75,75105,2,2,1,3,RUE LINNE,"48,8451070000","2,3546820000"
202200023446,17,4,2022,15:30,1,59,59350,2,3,1,6,ESCH SUR ALZETTE RUE,"50,6401325191","3,0769082307"
202200042776,12,6,2022,07:00,1,22,22360,1,1,1,7,RN12,"48,4859940000"," -2,7156410000"
202200009074,27,4,2022,17:20,1,09,09225,2,1,1,3,RIJOLE AVENUE DE LA,"43,1216890000","1,6211510000"
202200053347,4,1,2022,18:30,5,40,40001,2,3,2,3,Rue du 13 Juin,"43,7046730000"," -0,2616490000"
202200031831,29,8,2022,17:45,1,38,38185,2,1,1,2,RUE GEORGES DE MANTEYER,"45,1785000000","5,7431300000"
202200032546,17,7,2022,05:45,2,75,75116,2,2,1,3,AVENUE DE VERSAILLES,"48,8408680000","2,2652940000"
202200025644,15,4,2022,11:30,1,94,94078,2,3,1,3,Rue de Paris,"48,7513600000","2,4453200000"
202200053774,24,11,2022,23:00,5,988,98818,2,4,1,2,RUE EUGENE LEVESQUE," -22,2329700000","166,4643700000"
202200026545,17,4,2022,21:00,1,54,54113,2,1,1,6,6 Rue Saint-Barthélémy,"48,7408210000","6,3430670000"
202200008340,30,6,2022,08:30,1,75,75112,2,2,2,3,RUE DE CHARENTON,"48,8318290000","2,3976720000"
202200038157,26,9,2022,17:45,1,74,74275,1,1,1,1,D909a,"45,8079230000","6,2319950000"
202200007344,1,6,2022,07:00,1,13,13214,1,1,1,5,A507 sens Aubagne- Marseille,"43,3346274028","5,3827017545"
202200046254,18,8,2022,11:30,1,65,65006,1,1,2,7,D113,"42,9051580000","0,3011370000"
202200044106,11,7,2022,13:45,1,2A,2A004,2,1,1,2,T22,"41,9524700000","8,7827100000"
202200020356,14,11,2022,07:50,2,92,92026,2,1,1,3,GEORGES CLEMENCEAU,"48,9027548920","2,2744480669"
202200028276,3,10,2022,17:30,1,66,66161,1,1,1,6,,"42,6116680000","2,4096210000"
202200054599,3,1,2022,12:35,1,12,12264,2,6,1,2,Rue du Tremblant,"44,3955230000","2,5979770000"
202200038486,14,7,2022,06:00,1,34,34172,2,1,1,3,TOULOUSE (AVENUE DE,"43,5926740000","3,8590750000"
202200050543,24,3,2022,16:20,1,69,69034,2,1,1,6,55 Rue Jean Moulin,"45,8002576427","4,8480954766"
202200049821,30,11,2022,07:20,2,01,01266,1,1,1,2,Route de Macon,"46,3320710000","5,1093400000"
202200008130,14,10,2022,21:00,3,88,88147,1,1,3,7,D460,"48,1514780000","6,2831280000"
202200003173,26,11,2022,11:30,1,976,97616,1,1,1,7,route departementale 5," -12,8619810000","45,1094770000"
202200008426,2,7,2022,12:20,1,80,80467,1,2,1,3,D1017,"49,6695790000","2,7594460000"
202200050767,16,2,2022,08:45,1,2B,2B087,1,1,1,2,Prunete,"42,3197140000","9,5409910000"
202200040416,22,8,2022,17:55,1,94,94038,2,2,1,3,Rue des Tulipes,"48,7780060000","2,3526710000"
202200041285,31,3,2022,12:20,1,56,56083,2,1,1,6,VILLENEUVE SAINT-CARADEC (LIEU-DIT),"47,8216300000"," -3,2884700000"
202200051309,8,5,2022,13:00,1,92,92062,2,1,1,2,BERTHELOT (RUE MARCELIN),"48,8877624160","2,2327209413"
202200031733,21,10,2022,21:00,5,83,83126,2,1,2,2,RENOIR (AV AUGUSTE),"43,0840700000","5,8677010000"
202200003852,2,6,2022,01:35,3,33,33529,1,6,2,6,CAZAUX (BD DE),"44,5485600000"," -1,1575300000"
202200015210,5,1,2022,14:30,1,75,75117,2,1,1,7,NON DENOMMEE BP/17,"48,8903730000","2,3120270000"
202200002684,16,9,2022,02:40,5,13,13203,2,1,1,1,GUIBAL (RUE),"43,3062041872","5,3848599474"
202200049461,7,1,2022,08:00,5,10,10387,2,1,2,6,VOULDY (CHAUSSEE DU),"48,2929400000","4,0849600000"
202200028137,18,5,2022,16:30,1,80,80724,2,1,1,4,RD 210,"49,8589700000","2,2529900000"
202200015913,23,4,2022,14:20,1,75,75101,2,2,1,7,BOULEVARD DE SEBASTOPOL,"48,8634033712","2,3509647277"
202200005249,7,12,2022,11:00,1,78,78423,2,2,8,3,ABOUT (AVENUE NICOLAS),"48,7737000000","2,0357830000"
202200012525,19,11,2022,16:30,1,29,29048,1,1,2,6,1830 Route de Stang Kergourlay,"48,1107120000"," -3,9910840000"
202200042495,21,8,2022,11:00,1,07,07324,2,1,1,6,48 Quai Farconnet,"45,0691280000","4,8291750000"
202200038456,15,1,2022,05:40,5,35,35278,2,6,1,3,Avenue des Monts d’Arrée,"48,1369790910"," -1,6720086336"
202200034774,23,8,2022,11:35,1,74,74290,1,4,1,3,D1506,"46,0217080000","6,9187850000"
202200029594,19,6,2022,16:23,1,10,10106,2,1,1,1,Courceroy,"48,4645130824","3,4140416980"
202200004111,18,10,2022,18:15,2,70,70410,2,3,1,2,8 Route de Chambornay,"47,3186650000","5,8718970000"
202200036959,12,6,2022,04:55,5,69,69040,2,1,1,6,30 Avenue de Lanessan,"45,7941380000","4,7935530000"
202200049244,9,5,2022,12:15,1,66,66231,1,1,1,3,,"42,8417980000","2,8057580000"
202200004742,23,11,2022,14:55,1,64,64122,2,1,1,1,Allée du Moura,"43,4599320000"," -1,5441520000"
202200032686,1,3,2022,17:45,1,93,93006,2,3,1,3,17 Rue de la Capsulerie / Rue des Blancs Champs,"48,8636125784","2,4203969836"
202200009577,18,3,2022,12:50,1,75,75110,2,2,1,3,RUE LA FAYETTE,"48,8778912070","2,3516656458"
202200012642,16,3,2022,13:20,1,13,13214,2,1,1,4,CAPITAINE GEZE (BOULEVARD),"43,3305251159","5,3711141646"
202200047596,8,1,2022,18:00,5,25,25056,2,1,2,6,PONT RUE DU,"47,2186200000","6,0179900000"
202200040124,26,9,2022,09:05,1,2A,2A004,2,3,1,6,MEZZAVIA ROUTE DE,"41,9475600000","8,7634100000"