Accident_Id,jour,mois,an,hrmn,lum,dep,com,agg,int,atm,col,adr,lat,long
202200044877,12,6,2022,01:10,3,39,39086,1,1,1,6,,"46,3688090000","5,6412200000"
202200031313,23,1,2022,06:50,1,988,98818,2,3,3,2,Avenue de la VICTOIRE-HENRI LAFLEUR/Rue de Général GALLIENI," -22,2748700000","166,4394300000"
202200009572,11,5,2022,04:35,3,07,07115,1,1,1,6,Route des Defiles,"44,4600210000","4,3331840000"
202200027247,17,4,2022,11:30,1,48,48021,1,1,1,6,Voie Communale 2,"44,5426330000","3,8707070000"
202200036890,24,8,2022,15:25,1,75,75108,2,7,7,3,AVENUE HOCHE,"48,8741750000","2,2960060000"
202200002028,1,6,2022,21:15,2,02,02822,1,3,1,3,,"49,3075430000","3,1034070000"
202200002652,16,9,2022,09:35,1,51,51454,2,9,1,2,rue Gabriel Voisin,"49,2320200000","4,0670100000"
202200031500,22,1,2022,16:40,1,93,93008,2,1,1,3,Chemin de Groslay,"48,9067659774","2,4708874226"
202200001720,3,5,2022,17:30,1,94,94043,1,1,1,3,AUTOROUTE A6B,"48,8067716076","2,3462255274"
202200016599,27,7,2022,17:55,1,07,07102,2,1,1,6,REPUBLIQUE (AV.DE LA) [DU N° AU N°],"44,9355700000","4,8748500000"
202200023230,4,9,2022,07:40,2,61,61345,1,1,1,6,Les Grands Prés,"48,4290010000","0,7626270000"
202200001996,19,10,2022,14:10,1,75,75119,2,1,1,6,RUE LOUISE THULIEZ,"48,8775580000","2,3946130000"
202200021656,21,4,2022,12:15,1,91,91573,2,1,1,2,"55, avenue Louis Lachenal","48,6110720000","2,5056770000"
202200048269,19,2,2022,15:25,1,41,41106,1,1,1,7,autoroute a71 pk 136,"47,5905360000","1,9884400000"
202200031799,6,11,2022,18:45,3,13,13051,1,1,1,5,Route de Coudoux,"43,5733330000","5,2130560000"
202200023187,8,3,2022,12:45,1,974,97411,2,3,1,3,MACE (BOULEVARD GABRIEL)," -20,8727000000","55,4496700000"
202200052842,11,8,2022,14:00,1,35,35231,1,1,1,6,RN137,"47,8886817989"," -1,6900763251"
202200046918,10,6,2022,20:25,1,57,57206,2,3,1,3,Rue de Strasbourg,"49,3089000000","6,1137090000"
202200020386,14,11,2022,18:15,4,56,56193,2,1,1,3,73 Route de Merlevenez,"47,7165110000"," -3,3003240000"
202200027520,19,6,2022,22:26,5,63,63113,2,2,1,3,LAFAYETTE /Sabon,"45,7735900000","3,0900200000"
202200011527,17,3,2022,07:05,2,17,17310,1,1,1,1,RD 732,"45,5759010000"," -0,7684420000"
202200019471,5,9,2022,23:45,4,93,93007,1,1,1,2,AUTOROUTE A1,"48,9525900000","2,4529900000"
202200049739,13,8,2022,12:00,1,69,69259,2,1,1,3,Avenue Jean Cagne,"45,6976300000","4,8699800000"
202200000503,1,5,2022,12:30,1,07,07196,1,1,1,2,Route du Dauphine,"44,5649300000","4,2224720000"
202200032643,18,7,2022,17:20,1,64,64407,2,1,1,7,Chemin de Borda,"43,4736700000"," -1,4309260000"
202200001564,3,5,2022,17:05,1,06,06069,2,1,1,6,VICTOR HUGO  (BD),"43,6560230000","6,9195590000"
202200041196,31,10,2022,18:48,3,16,16097,1,1,1,6,D85,"45,7276860000"," -0,3548670000"
202200054533,19,10,2022,12:25,1,973,97302,2,2,1,3,PICHEVIN (DAVID),"4,9410334084"," -52,3252522945"
202200041856,9,9,2022,17:11,1,66,66136,2,1,1,5,,"42,7299548395","2,8902840614"
202200040906,22,8,2022,12:20,1,53,53204,1,1,8,7,D 176 PK 004+900,"48,4746310000"," -0,2654710000"
202200031667,7,11,2022,17:15,3,01,01363,2,3,1,3,Chemin de la Passe,"46,0351240000","5,3845450000"
202200011921,13,10,2022,19:52,5,59,59122,2,4,2,3,VAUBAN (BOULEVARD),"50,1732000000","3,2437000000"
202200023701,22,6,2022,02:10,5,13,13208,2,9,1,2,MENDES FRANCE (AVENUE),"43,2554160362","5,3764744225"
202200006827,22,11,2022,07:10,2,69,69259,2,3,8,6,Boulevard Ambroise Croizat,"45,7034140696","4,8874747754"
202200037887,28,9,2022,11:50,1,13,13209,2,1,1,2,MARÉCHAL DE LATTRE (AVENUE),"43,2500800000","5,4038300000"
202200006554,11,2,2022,08:03,1,75,75112,2,1,1,3,QUAI DE LA RAPEE,"48,8448382662","2,3688974977"
202200006543,8,2,2022,09:40,1,75,75104,2,2,1,3,QUAI DE LA CORSE,"48,8550740000","2,3502800000"
202200033578,9,4,2022,02:00,5,972,97209,1,1,2,7,BEAUSEJOUR JAMBETTE (ROUTE),"14,6404700000"," -61,0417500000"
202200019531,5,9,2022,03:55,5,29,29232,2,1,1,7,Rue du Frugy,"47,9881090000"," -4,1053080000"
202200008975,21,11,2022,18:00,2,69,69250,1,1,2,6,Autoroute 89,"45,8198500000","4,7053030000"
202200003491,3,5,2022,10:00,1,07,07080,1,1,2,7,,"45,0721380000","4,3704560000"
202200040880,14,6,2022,21:20,1,93,93027,1,1,1,1,AUTOROUTE A86,"48,9281200000","2,4112500000"
202200016601,15,11,2022,21:40,5,64,64483,2,1,2,7,Avenue de Chantaco,"43,3828100000"," -1,6445900000"
202200029044,30,8,2022,17:50,1,92,92078,2,2,1,3,EDOUARD MANET (RUE),"48,9330067873","2,3311067819"
202200038430,16,1,2022,02:30,5,64,64102,2,1,1,7,Rue Gustave Eiffel,"43,4882600000"," -1,4654700000"
202200018633,17,7,2022,20:20,1,57,57591,2,1,1,6,EXUPERY (RUE ST),"49,2465459138","6,1082337651"
202200024881,16,12,2022,10:30,1,59,59478,1,1,9,7,Route du Vallon Vert,"50,9454870000","2,4854900000"
202200003387,4,6,2022,13:45,1,77,77186,1,1,1,7,D116,"48,4722980000","2,7407360000"
202200027956,14,1,2022,07:05,2,91,91174,2,1,1,1,QUAI DE L APPORT PARIS,"48,6171600000","2,4778800000"
202200017412,12,3,2022,18:30,1,13,13117,2,1,8,2,PADOVANI ( AVE ),"43,4361700000","5,2582800000"
202200012267,28,6,2022,14:11,1,75,75108,2,4,1,6,RUE DE ROME,"48,8755430000","2,3239450000"
202200024854,15,12,2022,08:40,1,93,93051,2,1,1,3,Boulevard du Champy Richardets,"48,8378700000","2,5816200000"
202200029556,13,4,2022,17:15,1,92,92062,1,1,1,7,A14,"48,8931560706","2,2343018353"
202200039551,29,10,2022,23:45,3,56,56078,1,1,1,1,Saint-Fiacre,"47,7818540000"," -3,5019890000"
202200019964,19,4,2022,08:45,1,974,97407,2,9,1,3,ROUTE DU SACRE COEUR," -20,9587400000","55,3198700000"
202200020480,31,1,2022,13:30,1,75,75109,2,1,1,3,BOULEVARD DES CAPUCINES,"48,8704530000","2,3311280000"
202200007899,12,9,2022,08:50,1,49,49328,2,6,1,3,ROND POINT  PONT FOUCHARD,"47,2535000000"," -0,0854000000"
202200049331,5,5,2022,12:00,1,66,66136,2,3,1,6,FOCH (MARECHAL),"42,6965000000","2,8915100000"
202200000050,21,10,2022,07:20,5,93,93005,2,1,3,6,Route de Mitry,"48,9460206396","2,5101830821"
202200008109,16,10,2022,12:30,1,01,01069,1,1,1,6,Autoroute A40 P 153+300,"46,1193430000","5,2868910000"
202200015120,4,2,2022,08:10,2,91,91377,2,1,2,6,AV DU NOYER LAMBERT,"48,7302400000","2,2893300000"
202200002681,16,9,2022,17:50,1,13,13212,2,1,1,1,GASSENDI (BOULEVARD),"43,3038800000","5,4207300000"
202200012662,25,7,2022,08:50,1,65,65286,2,1,1,6,Ch. De  Darrespey,"43,0881220000"," -0,0500110000"
202200048157,8,6,2022,08:10,1,45,45338,1,1,3,3,Route de Lorris,"47,9801170000","2,6745470000"
202200040602,29,3,2022,19:15,3,971,97118,1,1,1,1,Route de la Traversee,"16,1975110000"," -61,6453920000"
202200050983,7,5,2022,14:15,1,27,27256,1,2,1,3,"Intersection D32, rue des authieux","48,9108940000","1,2404890000"
202200014480,18,11,2022,17:50,3,80,80338,1,2,8,3,D523,"49,8831320000","2,4980160000"
202200025152,8,3,2022,15:30,1,80,80804,1,1,1,6,A16,"50,0523990000","2,0127300000"
202200016278,10,10,2022,16:45,1,10,10119,1,1,3,6,,"48,0365440000","4,6485040000"
202200036197,7,12,2022,09:45,1,94,94074,1,1,1,6,RN406.W,"48,7690871283","2,4502224877"
202200041262,24,3,2022,17:30,1,89,89346,2,3,1,3,LINDRY ( RUE DE ),"47,8000000000","3,5019800000"
202200047146,11,5,2022,08:10,1,94,94068,2,6,1,6,Place de Rimini,"48,7939000000","2,4957100000"
202200051509,14,2,2022,19:45,3,78,78440,1,1,2,2,MEULAN ROUTE DE CD154,"48,9924000000","1,9399700000"
202200037876,28,9,2022,21:34,5,45,45284,2,3,3,7,93 Avenue du Général Leclerc,"47,9160000000","1,9738000000"
202200001094,17,9,2022,18:30,1,75,75120,2,1,1,2,BD PERIPHERIQUE INTERIEUR,"48,8474280000","2,4145600000"
202200032032,15,5,2022,11:45,1,74,74290,1,1,1,1,Col des Montets (Plateforme),"46,0048640202","6,9234960078"
202200025862,23,1,2022,21:50,5,971,97113,1,9,1,3,RN4 - SECTION RIVIERA,"16,2189800000"," -61,5032300000"
202200029480,24,1,2022,09:20,1,75,75113,2,3,1,3,AVENUE DE LA PORTE DE VITRY,"48,8228820000","2,3778550000"
202200001279,8,8,2022,09:00,1,13,13215,2,1,1,3,GAFFAREL (RUE),"43,3492500000","5,3594200000"
202200023989,6,10,2022,09:05,1,91,91161,1,1,1,2,AUTOROUTE A6,"48,6977600000","2,3149400000"
202200013001,16,3,2022,11:45,1,75,75112,2,4,1,2,RUE DE CHARENTON,"48,8416950007","2,3869715631"
202200021653,21,4,2022,12:15,1,34,34270,1,1,1,5,D132e2,"43,5857317704","3,8421174911"
202200046534,19,2,2022,12:00,1,33,33281,2,1,1,3,Parking,"44,8380400000"," -0,6703600000"
202200025634,15,4,2022,11:12,1,75,75110,2,7,1,3,PLACE FRANZ LISZT,"48,8778906745","2,3516564553"
202200018153,8,10,2022,09:45,1,976,97611,2,1,1,6,cavani-Cavani Massimoni rue de," -12,7838600000","45,2188400000"
202200004512,3,7,2022,10:40,1,974,97411,2,1,1,3,PAYET (RUE ROGER)," -20,8923000000","55,4882100000"
202200010774,31,5,2022,19:00,1,69,69199,1,1,1,6,Boulevard Pierre Sémard,"45,6949650220","4,8446871321"
202200017799,23,4,2022,15:30,1,69,69044,2,3,8,3,Avenue des Thermes,"45,7852910000","4,7342120000"
202200019696,17,4,2022,12:00,1,94,94022,1,1,1,6,A86 INT,"48,7763980000","2,4152400000"
202200005254,17,11,2022,17:20,3,69,69384,2,1,3,1,Pont Georges Clémenceau,"45,7749100000","4,8100400000"
202200000333,5,5,2022,12:55,1,95,95582,1,1,1,3,A15,"48,9746867186","2,2441935539"
202200032360,8,12,2022,17:55,3,03,03310,2,1,1,6,rue des Alpes,"46,1307400000","3,4175000000"
202200000370,4,5,2022,02:01,5,49,49007,2,1,1,6,PASTEUR AVENUE,"47,4741200000"," -0,5373200000"
202200043823,24,9,2022,12:20,1,69,69388,2,2,1,3,Avenue Jean Mermoz,"45,7341300000","4,8763000000"
202200047796,30,11,2022,19:20,5,92,92019,2,1,1,3,MONNET JEAN (AVENUE DU),"48,7708706361","2,2851642966"
202200039377,6,4,2022,23:40,3,88,88136,1,1,8,2,,"48,2190110000","6,4530090000"
202200035190,26,8,2022,07:40,1,42,42149,2,3,1,3,Avenue de la Route Bleue,"45,6493360000","4,2309540000"
202200011162,17,11,2022,16:15,1,06,06004,2,3,1,6,MAUPASSANT-JUAN AV.GUY DE,"43,5687560000","7,1108140000"
202200022116,13,11,2022,16:00,1,69,69029,2,1,1,3,Boulevard de l'Université,"45,7241300000","4,9171000000"
202200017664,6,9,2022,15:50,1,13,13208,2,1,1,3,POMPIDOU (PROMENADE),"43,2619700000","5,3747800000"
202200018390,2,2,2022,14:00,1,13,13203,2,9,1,3,PLOMBIERES (BOULEVARD DES),"43,3160033398","5,3844665294"
202200026863,7,3,2022,15:40,1,08,08151,2,1,1,6,RUE DU PONT,"49,5281120000","4,5776990000"
202200036860,16,7,2022,09:15,1,30,30334,2,1,1,2,Avenue Georges Pompidou,"44,0086470000","4,4145460000"
202200054611,8,7,2022,00:40,3,91,91689,1,1,1,7,AUTOROUTE A6A,"48,7422300000","2,3217400000"
202200014458,19,11,2022,00:00,3,66,66230,1,1,1,5,N116,"42,6442780000","2,5013480000"
202200041213,30,10,2022,09:50,1,64,64483,2,1,1,2,Avenue de Chantaco,"43,3861700000"," -1,6530800000"
202200033246,20,1,2022,15:35,1,65,65072,2,2,1,3,11 Rue du 11 novembre,"43,2907090000","0,0756920000"
202200000813,3,9,2022,22:30,3,14,14406,1,1,1,3,D613,"49,2459450000"," -0,6138090000"
202200040234,4,12,2022,14:23,1,95,95306,2,1,1,2,Boulevard Joffre,"48,9939414139","2,1764168143"
202200002559,18,9,2022,12:15,1,35,35246,1,2,1,3,D676,"48,5342830000"," -1,8077770000"
202200023937,28,1,2022,15:05,1,71,71040,2,4,8,2,MARECHAL LECLERC (AVENUE DU),"46,6921100000","4,3823700000"
202200008949,22,11,2022,07:50,2,72,72275,2,1,1,6,garnde rue,"48,0711290000","0,3470510000"
202200045714,10,1,2022,17:05,2,57,57097,1,1,5,1,D25,"49,1781620000","6,5196780000"
202200055065,4,5,2022,22:45,5,92,92036,2,3,1,7,PIERRE DE COUBERTIN (BOULEVARD) (PORT ->,"48,9239724082","2,2857394963"
202200030564,10,12,2022,14:00,1,971,97101,2,9,1,6,DOTHEMARE,"16,2660000000"," -61,5150000000"
202200045259,27,10,2022,12:30,1,28,28404,2,6,1,2,CRECY (ROUTE DE),"48,7325000000","1,3417800000"
202200049542,5,1,2022,19:40,3,974,97409,2,3,1,3,PATELIN (chemin)," -20,9688730000","55,6659600000"
202200055223,2,1,2022,11:30,1,42,42059,2,1,1,7,Route de Montbrison,"45,6376460000","4,3830410000"
202200024182,5,10,2022,11:30,1,44,44184,2,1,1,6,Avenue de Villeneuve,"47,2812900000"," -2,2423800000"
202200031133,22,1,2022,23:30,5,75,75111,2,3,1,2,BOULEVARD DE MENILMONTANT,"48,8598270000","2,3888520000"
202200027177,31,8,2022,17:20,1,92,92024,2,3,1,3,JEAN JAURES (BD) DE 47 A 109)   (56 A 14,"48,9036820204","2,3032198548"
202200012884,24,12,2022,17:00,5,94,94034,1,1,1,5,AUTOROUTE A86,"48,7592617334","2,3231599645"
202200028162,19,5,2022,10:00,1,66,66136,1,1,1,2,RD 914,"42,6725900000","2,8912500000"
202200006945,1,8,2022,15:50,1,66,66136,2,1,1,4,,"42,6736400000","2,8886700000"
202200037584,2,11,2022,06:30,3,29,29035,1,1,1,3,D26,"48,4939710000"," -4,5346020000"
202200020941,19,12,2022,17:00,2,45,45142,1,1,8,7,239 Route de la Mardelle,"47,9456430000","2,1665380000"
202200048829,17,2,2022,11:50,1,29,29051,2,1,1,1,D15 - Avenue de Coray,"48,0062700000"," -4,0308800000"
202200006253,14,9,2022,08:09,1,45,45167,1,1,1,7,D3 PR 10 + 660,"47,9191071604","1,6980385320"
202200046415,5,7,2022,11:55,1,67,67482,2,1,1,2,TITE LIVE (RUE),"48,5818400000","7,7012400000"
202200052061,22,10,2022,14:50,1,18,18118,1,1,1,7,Route du Poids de Fer,"47,0539460000","3,0063050000"
202200004850,5,8,2022,23:09,3,22,22390,1,1,1,6,D7,"48,7185600000"," -3,0236760000"
202200022389,11,11,2022,19:45,5,94,94022,1,1,1,2,A86 INT,"48,7760142953","2,4272999132"
202200004153,17,9,2022,12:15,1,33,33498,1,1,1,2,A 63 - PK 034.300,"44,5472876264"," -0,8329653740"
202200047282,12,5,2022,10:30,1,46,46086,1,2,1,3,D840 PR 82.303,"44,9742750000","1,5457730000"
202200012820,29,5,2022,03:15,4,77,77447,2,1,1,6,D50,"48,5627100000","2,5582300000"
202200011172,18,11,2022,12:55,1,75,75116,2,1,1,2,PORTE DAUPHINE,"48,8751260000","2,2766710000"
202200053604,22,10,2022,17:45,1,27,27114,1,1,1,2,D58,"48,9581760000","1,4448510000"
202200004014,16,6,2022,22:33,5,06,06088,2,2,1,3,VEIL (AV. SIMONE),"43,6974300000","7,1965900000"
202200007776,29,4,2022,16:30,1,91,91161,1,1,1,2,AUTOROUTE A6,"48,7039300000","2,3062600000"
202200035528,4,11,2022,08:55,1,92,92049,2,1,1,3,PERI RUE GABRIEL AUTRES N°,"48,8187465419","2,3180127740"
202200026504,21,5,2022,16:55,1,42,42186,1,9,1,4,A47,"45,5220777777","4,5948272198"
202200008044,13,9,2022,14:00,1,30,30117,1,3,1,2,Route departementale 6113,"43,7063660000","4,5596470000"
202200021536,19,4,2022,08:40,1,34,34172,2,2,1,3,VINCI (RUE LEONARD DE),"43,6083900000","3,9065700000"
202200046112,17,5,2022,18:25,1,89,89387,2,1,1,6,ARISTIDE BRIAND (BOULEVARD),"48,2053000000","3,2782300000"
202200003685,23,11,2022,01:20,5,69,69389,2,1,2,6,Rue du Chapeau Rouge,"45,7710700000","4,8076800000"
202200003012,6,8,2022,19:00,1,94,94033,2,3,1,1,Rue la Fontaine / Avenue Jean Moulin,"48,8583160000","2,4797080000"
202200019476,5,9,2022,20:40,3,94,94044,1,1,2,6,RN406.Y,"48,7573897525","2,4765319865"
202200013225,16,3,2022,22:15,3,50,50539,2,1,1,7,Route de Cherbourg,"49,6620670000"," -1,4094710000"
202200014224,28,6,2022,19:50,1,92,92007,2,6,1,3,RAVERA (AVENUE HENRI) N° 1 A 109 ET 2 A,"48,7970555508","2,3017807156"
202200051387,5,1,2022,14:30,1,973,97302,2,9,1,6,REPUBLIQUE (BD DE LA),"4,9389365862"," -52,3195418715"
202200030804,3,3,2022,17:50,2,35,35238,2,6,2,6,Avenue Gros Malhon,"48,1333300000"," -1,6852700000"
202200012260,5,2,2022,19:00,5,15,15014,2,1,1,6,4 SEPTEMBRE (AVENUE DU),"44,9226930000","2,4351780000"
202200050486,29,3,2022,09:30,1,988,98818,2,3,1,2,ROUTE DE LA BAIE DES DAMES/RUE FULTON," -22,2379100000","166,4473000000"
202200028688,18,5,2022,14:15,1,35,35238,1,1,1,4,N136,"48,1070180612"," -1,7173030972"
202200028124,8,11,2022,14:00,1,01,01053,2,6,1,3,PICASSO ( AVENUE PABLO),"46,2014100000","5,2490370000"
202200043964,1,12,2022,17:00,5,55,55545,2,3,1,3,SAINT VICTOR,"49,1541100000","5,3913200000"
202200015870,26,6,2022,19:40,1,22,22215,2,1,1,6,VILLES MOISAN (RUE DES),"48,4980638427"," -2,7724544406"
202200016075,26,6,2022,16:30,1,78,78362,1,1,1,6,A13,"48,9755840000","1,7239730000"
202200038405,6,12,2022,11:00,1,13,13215,1,1,1,4,A7-Sens Marseille vers Lyon,"43,3780000000","5,3557000000"
202200017680,6,9,2022,10:50,1,07,07281,2,1,1,6,Parc GROSS-UMSTADT,"44,9438320000","4,8566200000"
202200039260,6,4,2022,20:50,5,75,75117,2,4,1,7,BOULEVARD BERTHIER,"48,8863369047","2,2954176165"
202200054235,25,11,2022,18:31,5,51,51454,2,1,1,7,rue Edouard Mignot,"49,2599200000","4,0214900000"
202200014196,13,10,2022,06:10,3,44,44119,2,1,2,6,Rue de la Garnache,"46,9586770000"," -1,7621470000"
202200040993,21,8,2022,17:20,1,69,69089,2,1,1,3,Chemin du Grand Moulin,"45,7407610970","4,7368135303"
202200000990,19,9,2022,10:40,1,71,71369,1,2,1,3,D974bis,"46,9134250000","4,7223830000"
202200024272,13,11,2022,16:30,1,63,63282,2,1,1,6,58 Avenue Guyot Dessaigne,"45,6212030000","3,1484770000"
202200016686,23,10,2022,18:10,2,42,42186,2,3,1,1,M88,"45,5193900000","4,5949300000"
202200038589,27,2,2022,00:20,3,13,13051,1,1,1,5,Route des Fourches,"43,5739240000","5,1314740000"
202200016676,27,5,2022,11:46,1,53,53122,2,1,1,7,Rue du Temple,"48,2578270000"," -0,4982790000"
202200022730,24,7,2022,05:45,2,37,37233,2,1,1,6,JAURES (RUE JEAN),"47,3915000000","0,7256300000"
202200004408,16,10,2022,21:30,5,33,33281,2,2,1,3,Avenue de la Libération,"44,8510777180"," -0,6446539163"
202200034568,1,3,2022,10:20,1,92,92046,2,1,8,6,DANTON (RUE),"48,8214300000","2,2983400000"
202200004867,21,11,2022,18:15,5,05,05061,2,3,1,3,EMBRUN ( AVENUE D'),"44,5689700000","6,1012700000"
202200013094,23,12,2022,09:33,1,64,64102,2,3,1,6,Boulevard Jean Jaurès,"43,4933900000"," -1,4615000000"
202200019552,5,9,2022,15:50,1,75,75113,2,1,1,3,BD PERIPHERIQUE EXTERIEUR,"48,8161200000","2,3599110000"
202200011041,29,5,2022,14:00,1,06,06030,2,2,1,3,MISTRAL (RUE FREDERIC),"43,5689500000","7,0174900000"
202200005500,25,4,2022,22:04,5,95,95555,2,1,1,6,RD 109,"48,9644200000","2,2826500000"
202200042030,26,9,2022,17:10,1,89,89134,1,4,3,3,,"47,4746790000","4,0181640000"
202200026808,22,7,2022,13:25,1,75,75112,1,1,1,2,A4,"48,8189830000","2,4574720000"
202200009675,19,3,2022,15:50,1,51,51195,1,1,1,1,N44,"48,7589236367","4,5886158943"
202200021483,3,9,2022,10:17,1,37,37261,2,1,1,2,VAILLANT (RUE EDOUARD),"47,3772806338","0,7128828764"
202200042614,13,7,2022,01:55,3,34,34145,1,1,1,7,D110,"43,6704120000","4,1027090000"
202200026554,18,4,2022,15:25,1,67,67261,1,2,1,1,départementale 3,"48,9709350000","8,1721760000"
202200019598,21,6,2022,06:24,2,01,01354,2,1,1,5,Route de Meyrin,"46,2371200000","6,0426310000"
202200007153,29,4,2022,12:30,1,69,69387,2,3,1,6,Rue Crépet,"45,7405145129","4,8318423308"
202200000688,6,12,2022,20:12,5,93,93029,2,1,8,6,Rue Roger Salengro,"48,9179225898","2,4361458421"
202200001744,22,3,2022,09:39,1,75,75116,2,1,1,6,AVENUE RAYMOND POINCARE,"48,8640600000","2,2867880000"
202200009057,22,11,2022,05:00,5,59,59249,2,3,2,6,Rue Faidherbe,"50,0165060000","4,0478660000"
202200040162,26,9,2022,15:30,1,83,83144,2,1,1,3,SAINTE CECILE (AVE DE),"43,1411900000","5,9830700000"
202200054663,3,1,2022,15:40,1,45,45062,2,1,2,6,107 route nationale,"47,9761050000","1,8851640000"
202200004663,4,8,2022,12:40,1,54,54395,2,5,1,3,rue de la Fraternité,"48,6899590000","6,2028900000"
202200019332,21,12,2022,08:50,2,22,22135,1,1,2,1,"Lieu Dit Saint Paul, D712","48,5517990000"," -3,3732430000"
202200045957,1,7,2022,12:13,1,973,97302,2,1,1,3,,"4,9446100000"," -52,3160900000"
202200033838,17,5,2022,14:35,1,93,93055,2,1,7,3,Avenue Jean Lolive,"48,8926536145","2,4105280638"
202200015729,7,9,2022,19:50,2,91,91027,2,2,3,3,AV DE LA REPUBLIQUE,"48,7104900000","2,3885100000"
202200000332,8,8,2022,21:00,2,35,35238,2,1,1,3,SALLE (BLD JEAN BAPTISTE DE LA),"48,1157646679"," -1,7045089602"
202200041859,14,1,2022,08:57,1,10,10116,1,1,1,1,RN 77,"48,1497436244","4,0141510963"
202200012375,30,6,2022,11:50,1,80,80443,1,1,2,6,D211,"49,8602310000","1,9258690000"
202200021784,17,4,2022,22:25,5,94,94078,2,3,1,6,124 Avenue de Valenton,"48,7388900000","2,4562700000"
202200025053,6,3,2022,15:50,1,2A,2A004,2,3,1,3,PERALDI NICOLAS AVENUE,"41,9365400000","8,7413400000"
202200036460,18,1,2022,18:45,3,83,83004,1,1,1,5,RD555,"43,4791140000","6,4818050000"
202200018219,8,10,2022,14:58,1,92,92050,2,2,1,6,BARBUSSE HENRI RUE,"48,8914000000","2,1923000000"
202200001091,17,9,2022,04:27,5,10,10333,2,2,1,6,JULES DIDIER (RUE),"48,2861200000","4,0665000000"
202200031382,18,6,2022,21:30,1,93,93048,2,6,1,3,Rue Pierre de Montreuil / Rue Saint-Just,"48,8624950000","2,4552310000"
202200021135,4,3,2022,16:00,1,42,42218,2,1,1,5,Rue Montyon,"45,4643684563","4,3820915222"
202200020970,24,5,2022,10:45,1,13,13103,2,2,1,3,AVENUE DONNADIEU - ROGER,"43,6414700000","5,1031700000"
202200022530,24,5,2022,15:40,1,75,75110,2,2,1,6,RUE D HAUTEVILLE,"48,8738260000","2,3505130000"
202200010705,2,8,2022,10:50,1,53,53003,1,1,1,1,la métairie,"48,4139010000"," -0,6639490000"
202200009802,8,9,2022,21:10,5,92,92020,2,2,1,6,VERDUN AVENUE DE AUTRES N°,"48,8024300000","2,2863300000"
202200027566,7,6,2022,17:35,1,28,28085,2,3,1,3,SABLONS (AVENUE DES),"48,4460500000","1,5155400000"
202200008930,4,4,2022,08:30,1,61,61006,2,1,1,6,HUGO (BOULEVARD),"48,7319650000"," -0,0201870000"
202200024525,15,12,2022,08:30,2,29,29019,2,1,1,6,rue du Duc d'Aumale,"48,4011200000"," -4,5094000000"
202200051905,18,9,2022,18:40,1,94,94028,2,3,1,5,Place Pierre Mendes France / Boulevard Jean-baptiste Oudry,"48,7764653425","2,4552736013"
202200008061,14,9,2022,14:40,1,44,44129,2,1,1,7,7 Rue la Chere Soeur St Colomban,"47,4364550000"," -2,0862170000"
202200046772,10,6,2022,20:00,2,25,25223,1,1,1,7,Route d Amancey,"47,0088500000","6,0360750000"
202200001019,17,9,2022,03:50,3,06,06161,1,1,1,6,"autoroute A8, pk 177.200 Nord","43,6325730000","7,1227670000"
202200043493,11,5,2022,13:45,1,91,91570,2,2,1,3,ROSIERES (RUE),"48,6255200000","2,3140600000"
202200036988,26,2,2022,02:00,5,95,95585,2,3,1,7,REFUZNICKS (ROUTE DES),"48,9842539745","2,3872089386"
202200011020,18,11,2022,08:00,2,45,45274,2,6,1,3,D951 PR 86 + 894,"47,8679600000","1,9576200000"
202200009342,17,3,2022,19:24,5,51,51454,2,1,1,3,Boulevard de la Paix,"49,2541719130","4,0406821668"
202200018982,26,5,2022,17:30,1,62,62314,1,1,1,1,D341,"50,3938530000","2,6150110000"
202200049328,9,5,2022,20:45,1,69,69266,2,1,1,6,Rue Pierre Baratin,"45,7641994471","4,9009029562"
202200007577,30,4,2022,22:08,5,974,97422,2,1,1,3,rue de paris," -21,2827560000","55,5112020000"
202200004650,5,8,2022,14:40,1,74,74010,2,3,1,3,JEAN JAURES,"45,9032600000","6,1277900000"
202200006353,1,7,2022,01:10,5,76,76351,2,2,1,2,PAUL VERLAINE (AVENUE),"49,5091300000","0,1591300000"
202200014442,31,7,2022,06:45,2,47,47157,2,1,1,6,28 Avenue Charles Boisvert,"44,4945840000","0,1717120000"
202200048664,26,3,2022,01:15,5,93,93032,2,1,1,6,Rue de Franceville,"48,8880000000","2,5440000000"
202200000814,19,10,2022,02:05,3,71,71499,1,1,1,7,ROUTE DEPARTEMENTALE (N°224),"46,6724210000","4,2647500000"