Accident_Id,jour,mois,an,hrmn,lum,dep,com,agg,int,atm,col,adr,lat,long
202200033457,11,4,2022,14:15,1,22,22229,1,3,1,4,Les Isles,"48,2679910000"," -3,2766940000"
202200054189,3,6,2022,04:50,3,2A,2A065,1,1,1,6,Chiuni,"42,1730600429","8,6101765931"
202200042347,20,8,2022,19:05,1,93,93001,2,3,1,3,Avenue Victor Hugo / Rue de la Haie Coq,"48,9036577631","2,3722560275"
202200003371,24,3,2022,15:00,1,60,60103,1,1,1,3,route nationale 31,"49,4179810000","2,2466830000"
202200027583,20,6,2022,08:45,1,13,13213,2,3,1,3,CHATEAU GOMBERT CHEMIN,"43,3460500000","5,4256400000"
202200021130,21,1,2022,16:10,1,42,42218,2,6,1,3,Square Franklin Roosevelt,"45,4209600000","4,4121300000"
202200046547,10,6,2022,15:00,1,75,75115,2,1,1,3,AVENUE FELIX FAURE,"48,8391180000","2,2830010000"
202200043150,29,10,2022,15:07,1,94,94081,2,1,1,3,STALINGRAD (BD DE),"48,7733900000","2,3995300000"
202200053687,6,7,2022,14:55,1,34,34344,1,1,1,6,D62,"43,5649920000","4,0516590000"
202200025472,21,6,2022,08:45,1,974,97416,1,1,1,1,BOISSY (CHEMIN DE)," -21,3450000000","55,5029900000"
202200028185,20,5,2022,13:05,1,56,56121,2,6,7,6,LECLERC ( BD GENERAL ),"47,7499100000"," -3,3663700000"
202200006560,10,2,2022,20:00,5,94,94068,2,2,2,1,Place ,"48,7992900000","2,4898300000"
202200033739,3,11,2022,12:40,1,50,50147,2,6,3,1,DE LA CROUTE,"49,0459800000"," -1,4416200000"
202200034431,6,12,2022,12:50,1,54,54547,2,3,1,6,JONQUILLES (AVENUE DES),"48,6635489978","6,1846321821"
202200036837,15,7,2022,11:30,1,22,22067,1,1,7,6,RN12,"48,5528734814"," -3,1717452775"
202200024120,28,1,2022,08:35,1,93,93007,2,9,8,6,"""REPUBLIQUE (AVENUE DE LA """"COTE PAIRS""""","48,9359507461","2,4671126252"
202200005584,29,12,2022,20:55,5,77,77373,2,9,1,6,LES PETITES FRICHES RN4,"48,7829014814","2,6139036227"
202200016695,15,11,2022,07:45,1,37,37261,2,1,2,2,PARCAY (RUE DE),"47,4125868679","0,7265889645"
202200018802,29,1,2022,19:15,5,76,76540,2,3,2,3,Avenue du Mont Riboudet,"49,4482700000","1,0667700000"
202200044419,11,6,2022,02:00,5,56,56260,2,1,1,2,16 Avenue du 4 Aout 1944,"47,6705400000"," -2,7571600000"
202200032700,17,7,2022,05:30,3,93,93006,1,1,1,4,AUTOROUTE A3,"48,8663142702","2,4133247345"
202200038724,24,2,2022,11:50,1,972,97213,2,1,1,3,ROUTE DEPARTEMENTALE 15 A,"14,6124200000"," -60,9977200000"
202200013996,28,6,2022,11:45,1,69,69381,2,1,1,6,108 Boulevard de la Croix-Rousse,"45,7739361702","4,8269080371"
202200053798,25,3,2022,10:25,1,93,93066,2,1,1,3,Avenue du Docteur Lamaze,"48,9363367622","2,3722759047"
202200030594,14,7,2022,05:34,2,33,33063,2,3,1,3,Quai de Paludate,"44,8298100000"," -0,5558600000"
202200050370,7,6,2022,16:45,1,54,54578,2,1,1,6,AIGUILLETTES  (BD 5 A 73-2 A 94),"48,6707923760","6,1574144661"
202200016454,17,11,2022,10:40,1,30,30228,1,1,1,6,pk 55+900 D979,"43,9340300000","4,3855400000"
202200049614,29,11,2022,08:50,1,94,94016,2,1,1,6,CARNOT (AV),"48,7985523901","2,3271022389"
202200030998,2,3,2022,08:20,1,13,13071,1,1,1,4,A7-Sens Marseille vers Lyon,"43,4040000000","5,3419000000"
202200028921,4,3,2022,18:20,2,11,11069,2,6,2,6,VERNE JULES -AVENUE-,"43,2050600000","2,3308300000"
202200047102,11,5,2022,14:25,1,75,75116,2,2,1,3,AVENUE GEORGES LAFONT,"48,8363170000","2,2563310000"
202200034619,25,8,2022,23:00,5,93,93008,2,3,1,6,Avenue Paul Vaillant - Couturier / Rue Pablo Picasso,"48,9091094173","2,4489979586"
202200024744,23,7,2022,16:30,1,988,98826,1,1,3,6,RM8 - POUM," -20,1948600000","164,0912200000"
202200014530,17,11,2022,11:30,1,75,75110,2,4,9,2,BOULEVARD DE MAGENTA,"48,8771396648","2,3552745581"
202200000156,17,10,2022,10:16,1,75,75112,2,1,2,3,BOULEVARD DE BERCY,"48,8395040000","2,3848970000"
202200035312,14,4,2022,07:50,2,17,17449,2,1,1,2,SAINTONGE AVENUE DE,"45,9490900000"," -0,9037300000"
202200049435,6,1,2022,11:33,1,63,63113,2,1,1,6,LOUCHEUR (BD LOUIS),"45,7628816363","3,0986756086"
202200008237,14,10,2022,07:40,5,72,72181,2,3,2,3,LAIGNE RUE DE N° IMP 229 A 385,"47,9660100000","0,2096200000"
202200043522,12,5,2022,08:05,1,59,59195,2,2,7,1,BERTHA IMPASSE,"50,6234200000","2,9598200000"
202200025617,15,4,2022,08:30,1,75,75115,2,2,1,3,RUE DE LA CONVENTION,"48,8372340000","2,2964440000"
202200002530,28,6,2022,08:51,1,06,06088,2,1,1,6,RAYBAUD JOSEPH,"43,7277300000","7,2821800000"
202200039877,25,9,2022,03:30,3,95,95612,1,1,1,3,RD 317,"49,0016867248","2,4860483408"
202200004878,22,11,2022,11:45,1,44,44143,2,1,1,6,71 Rue Aristide Briand,"47,1809270000"," -1,5450970000"
202200027571,26,1,2022,10:45,1,36,36088,2,6,1,6,Avenue de la Caserne,"46,9419954105","1,9871413708"
202200036548,8,7,2022,14:00,1,58,58194,2,3,1,3,SAINT ETIENNE,"46,9910100000","3,1632100000"
202200042254,20,8,2022,21:22,5,37,37122,2,9,1,6,MANSART (RUE),"47,3422869838","0,6603491306"
202200019818,20,4,2022,14:45,1,94,94017,2,1,1,1,79 Avenue du Général de Gaulle,"48,8224500000","2,4922000000"
202200005459,29,4,2022,19:17,1,94,94017,1,1,1,2,A86.EXT,"48,8297175111","2,4830468102"
202200002693,16,9,2022,01:29,5,75,75109,2,1,1,6,RUE DE MOGADOR,"48,8759390000","2,3311780000"
202200002050,22,3,2022,19:00,5,75,75102,2,7,1,2,AVENUE DE L OPERA,"48,8702740000","2,3325210000"
202200048018,21,9,2022,09:00,1,31,31483,2,1,1,6,CRETES (AVENUE DES),"43,1325700000","0,7036400000"
202200006209,12,9,2022,18:15,1,92,92004,2,1,1,6,HENRI POINCARE,"48,9323068949","2,2765227556"
202200020909,20,12,2022,13:30,1,68,68021,1,1,1,2,A35 PK 117.400,"47,6435040000","7,4962810000"
202200027706,18,1,2022,15:28,1,63,63113,2,1,1,2,COTE BLATIN (BD),"45,7679900000","3,0870600000"
202200013824,25,4,2022,16:03,1,93,93073,1,1,1,2,Route de la Croix au Plâtre,"48,9843270000","2,5339430000"
202200016944,28,5,2022,14:30,1,46,46288,1,1,1,6,Pech de Saint Perdoux,"44,6738020000","2,0461080000"
202200051393,7,5,2022,18:30,1,07,07183,1,1,1,4,,"44,4848400000","4,3804000000"
202200003509,22,3,2022,08:35,1,54,54328,2,2,1,3,GENOBOIS (AVENUE DE),"48,6143200000","6,1675900000"
202200003210,26,11,2022,02:15,3,16,16210,1,1,8,6,Route des Ponts,"45,7416780000","0,0835670000"
202200055047,5,5,2022,11:15,1,92,92062,2,1,1,7,POMPIDOU (AV GEORGES) N°2 A 18,"48,8739800000","2,2362600000"
202200004417,15,9,2022,12:14,1,92,92040,2,1,1,3,CAMILLE DESMOULINS,"48,8285981058","2,2628464401"
202200049168,10,5,2022,19:20,1,92,92044,2,1,1,3,ANA.FRANCE(RUE)77A139 ET 74A124,"48,8957338289","2,2817104161"
202200019840,24,6,2022,22:20,5,35,35238,2,2,8,3,PARIS (RUE DE),"48,1124500000"," -1,6662000000"
202200054961,25,3,2022,13:45,1,64,64102,2,1,1,2,RESPLANDY (AVENUE DU CAPITAINE),"43,4841000000"," -1,4506500000"
202200039905,15,1,2022,22:00,3,60,60178,1,1,5,6,D151,"49,6104680000","2,0622910000"
202200019294,6,9,2022,18:40,1,94,94071,2,1,1,7,Allee du Parc,"48,7608700000","2,5350100000"
202200017943,25,6,2022,17:15,1,69,69266,2,1,6,6,275 Cours Emile Zola,"45,7675100000","4,8905800000"
202200043574,11,5,2022,14:15,1,75,75114,2,1,1,4,ECHANGEUR ORLEANS,"48,8174460000","2,3341620000"
202200044301,11,7,2022,08:55,1,94,94002,2,2,1,1,JOSEPH FRANCESCHI (R)/ Rue Raymond Jaclard,"48,8054500000","2,4214200000"
202200011802,10,9,2022,23:30,5,71,71157,2,1,1,6,Route de Surville,"46,4919330000","5,3870080000"
202200044191,2,12,2022,08:45,1,62,62849,2,1,1,1,D142E2,"50,4013240000","1,6468360000"
202200008513,24,1,2022,13:15,1,31,31395,1,1,1,3,D817,"43,4811040000","1,3364060000"
202200030883,3,3,2022,10:00,1,93,93046,2,1,1,2,ARISTIDE BRIAND AVENUE,"48,9152100000","2,5285100000"
202200033283,21,1,2022,20:00,5,974,97416,2,1,1,3,Avenue de Bourbon," -21,3360150000","55,4851530000"
202200030577,10,12,2022,10:30,1,76,76108,2,6,5,6,Chemin de la Breteque,"49,4818500000","1,1096900000"
202200026384,23,5,2022,14:10,1,92,92012,2,2,2,3,REPUBLIQUE (BOULEVARD DE LA) 5/77BIS - 6,"48,8320825749","2,2530775666"
202200024745,23,5,2022,17:15,1,78,78133,2,1,2,5,RN.13,"48,9100500000","2,0380200000"
202200015653,5,2,2022,16:45,1,66,66227,2,1,1,6,D39,"42,6412040000","2,9079330000"
202200028439,12,12,2022,13:50,1,62,62326,1,1,7,2,D36E4,"50,1181020000","2,8571320000"
202200017320,12,3,2022,16:40,1,972,97209,1,1,1,7,MARNE (BOULEVARD DE LA),"14,6045600000"," -61,0816300000"
202200025837,27,1,2022,14:00,1,93,93005,1,1,1,3,AUTOROUTE A3,"48,9256200000","2,4815200000"
202200047251,29,3,2022,23:20,4,49,49007,2,1,1,3,FOCH BOULEVARD,"47,4698800000"," -0,5483100000"
202200030108,20,5,2022,22:00,2,10,10029,1,1,1,6,Balnot-sur-Laignes,"48,0288821344","4,3632888794"
202200034897,19,1,2022,22:20,5,92,92026,2,2,2,6,BOULEVARD CIRCULAIRE,"48,8924859516","2,2455392182"
202200016845,27,7,2022,18:40,1,47,47128,2,6,1,3,Route Rd 813,"44,1681170000","0,7018560000"
202200007172,29,12,2022,16:45,1,75,75110,2,2,1,3,RUE LA FAYETTE,"48,8789710000","2,3557500000"
202200028844,4,3,2022,17:08,1,13,13081,1,1,1,2,A7-Sens Lyon vers Marseille,"43,4783900000","5,2389730000"
202200020690,25,7,2022,14:30,1,30,30047,1,1,1,1,,"43,8131700000","4,4123300000"
202200054197,26,3,2022,08:40,1,38,38519,2,9,1,1,544 Chemin de Pillery,"45,6145270000","5,0315930000"
202200054116,20,10,2022,00:15,3,62,62178,2,1,1,6,Rue de Philippeville,"50,4927440000","2,5399640000"
202200045658,9,1,2022,03:40,5,67,67365,2,1,3,6,ETTORE BUGATTI (RUE),"48,5460000000","7,6983700000"
202200014167,12,10,2022,15:35,1,92,92033,2,3,1,6,SURESNES,"48,8458901450","2,1892833710"
202200050022,13,8,2022,03:44,3,24,24442,1,1,1,3,D6089,"45,1195380000","0,5161750000"
202200043382,27,10,2022,20:10,4,64,64102,2,1,1,3,Pont du Génie,"43,4879200000"," -1,4748350000"
202200036615,16,1,2022,20:10,5,974,97407,2,1,1,6,20 DECEMBRE 1948(AVENUE DU)," -20,9359400000","55,2985100000"
202200038779,10,6,2022,15:00,1,59,59350,2,1,1,6,FONTENOY RUE,"50,6222428089","3,0677973032"
202200053197,12,8,2022,12:15,1,01,01249,2,1,1,6,10 Rue de la Gare,"45,8238340000","4,9549230000"
202200027597,20,6,2022,00:30,5,75,75118,2,2,3,6,RUE DE LA CHAPELLE,"48,8985400000","2,3590200000"
202200035978,29,9,2022,04:35,3,35,35051,1,1,2,6,N136,"48,1184000000"," -1,5725980000"
202200048389,20,9,2022,10:40,1,49,49007,2,1,1,6,HAUT CHENE,"47,4677000000"," -0,5985000000"
202200024126,5,10,2022,08:20,1,64,64445,2,1,1,6,avenue Louis Sallenave,"43,3161922513"," -0,3611165285"
202200013041,23,12,2022,19:50,5,69,69199,2,1,2,3,Boulevard Yves Farge,"45,6931600000","4,8600700000"
202200052960,26,11,2022,03:10,4,93,93066,1,1,1,5,AUTOROUTE A1,"48,9202730000","2,3570130000"
202200033004,21,1,2022,07:44,5,49,49007,2,1,1,3,CARNOT,"47,4753400000"," -0,5485900000"
202200053649,6,6,2022,00:10,5,972,97213,1,1,1,6,AUTOROUTE A1,"14,6182500000"," -61,0285100000"
202200005003,13,2,2022,10:40,1,33,33498,2,3,1,6,place de la Mairie/ Route de la Haute Lande,"44,5510940000"," -0,8702530000"
202200048817,14,8,2022,18:40,2,976,97613,1,1,1,1,RN 1 commune de Mt'tsangamouji," -12,7516080000","45,0916240000"
202200037350,1,11,2022,16:04,1,10,10387,2,1,7,1,CHARMILLES (MAIL DES),"48,3022300000","4,0869700000"
202200052097,27,11,2022,10:30,1,13,13213,2,9,1,3,VALLON VERT (CHEMIN DU),"43,3349400000","5,4513100000"
202200031009,28,8,2022,14:50,1,75,75112,2,2,1,6,AVENUE DAUMESNIL,"48,8466290000","2,3767100000"
202200027388,14,4,2022,07:45,1,14,14118,2,1,1,2,Rue de Vaucelles,"49,1771000000"," -0,3550700000"
202200043810,26,9,2022,17:45,1,93,93066,1,1,2,5,A1,"48,9104500000","2,3582600000"
202200023600,13,4,2022,13:25,1,67,67416,1,3,1,3,D77,"49,0126870000","7,8940280000"
202200034414,6,12,2022,06:40,5,67,67482,2,2,1,3,BAN DE LA ROCHE (RUE DU),"48,5770900000","7,7281100000"
202200034490,14,7,2022,09:50,1,62,62128,2,2,1,1,rue du Maréchal FOCH,"50,3091870000","2,9496250000"
202200010022,13,10,2022,18:35,1,94,94028,2,1,2,6,Avenue du Maréchal de Lattre de Tassigny,"48,7955592694","2,4587275305"
202200051409,5,1,2022,16:00,1,83,83137,2,1,1,6,PASTOUREAU (RUE HENRI),"43,1249400000","5,9309600000"
202200027342,14,4,2022,14:40,1,62,62193,2,2,1,6,JACQUARD (BOULEVARD),"50,9496860000","1,8541340000"
202200024527,23,7,2022,14:50,1,44,44109,2,1,1,6,35 Rue d'Angleterre,"47,2144000000"," -1,5284900000"
202200005461,30,12,2022,22:35,5,92,92050,1,1,2,6,HAVRE BOULEVARD DU,"48,9196456416","2,2216131091"
202200026971,6,3,2022,21:30,5,987,98715,1,3,1,1,RT 01 pk 03+800," -17,5523830000"," -149,5992850000"
202200013751,6,2,2022,12:10,1,93,93027,1,1,2,2,AUTOROUTE A86,"48,9241500000","2,3872700000"
202200035831,18,5,2022,10:55,1,85,85302,1,1,1,7,La Vergnaie,"46,9417370000"," -0,9569910000"
202200017818,26,6,2022,15:45,1,82,82124,1,9,1,7,D958,"44,0175900000","1,3005120000"
202200022840,22,7,2022,21:20,3,89,89273,1,4,1,1,,"47,6111100000","3,2137400000"
202200021450,4,9,2022,18:15,1,13,13015,1,1,1,6,A51-Sens Aix en Provence vers Marseille,"43,4338133104","5,3947913647"
202200021298,11,3,2022,16:20,1,60,60584,2,2,3,1,Rue de la Libération,"49,2153837121","2,4150513410"
202200046195,8,6,2022,11:10,1,88,88424,2,1,1,7,MEURTHE (RUE DE LA ),"48,2675300000","6,9789500000"
202200054145,8,7,2022,09:10,1,29,29124,2,1,1,3,Rue de la Marne,"48,5640490000"," -4,3125630000"
202200054550,11,8,2022,12:45,1,74,74042,1,1,1,2,A40,"46,0689150000","6,4272990000"
202200036230,16,7,2022,02:30,3,42,42334,1,1,1,1,Route du Chene,"45,8510730000","4,3398140000"
202200049081,29,3,2022,16:10,1,31,31555,2,6,1,3,AV M BOURGES MAUNOURY,"43,6292300000","1,4493200000"
202200020372,1,2,2022,13:30,1,93,93046,2,2,2,3,MARECHAL LECLERC AVENUE,"48,9201000000","2,5393300000"
202200031859,5,11,2022,18:18,4,51,51454,2,3,1,7,rue Jacques Cellier,"49,2840755211","4,0323987901"
202200050208,24,10,2022,08:46,1,75,75113,2,2,8,6,RUE DES PEUPLIERS,"48,8221560000","2,3526860000"
202200044037,23,9,2022,10:45,1,2A,2A004,2,1,1,2,SAMPIERO BD,"41,9236810010","8,7391286393"
202200045946,2,12,2022,18:25,5,06,06032,2,1,1,3,64 Avenue du Trois Septembre,"43,7225170000","7,4066820000"
202200044843,3,6,2022,15:30,1,63,63338,2,9,1,1,Rue du Puits Saint-Joseph,"46,1625016493","2,8363662958"
202200043594,11,5,2022,13:04,1,75,75112,2,1,1,6,AVENUE LEDRU ROLLIN,"48,8488732660","2,3729690909"
202200039777,27,9,2022,09:00,1,95,95582,1,1,1,6,RD 170,"48,9625090491","2,2642081976"
202200002750,4,7,2022,12:10,1,06,06121,2,1,1,3,boulevard du général DE GAULLE,"43,6793640000","7,3333790000"
202200010090,10,2,2022,14:10,1,72,72098,1,1,2,1,Lieu-dit Les maisons rouges,"47,6998600000","0,1920500000"
202200042375,23,2,2022,20:45,5,75,75112,2,2,1,3,BOULEVARD DIDEROT,"48,8480401693","2,3928496242"
202200024036,11,11,2022,21:05,5,974,97407,2,1,1,6,COMMUNE DE PARIS (AVENUE)," -20,9368000000","55,2920800000"
202200018264,14,11,2022,20:25,5,69,69383,2,2,2,3,Cours Gambetta,"45,7504700000","4,8570400000"
202200032330,9,12,2022,19:50,5,44,44109,2,1,1,6,105 Boulevard Michelet,"47,2389700000"," -1,5568400000"
202200042851,22,2,2022,07:14,2,92,92073,2,2,1,6,GAMBETTA (RUE),"48,8756800000","2,2271900000"
202200009095,19,3,2022,04:00,3,77,77384,1,1,1,6,A5b,"48,6121200000","2,6324300000"
202200012822,17,11,2022,07:20,2,75,75113,2,1,2,4,PORTE D ITALIE,"48,8167070000","2,3651070000"
202200019183,20,12,2022,05:55,5,92,92023,2,1,1,1,GENERAL DE GAULLE (AV DU) N°130 A 340 ET,"48,7862500000","2,2535700000"
202200023836,6,10,2022,20:10,5,75,75110,2,5,1,6,BOULEVARD DE MAGENTA,"48,8785450000","2,3540500000"
202200048320,11,2,2022,16:55,1,76,76618,2,1,7,3,Rue de la Grand Mare,"49,9360130000","1,3175120000"
202200055209,2,1,2022,05:20,3,74,74112,1,1,1,1,D3508,"45,9346060000","6,1007220000"
202200045766,23,9,2022,19:45,5,06,06088,2,1,1,1,MATISSE (AV. HENRI),"43,6740000000","7,2130000000"
202200024223,29,1,2022,05:30,3,38,38565,1,1,1,4,Autoroute 48 PK87+000,"45,2646905192","5,6315236486"
202200037082,24,8,2022,10:55,1,45,45316,1,1,1,3,D2060 PK 60 + 704,"47,9322730000","2,3418860000"
202200016786,3,2,2022,09:20,1,44,44109,2,7,8,6,22 Rue Sarrazin,"47,2208900000"," -1,5618900000"
202200040508,25,2,2022,21:20,3,76,76714,1,1,1,1,route Départementale 6015,"49,5519720000","0,4131890000"
202200041991,25,9,2022,16:17,1,57,57142,1,3,1,2,D2,"49,1592360000","6,2186910000"
202200029448,25,1,2022,14:40,1,93,93066,1,1,1,2,AUTOROUTE A1,"48,9022101430","2,3586907111"
202200023421,19,4,2022,13:50,1,57,57209,2,1,1,6,"D110C, Rue de la gare","49,0455060000","6,6068170000"
202200007888,12,9,2022,23:40,5,67,67482,2,3,1,3,MARCEL PROUST (RUE),"48,5900700000","7,7156100000"
202200051829,20,9,2022,13:00,1,75,75115,2,3,1,2,RUE DE LA CONVENTION,"48,8408250000","2,2884960000"
202200026605,21,5,2022,20:00,1,74,74012,2,1,1,3,ZOLA (RUE EMILE),"46,1976000000","6,2342000000"
202200018996,26,5,2022,12:35,1,77,77121,1,1,1,2,RN104,"48,8368290000","2,6649340000"
202200023157,2,9,2022,09:30,1,75,75119,2,3,8,4,AVENUE DE LA PORTE DE PANTIN,"48,8902490000","2,3987340000"
202200032578,2,3,2022,19:05,5,45,45234,2,3,1,6,98 Rue Moine,"47,9188228667","1,9147371948"
202200007671,2,6,2022,05:00,3,26,26057,1,1,1,4,Autoroute A49,"45,0192990000","5,0332190000"
202200007222,29,12,2022,15:05,1,52,52349,1,1,2,4,A5 pk210+850,"48,0263616511","5,0896229769"
202200049112,10,5,2022,16:30,1,75,75113,2,3,1,6,BOULEVARD KELLERMANN,"48,8208662257","2,3549174568"
202200039899,15,1,2022,18:50,3,38,38562,1,1,1,1,D5,"45,0871850000","5,7791910000"
202200037439,4,11,2022,07:50,1,25,25453,2,2,2,3,39 grande rue,"47,2184420000","6,5428780000"
202200021575,19,4,2022,19:10,1,75,75117,2,1,1,3,BD PERIPHERIQUE INTERIEUR,"48,8857465259","2,2881784754"
202200003320,24,11,2022,12:50,1,93,93059,2,1,1,6,Rue Audenet,"48,9695400000","2,3676000000"
202200035476,7,4,2022,15:20,1,75,75103,2,4,1,6,BOULEVARD DES FILLES DU CALVAIRE,"48,8613565835","2,3671413213"
202200022743,24,5,2022,19:45,1,92,92036,1,1,1,2,AUTOROUTE A86,"48,9390465105","2,3061312878"
202200040062,14,1,2022,17:40,2,13,13208,2,1,1,1,MAZARGUES (AVENUE DE),"43,2556800000","5,3940500000"
202200029333,20,6,2022,14:10,1,78,78206,1,1,1,7,A13,"48,9560300000","1,9363000000"
202200044789,19,2,2022,10:45,1,34,34003,1,1,8,1,751 Route de Marseillan Prolongee,"43,3416130000","3,4999610000"
202200048319,20,9,2022,16:00,1,57,57306,2,1,1,6,FOCH (RUE ),"49,3297100000","6,0627900000"
202200025491,14,9,2022,14:00,1,86,86194,2,1,1,3,Rue Raoul Follereau,"46,5667150000","0,3873730000"
202200032412,10,12,2022,18:40,3,56,56166,1,1,1,2,Pont En Daul,"47,9011510000"," -3,3362820000"
202200033596,9,4,2022,00:10,3,33,33529,1,1,1,6,D259,"44,6036770000"," -1,1699210000"
202200001152,29,6,2022,22:30,5,59,59017,2,2,1,3,RESISTANTS (RUE DES ),"50,6908080451","2,8745632767"
202200007035,2,6,2022,09:20,1,92,92049,2,1,1,3,REPUBLIQUE AVENUE DE LA N°1 A 79,"48,8164135810","2,3183273971"
202200010129,15,10,2022,01:15,3,29,29273,2,1,2,6,80 Route du Dossen,"48,6907050000"," -4,0340260000"
202200045806,23,9,2022,20:40,3,42,42199,1,2,1,3,Route de Roanne,"46,0367180000","3,9549170000"
202200028282,5,10,2022,09:00,1,60,60601,2,3,1,3,144 Rue de la Commune de Paris,"49,2657084794","2,3970250481"
202200036168,8,12,2022,11:20,1,83,83047,1,1,8,2,1135 Chemin Long,"43,1293870000","6,0732740000"
202200002262,20,10,2022,08:00,1,03,03186,1,1,8,6,Autoroute A71 pk 318+050,"46,3297150000","2,9685940000"
202200004441,16,9,2022,07:30,1,25,25434,2,1,1,1,Route de Besançon,"47,1059710000","6,1298350000"
202200036203,7,4,2022,18:45,1,38,38544,2,1,2,6,ST LOUIS(PLACE),"45,5283300000","4,8747700000"
202200023843,6,10,2022,09:30,1,93,93059,2,3,1,2,Avenue Lénine / Rue des Rouges Monts,"48,9560000000","2,3584900000"
202200010675,1,8,2022,07:10,1,59,59016,2,3,1,3,Rue du Lac,"50,9966540000","2,3352060000"
202200024022,6,10,2022,09:00,1,95,95306,1,1,1,4, A15,"49,0097287478","2,1562573314"
202200019819,10,6,2022,08:00,1,50,50129,2,1,2,4,SALINE (BOULEVARD DE LA),"49,6577300000"," -1,6666900000"
202200026148,3,10,2022,08:15,1,54,54395,2,1,1,6,BAZIN (RUE HENRI) + (SENTIER),"48,6959900000","6,1913700000"
202200047979,9,6,2022,06:55,1,74,74298,1,1,2,3,BONNEVILLE (ROUTE DE ),"46,1720500000","6,2520000000"
202200050098,8,9,2022,17:30,1,57,57132,2,1,1,3,Rue Solvay,"48,8201350000","6,5083940000"
202200048339,21,9,2022,17:55,1,51,51454,2,1,1,7,avenue Christophe Colomb,"49,2277600000","4,0360400000"
202200018714,31,1,2022,16:50,1,971,97101,1,3,1,6,PERRIN (SECTEUR),"16,3008200000"," -61,5114000000"
202200013415,9,9,2022,21:04,5,49,49007,2,1,1,2,RABELAIS,"47,4642600000"," -0,5485200000"
202200020531,28,1,2022,14:00,1,76,76181,1,1,5,6,autoroute a29,"49,6284733750","0,6105975062"
202200046324,16,8,2022,21:20,5,69,69388,2,1,1,6,Avenue Paul Santy,"45,7279565468","4,8778398335"
202200007803,27,4,2022,21:00,3,93,93006,1,1,1,2,AUTOROUTE A3,"48,8678700000","2,4279000000"
202200042621,18,8,2022,20:10,2,71,71270,2,9,2,6,EUROPE (CARREFOUR DE L'),"46,2947800000","4,8193500000"
202200043790,10,1,2022,14:24,1,72,72181,2,6,1,6,LOUIS BLANC (QUAI),"48,0094000000","0,1956000000"
202200040933,25,2,2022,09:40,1,60,60088,2,1,1,6,54bis Rue Pasteur,"49,1964600000","2,2067550000"
202200021947,7,10,2022,17:20,1,76,76621,1,2,1,3,D41,"49,6368051084","1,3106564870"
202200042903,22,2,2022,12:30,1,73,73191,2,1,1,6,D916 - 9 Route du Col de l Épine,"45,5951239453","5,7707820833"
202200049396,7,1,2022,18:30,5,38,38185,2,1,2,6,MARECHAL LYAUTEY (BOULEVARD),"45,1853800000","5,7316700000"
202200004781,20,11,2022,10:45,1,59,59356,2,9,2,3,LILLE RUE DE,"50,6538200000","3,0014000000"
202200027114,31,8,2022,12:10,1,72,72003,2,1,1,1,ANJOU (BD D'),"47,9662927611","0,1608359812"
202200001871,23,3,2022,11:10,1,51,51474,2,1,1,3,Rue de la Dent d’Oches,"49,2812800000","4,0023500000"
202200046764,31,3,2022,20:00,5,75,75117,2,1,1,3,BOULEVARD DE COURCELLES,"48,8800129972","2,3071317851"
202200041444,30,10,2022,21:15,3,78,78402,1,1,1,6,A13,"48,9650200000","1,7652130000"
202200017185,19,12,2022,19:10,5,69,69266,2,2,8,3,20 Rue Poizat,"45,7581300000","4,8933100000"
202200033101,20,1,2022,17:50,5,06,06088,2,1,1,2,QUINZIEME CORPS (AV. DU),"43,7110000000","7,2811900000"
202200037888,28,9,2022,08:00,1,11,11069,2,2,2,2,Rue Barbacane,"43,2099400000","2,3604300000"
202200019939,22,4,2022,17:10,1,60,60575,1,1,1,2,D1001 - PK 17.800,"49,3030760000","2,1980810000"
202200037009,24,8,2022,18:15,1,02,02626,1,1,1,6,Rue d’Amifontaine,"49,4670570000","3,9737460000"
202200042496,11,7,2022,08:25,1,49,49214,2,1,1,6,Avenue du Président Kennedy,"47,5389450000"," -0,6163230000"
202200020181,15,11,2022,14:30,1,93,93029,2,1,2,3,Rue de la République,"48,9244700000","2,4372500000"
202200037825,15,5,2022,06:00,1,75,75118,2,2,1,3,BOULEVARD NEY,"48,8980578650","2,3441353440"
202200027354,21,6,2022,11:30,1,06,06057,2,9,1,3,48 rue du chateau,"43,8324850000","7,3529500000"
202200033347,17,6,2022,16:42,1,75,75117,2,2,1,3,BOULEVARD BESSIERES,"48,8975890000","2,3288940000"