Accident_Id,jour,mois,an,hrmn,lum,dep,com,agg,int,atm,col,adr,lat,long
202200048836,30,3,2022,20:32,5,31,31375,2,1,1,2,Avenue Simon de la Loubère,"43,2141570000","1,2238120000"
202200003366,2,5,2022,10:00,1,92,92078,2,3,1,3,MARECHAL LECLERC (AVENUE) (PAIRS),"48,9374180000","2,3243140000"
202200032222,1,10,2022,19:15,2,77,77449,2,2,1,3,D344,"48,8537700000","2,7735700000"
202200030957,4,3,2022,21:45,3,69,69136,1,1,1,1,Route Departementale 386,"45,6378122460","4,7561273574"
202200010239,14,10,2022,16:30,1,91,91363,1,1,2,7,RN 104,"48,6327900000","2,2240700000"
202200003621,30,4,2022,19:10,1,59,59009,1,1,1,7,AUTOROUTE A22,"50,6485607244","3,1449700445"
202200002520,16,10,2022,18:00,1,21,21231,2,3,1,3,BOURROCHES (DES) (BOULEVARD),"47,3081580000","5,0183160000"
202200048978,28,3,2022,09:00,1,974,97407,2,1,1,6,LASSERVE ALEXANDRE(RUE)," -20,9365100000","55,2897200000"
202200011932,2,9,2022,12:00,1,54,54528,2,9,1,2,GENERAL BIGEARD (AVENUE),"48,6685100000","5,8894400000"
202200049065,23,10,2022,21:50,3,57,57463,1,1,3,6,RN 431,"49,0912300000","6,2286300000"
202200024100,11,11,2022,23:33,3,42,42170,1,4,2,6,Route de Coutouvre,"46,0524700000","4,1393800000"
202200040048,14,1,2022,20:40,5,27,27681,2,1,1,3,ROUEN (ROUTE DE ),"49,0974800000","1,4751500000"
202200013011,23,12,2022,02:55,5,76,76540,2,2,2,6,Route du Havre,"49,4507800000","1,0577000000"
202200004819,23,11,2022,13:40,1,35,35238,2,1,1,4,CHATEAUGIRON (DE),"48,0926500000"," -1,6301500000"
202200022925,14,12,2022,15:20,1,29,29019,2,3,2,3,rue de Portzmoguer,"48,3938600000"," -4,4959800000"
202200053394,2,1,2022,13:00,1,93,93073,2,1,1,6,VAILLANT (BOULEVARD CHARLES),"48,9450100000","2,5772100000"
202200036441,13,7,2022,19:17,1,87,87050,2,1,1,3,LIMOGES (AVENUE DE),"45,8623100000","1,2398600000"
202200031883,19,5,2022,12:45,1,75,75115,2,1,1,3,BOULEVARD LEFEBVRE,"48,8306807298","2,2931927947"
202200027273,21,6,2022,12:25,1,25,25157,1,1,1,4,RN 57 PK 77+800,"46,8454870000","6,3701610000"
202200051008,8,5,2022,18:35,1,25,25467,2,6,1,6,DEPARTEMENTALE 70,"47,2552880000","5,9263680000"
202200049890,11,8,2022,19:45,2,75,75119,2,3,1,7,RUE BOTZARIS,"48,8793100000","2,3843520000"
202200002545,18,9,2022,05:15,3,43,43088,1,1,1,7,Route de Brioude,"45,3059080000","3,2354580000"
202200001209,5,7,2022,19:58,1,75,75101,2,4,1,6,RUE DU LOUVRE,"48,8644610000","2,3426480000"
202200042257,2,12,2022,23:10,5,06,06104,2,1,1,3,PEGLION (RUE ANTOINE),"43,7675170000","7,4793190000"
202200043901,10,9,2022,22:03,3,22,22049,1,1,1,7,La Croix Janet,"48,5305300000"," -2,1830870000"
202200029516,10,4,2022,17:45,1,71,71448,2,1,1,3,Rue du commerce,"46,3822580000","4,8553830000"
202200007582,23,5,2022,13:50,1,72,72213,2,1,1,6,boulevard de la Butte,"47,9169950000","0,2528650000"
202200045046,10,6,2022,18:25,1,33,33498,1,1,1,3,A63 pr 32+700,"44,5632000000"," -0,8325150000"
202200025734,26,1,2022,05:50,5,29,29232,1,1,1,7,Route de Benodet,"47,9641200000"," -4,0836600000"
202200019850,21,6,2022,17:53,1,34,34032,2,1,1,7,JAURES JEAN (BD),"43,3416200000","3,2161500000"
202200054246,26,3,2022,20:00,3,72,72044,1,9,1,3,La Garenne des Sars,"47,7394100000"," -0,0545020000"
202200011890,7,2,2022,16:30,1,06,06088,2,1,1,6,ANGLAIS (DU N° 1 AU N° 43),"43,6948820000","7,2622480000"
202200028929,30,8,2022,11:05,1,972,97209,2,9,1,6,PAVE (RUE DU),"14,6078700000"," -61,0675200000"
202200041667,12,5,2022,01:24,5,75,75114,2,1,1,6,AVENUE DU DOCTEUR LANNELONGUE,"48,8182301956","2,3325911164"
202200016245,10,10,2022,09:45,1,94,94017,2,2,1,2,Avenue de la République / Avenue Danielle Casanova,"48,8251300000","2,5100100000"
202200026784,13,12,2022,08:20,1,43,43157,1,1,4,6,88 (ROUTE NATIONALE),"45,0180700000","3,8973000000"
202200038386,16,1,2022,08:00,2,93,93053,1,1,5,3,AUTOROUTE A3,"48,8990887890","2,4695956707"
202200011601,11,9,2022,01:40,5,83,83090,1,1,1,6,A50,"43,1270000000","5,8230200000"
202200036605,15,7,2022,22:30,5,33,33063,2,3,1,3,Quai des Chartrons,"44,8555800000"," -0,5635500000"
202200010883,26,12,2022,17:30,5,75,75104,2,2,1,2,RUE DE LA CERISAIE,"48,8517580000","2,3670030000"
202200014045,28,6,2022,08:10,1,69,69282,2,1,1,2,Boulevard Pierre Mendès France,"45,7630238754","4,9901081827"
202200016655,4,2,2022,11:12,1,33,33063,1,1,1,3,ROCADE A 630,"44,8841740000"," -0,5591460000"
202200047093,26,10,2022,06:45,5,31,31555,2,3,5,3,VIALA (AV LEON) DU 2AU 199,"43,5750000000","1,4529600000"
202200027224,31,8,2022,09:30,1,63,63148,1,2,7,3,Marais d'Ennezat - carrefour RD 224 / RD 425,"45,8888280000","3,1786110000"
202200007926,11,9,2022,18:35,1,11,11069,1,3,1,3,,"43,2041900000","2,3864600000"
202200015626,17,12,2022,16:55,1,974,97416,2,1,1,3,CAMBRAI (LIGNE)," -21,2873000000","55,4724000000"
202200003666,22,3,2022,08:40,1,06,06069,2,1,1,6,"JEU DE BALLON (BOULEVARD, IMPASSE ET TRA","43,6579600000","6,9215400000"
202200037950,27,9,2022,09:10,1,33,33063,2,2,1,3,Rue du Jardin Public,"44,8602600000"," -0,5706600000"
202200037874,27,9,2022,19:20,1,49,49007,2,1,2,7,LETANDUERE,"47,4602100000"," -0,5545900000"
202200013552,9,9,2022,16:01,1,75,75108,2,1,8,6,BOULEVARD MALESHERBES,"48,8803620000","2,3131580000"
202200033902,18,5,2022,16:05,1,76,76684,1,6,1,2,D982,"49,4824120000","0,4421890000"
202200054983,19,10,2022,08:00,2,51,51454,2,2,8,3,place du Général Gouraud,"49,2441900000","4,0495500000"
202200017121,18,12,2022,16:10,1,76,76540,2,2,3,6,Rue d'Amiens,"49,4403000000","1,1022000000"
202200045980,8,7,2022,11:55,1,69,69387,2,4,1,3,Avenue Leclerc,"45,7343200000","4,8237300000"
202200004273,17,10,2022,15:45,1,91,91286,2,6,3,2,PREMIERE ARMEE (AVENUE),"48,6490000000","2,3886100000"
202200014185,28,6,2022,20:10,1,75,75109,2,3,1,6,RUE DROUOT,"48,8732630000","2,3405480000"
202200021820,20,4,2022,12:15,1,18,18196,2,1,1,5,,"46,7631650000","2,8194870000"
202200053925,7,5,2022,19:15,2,28,28350,1,1,1,1,D923,"48,4492290000","1,3000090000"
202200032516,19,7,2022,00:45,5,38,38185,2,2,1,1,RUE JEAN PRÉVOST,"45,1853000000","5,7148800000"
202200015422,4,2,2022,09:05,1,06,06088,2,1,1,3,VERANY (BD J.B.),"43,7150200000","7,2828500000"
202200014055,22,4,2022,15:50,1,59,59143,2,3,1,3,MARLE (RUE DE LA ),"50,6798873078","2,8747301102"
202200029719,23,1,2022,21:30,5,83,83137,2,3,1,1,CUNEO (BD DOCTEUR),"43,1074706354","5,9333876967"
202200036953,17,6,2022,08:45,1,38,38051,1,6,1,3,D519e,"45,3348160000","4,9098160000"
202200011333,17,3,2022,11:00,1,13,13001,2,1,8,3,R.N 8,"43,4843600000","5,4187000000"
202200042282,12,7,2022,10:45,1,17,17299,2,1,1,6,RESISTANCE BOULEVARD DE LA,"45,9308350000"," -0,9625880000"
202200026356,20,7,2022,20:35,1,76,76351,2,4,1,4,VERDUN (RUE DE),"49,5022400000","0,1867400000"
202200011219,31,5,2022,06:35,1,92,92024,2,1,1,2,VICTOR HUGO (BD),"48,8998021947","2,3142818212"
202200047822,1,12,2022,00:45,3,06,06064,1,1,1,7,Chemin des Castellas,"43,7710740000","7,1766300000"
202200026856,8,3,2022,17:22,1,81,81002,2,1,1,1,Avenue des Noisetiers,"43,4986280000","2,3415060000"
202200042371,22,2,2022,10:00,1,75,75113,2,2,1,3,RUE DU VAL DE MARNE,"48,8167710000","2,3486100000"
202200035296,23,8,2022,15:30,1,987,98733,2,9,2,3,PK 20+550 RT1," -17,6960000000"," -149,5480000000"
202200036275,16,7,2022,19:15,5,987,98734,1,1,2,-1,RT 1 PK 31.500," -17,7120000000"," -149,5080000000"
202200047649,21,9,2022,07:15,1,31,31555,2,1,1,1,AV DES ETATS UNIS,"43,6479100000","1,4221700000"
202200012297,29,6,2022,21:20,2,94,94065,2,6,1,3,Avenue Charles Lindbergh / Rue des Halliers,"48,7530740636","2,3499089690"
202200049638,9,6,2022,07:30,1,13,13092,2,1,7,1,Rue Gambetta,"43,5500680000","5,0330420000"
202200004883,5,8,2022,09:00,1,93,93078,1,1,1,3,AUTOROUTE A104,"48,9618400000","2,5238000000"
202200027701,19,1,2022,12:20,1,64,64102,2,1,1,6,Allées Paulmy,"43,4891700000"," -1,4822600000"
202200041321,25,10,2022,18:00,2,75,75116,2,5,1,3,PLACE CLEMENT ADER,"48,8513480000","2,2784900000"
202200046553,19,2,2022,16:37,1,17,17306,2,6,1,3,PARIS (DE) (AVENUE),"45,6281300000"," -1,0525600000"
202200009578,1,6,2022,03:30,3,85,85051,2,6,1,6,Route de Saint Mars,"46,6843330000"," -1,0353890000"
202200030927,3,3,2022,07:15,3,44,44007,1,1,2,6,9 La Ville En Pierre,"47,6362380000"," -1,9590900000"
202200004203,16,9,2022,17:45,1,94,94073,1,1,1,3,A86 INT,"48,7713955830","2,3923722546"
202200017753,22,4,2022,14:40,1,92,92007,2,6,1,6,FONTAINE GUEFFIER (PLACE DE LA),"48,7878147550","2,3045880496"
202200012221,5,2,2022,15:14,1,88,88209,2,1,1,6,LORRAINE (RUE DE),"48,2005900000","6,4395900000"
202200015531,7,9,2022,18:15,1,94,94068,2,2,2,3,ALMA (AV DE L),"48,7860100000","2,4952400000"
202200000784,30,10,2022,15:50,1,14,14191,2,6,7,3,D79,"49,3223990000"," -0,4552880000"
202200003197,25,11,2022,19:00,3,83,83047,1,1,1,1,Chemin Long,"43,1313290000","6,0453240000"
202200042279,12,7,2022,18:00,1,27,27681,2,6,7,3,CLEMENCEAU (RUE),"49,0948800000","1,4860800000"
202200014015,28,6,2022,23:10,5,91,91345,2,9,1,3,BD DU DOC CATHELIN,"48,6870000000","2,2937600000"
202200034090,1,10,2022,11:00,1,974,97424,1,1,1,7,RN5," -21,1877330000","55,4517100000"
202200027773,25,1,2022,16:40,1,64,64445,2,1,7,3,Rue Maréchal Foch,"43,2966479019"," -0,3674358130"
202200028290,20,5,2022,19:45,1,75,75114,2,1,1,6,AVENUE RENE COTY,"48,8326041931","2,3329076171"
202200024253,13,11,2022,15:00,1,01,01446,1,1,1,6,,"46,0579780000","4,8468700000"
202200015877,27,6,2022,11:30,1,13,13206,2,1,1,2,GRIGNAN (RUE),"43,2914700000","5,3738500000"
202200030227,19,5,2022,08:55,1,78,78029,2,1,1,3,REPUBLIQUE (BOULEVARD DE LA),"48,9730380000","1,8465000000"
202200027121,30,8,2022,12:35,1,52,52121,2,1,1,6,DEBERNARDI (AVENUE),"48,1175500000","5,1421000000"
202200000073,18,10,2022,02:20,3,51,51323,1,1,2,3,N4,"48,7216600000","3,7876220000"
202200001502,29,4,2022,22:20,5,85,85194,2,3,1,3,BLOSSAC (COURS PAUL ESPRIT DE),"46,4945900000"," -1,7796400000"
202200040145,24,9,2022,19:55,5,91,91223,2,1,2,7,GUINETTE (PROMENADE DE),"48,4349730000","2,1548700000"
202200015119,15,3,2022,07:23,2,59,59084,1,1,1,7,D943,"50,6809280000","2,3775110000"
202200045308,12,5,2022,09:00,1,93,93062,2,3,1,6,Avenue de la Résistance / Allée de Verdun,"48,8957231825","2,5143268704"
202200031944,2,10,2022,18:15,1,64,64445,2,1,1,2,Allée Condorcet,"43,3208900000"," -0,3589700000"
202200050798,19,9,2022,11:55,1,71,71306,2,1,1,7,ALOUETTES (AVENUE DES),"46,6814600000","4,3630100000"
202200043551,11,5,2022,10:00,1,29,29232,2,1,1,6,Avenue des Sports,"47,9955000000"," -4,0872800000"
202200040768,24,2,2022,20:50,5,75,75118,2,2,8,3,BOULEVARD DE LA CHAPELLE,"48,8845351567","2,3593971133"
202200045838,2,12,2022,16:30,2,92,92022,2,2,2,6,FRANCE (RUE ANATOLE),"48,8073344522","2,1878886223"
202200023680,14,4,2022,18:30,1,83,83118,2,3,1,3,AVENUE HENRI FABRE,"43,4299567974","6,7998635173"
202200008057,13,9,2022,15:42,1,69,69165,2,3,1,3,Route de Saint Vincent,"46,1243370000","4,6338300000"
202200006779,5,8,2022,08:30,1,65,65239,1,1,2,2,RD929A - PK 5 + 100,"43,0440160959","0,3631308675"
202200026851,8,3,2022,17:05,1,22,22193,1,2,2,3,Trompe Souris,"48,4162172862"," -2,3857122663"
202200022147,28,1,2022,13:05,1,14,14536,2,9,8,3,Avenue des Hauts Bords,"49,3996280000","0,2436550000"
202200014555,29,7,2022,16:10,1,33,33529,1,6,1,4,RD1250,"44,6220600000"," -1,1601600000"
202200014263,11,10,2022,06:45,2,973,97302,2,6,1,7,BADUEL (ROND POINT DE),"4,9295000000"," -52,3032300000"
202200015331,14,3,2022,17:25,1,93,93010,2,1,1,6,VAILLANT (RUE EDOUARD) 137 A FIN,"48,8948933873","2,4896526347"
202200048108,6,7,2022,07:30,1,33,33281,2,1,1,3,Pking Roady,"44,8561000000"," -0,6543500000"
202200020319,1,2,2022,16:50,2,06,06069,2,1,1,1,SAINT EXUPERY (AVENUE ANTOINE DE),"43,6611300000","6,9316500000"
202200048808,4,6,2022,16:20,1,57,57089,1,1,1,5,D35,"49,0501990000","7,5053410000"
202200014843,29,5,2022,19:35,1,92,92002,1,1,1,7,AUTOROUTE A86,"48,7625406615","2,3024358451"
202200017988,21,4,2022,10:50,1,75,75104,2,2,1,3,RUE SAINT ANTOINE,"48,8537439870","2,3656787486"
202200017446,17,12,2022,05:30,3,43,43046,2,1,9,6,14 Boulevard Montgiraud,"45,0579000000","3,9038600000"
202200013960,29,6,2022,09:00,1,94,94017,1,1,1,3,A4,"48,8294402618","2,4821308871"
202200008320,13,10,2022,16:55,1,43,43157,2,1,1,7,Boulevard Philippe Jourde,"45,0397680000","3,8900160000"
202200003236,23,11,2022,17:20,5,95,95572,1,1,1,2,A15,"49,0309188745","2,1212960669"
202200046068,2,12,2022,14:56,2,78,78646,1,1,8,3,RN12,"48,7899820000","2,1226660000"
202200032949,21,1,2022,12:20,1,77,77048,1,1,1,6,D607,"48,3301997015","2,6885837922"
202200020752,25,7,2022,16:25,1,22,22162,1,1,1,3,Chemin du Lédano,"48,7760360000"," -3,0996840000"
202200005960,17,10,2022,15:45,1,94,94076,2,1,2,2,CHEVILLY (R DE),"48,7829400000","2,3550030000"
202200036255,17,7,2022,03:15,3,73,73010,2,1,1,6,D58 - Route de Laval,"45,7789850000","5,8914000000"
202200036942,16,6,2022,16:50,1,21,21005,1,1,1,7,D968,"47,1629054814","5,1731984549"
202200040646,13,6,2022,18:30,1,92,92050,2,1,1,2,HANRIOT FRANCOIS RUE,"48,9027092272","2,2226792872"
202200032009,6,5,2022,10:55,1,34,34294,1,1,1,5,D34,"43,7233040000","4,1026850000"
202200001499,3,5,2022,21:45,5,91,91201,2,1,1,7,AV GAMBETTA,"48,6840000000","2,4130000000"
202200041511,14,5,2022,14:55,1,22,22092,1,1,1,1,berrien eur vin,"48,3845020000"," -3,1383130000"
202200001858,26,11,2022,23:30,3,60,60403,1,1,1,7,D133,"49,4981398598","2,0068228679"
202200021753,23,6,2022,17:30,1,45,45004,1,1,1,7,493 Rue des Pointards,"47,9934600000","2,8018100000"
202200052067,23,10,2022,15:45,4,07,07280,2,1,1,1,dans le tunnel de la voie verte,"44,3419290000","4,1591410000"
202200000183,9,8,2022,17:55,1,75,75113,2,1,1,2,QUAI D IVRY,"48,8264910000","2,3891460000"
202200025424,17,4,2022,15:45,1,971,97117,2,1,1,1,Route de Boisvin,"16,3148260000"," -61,3464220000"
202200051342,5,1,2022,15:13,1,973,97311,2,9,1,6,Boulevard du Général de Gaulle,"5,4925430000"," -54,0358690000"
202200013828,25,4,2022,00:10,5,93,93059,2,1,1,3,4 Avenue Laënnec,"48,9622100000","2,3697400000"
202200014280,28,6,2022,18:30,1,87,87205,1,3,7,3,Route de Saint Yrieix,"45,7298580000","1,2654770000"
202200051058,6,1,2022,17:45,3,71,71540,1,3,1,3,CENTRE A CENTRE (ROUTE),"46,7621300000","4,4428500000"
202200037316,4,4,2022,11:30,1,58,58194,2,3,1,3,SAINT EXUPERY (BOULEVARD),"47,0035400000","3,1624300000"
202200025041,4,3,2022,15:52,1,63,63113,2,1,1,6,GILBERT (RUE EUGENE),"45,7736400000","3,0789500000"
202200039081,25,2,2022,18:40,1,29,29069,1,1,1,1,lieu-dit Coadic Ar Foll,"48,4052390000"," -4,5512910000"
202200013385,9,9,2022,18:30,1,67,67180,1,6,2,3,RD 1062,"48,8278700000","7,7554400000"
202200029202,12,3,2022,17:50,1,42,42207,2,1,1,7,Chemin de Grange Badet,"45,4555800000","4,5004200000"
202200037123,14,6,2022,21:45,2,67,67482,2,1,1,3,COLMAR (AVENUE DE),"48,5638118264","7,7525858581"
202200008863,1,6,2022,18:00,1,83,83069,1,1,7,4,ALMANARRE (ROUTE DE L'),"43,0846900000","6,1103500000"
202200016821,21,7,2022,18:50,1,11,11148,1,4,1,3,D6113,"43,1805680000","2,6792050000"
202200038902,23,8,2022,17:15,1,33,33412,1,2,1,3,Rue des Landes de Cheoutre,"45,2720878539"," -0,8860865235"
202200050289,29,4,2022,08:10,1,62,62427,1,1,1,6,D40E1,"50,3962005214","2,9698809385"
202200051762,10,6,2022,18:00,1,11,11136,2,1,1,1,Route de Mirepoix,"43,1828450000","2,0325460000"
202200049239,10,5,2022,11:40,1,77,77145,1,2,1,3,D57 / N36,"48,5918610000","2,7259210000"
202200002149,23,11,2022,07:45,2,74,74081,2,1,1,6,Avenue du docteur jacques arnaud,"46,0645630000","6,5721060000"
202200044206,3,12,2022,16:45,1,29,29209,1,1,1,5,Kerven,"48,5246770000"," -4,5042870000"
202200009335,20,11,2022,19:40,5,75,75103,2,3,1,3,RUE DE TURENNE,"48,8588190000","2,3645180000"
202200019054,19,12,2022,04:30,5,75,75113,2,1,2,6,QUAI D AUSTERLITZ,"48,8359900000","2,3786800000"
202200013856,5,2,2022,17:45,1,18,18279,2,1,1,7,Avenue du 8 Mai 1945,"47,2308910000","2,0803490000"
202200044753,29,9,2022,17:32,1,33,33545,1,1,1,1,D1215,"45,2390960000"," -0,8875970000"
202200053119,26,3,2022,12:45,1,75,75116,2,1,1,6,ROUTE DE L ETOILE,"48,8742020000","2,2617560000"
202200046637,1,4,2022,00:05,3,31,31555,2,1,3,2,26 LA FAOURETTE  (PERIPH OUEST A620),"43,5740070717","1,4096617699"
202200030348,2,10,2022,05:40,5,91,91161,2,3,2,3,AV PIERRE BROSSOLETTE,"48,6997500000","2,3107800000"
202200021390,4,9,2022,16:20,1,13,13207,2,3,1,3,Corniche John Fitzgérald Kennedy,"43,2891900000","5,3545900000"
202200025971,25,1,2022,20:25,5,94,94019,2,2,1,3,Rue de Sucy / Rue du Pont,"48,7901900000","2,5224200000"
202200009259,20,11,2022,20:46,3,17,17200,1,1,2,2,N237,"46,1757000000"," -1,1694900000"
202200033006,26,8,2022,10:40,1,76,76296,2,2,1,6,1 Route de Rogerville,"49,5183300000","0,2640100000"
202200002803,4,7,2022,12:30,1,69,69388,2,1,1,6,Rue Professeur Beauvisage,"45,7297028258","4,8683273792"
202200045481,11,5,2022,12:30,1,54,54395,2,1,1,3,JACOB (RUE DU CHANOINE),"48,6997000000","6,1708000000"
202200044739,29,3,2022,13:00,1,50,50129,2,1,2,1,LANGUEDOC (RUE DU),"49,6213000000"," -1,6292600000"
202200018722,27,7,2022,13:30,1,75,75105,2,2,1,3,PONT DE LA TOURNELLE,"48,8499760000","2,3548750000"
202200031625,23,1,2022,17:00,2,71,71360,2,1,8,7,Rue de la Poste,"46,3224750000","4,7436900000"
202200001688,25,3,2022,16:35,1,60,60695,1,1,1,1,RD 606,"49,2127750000","2,5027160000"
202200013359,21,12,2022,13:19,1,72,72181,2,1,2,6,GENESLAY FELIX (AV) N° IMP 385 ET plus,"47,9690000000","0,2040000000"
202200009928,12,10,2022,17:18,1,21,21166,2,3,1,3,Boulevard Henri Bazin,"47,2951200000","5,0113400000"
202200042245,20,8,2022,17:30,1,51,51454,2,3,1,3,rue Clovis Chézel,"49,2400337955","4,0321353078"
202200000945,10,10,2022,10:10,1,972,97213,1,1,1,1,ROUTE DEPARTEMENTALE 13,"14,6319470000"," -61,0315590000"
202200045993,9,7,2022,11:10,1,972,97213,2,1,1,1,ROUTE DEPARTEMENTALE 13,"14,6332781702"," -61,0347819328"
202200011390,29,5,2022,15:40,1,51,51311,2,1,1,7,Rue Principale,"48,7900050000","4,7894700000"
202200037913,23,9,2022,16:35,1,80,80021,2,1,1,6,SAINT MAURICE (RUE),"49,9039600000","2,2885300000"
202200006922,2,8,2022,17:15,1,76,76351,2,1,1,2,SALVADOR ALLENDE (RUE),"49,5043800000","0,1472200000"
202200038651,23,8,2022,12:45,1,15,15014,2,1,1,3,GAULLE (AVENUE CHARLES DE),"44,9107200000","2,4262100000"
202200052237,8,7,2022,14:24,1,01,01204,1,1,1,1,D1084,"46,1665860000","5,6911690000"
202200010776,31,5,2022,13:50,1,69,69386,2,3,2,3,Cours Lafayette,"45,7637500000","4,8686100000"
202200047731,2,7,2022,20:50,1,60,60057,2,1,1,6,Boulevard du Général de Gaulle,"49,4302200000","2,0908500000"
202200052637,7,5,2022,07:35,1,94,94038,1,1,1,6,AUTOROUTE A6A,"48,7780600000","2,3460400000"
202200004484,5,7,2022,08:15,1,38,38188,2,3,1,3,chemin du villard et chemin du Platre,"45,1369300000","5,7952500000"
202200048579,14,8,2022,08:30,1,75,75116,2,2,1,3,AVENUE VICTOR HUGO,"48,8711630000","2,2888550000"
202200029668,19,6,2022,05:30,2,21,21209,2,1,1,6,"D107d, PK 003.031","47,3321365440","5,1530634463"
202200030772,3,3,2022,17:55,1,91,91687,2,1,1,6,JEAN MOULIN (AVENUE),"48,6593100000","2,3676400000"
202200035344,16,6,2022,10:34,1,75,75115,2,1,1,4,PORTE DE SEVRES,"48,8347800000","2,2667970000"
202200052780,4,1,2022,06:45,5,91,91339,2,1,2,2,RTE NATIONALE 20,"48,6197230000","2,2585160000"
202200054030,7,7,2022,15:00,1,33,33177,1,1,1,1,17 Route du Pin Sec,"45,3126840000"," -0,9810020000"
202200048740,9,6,2022,19:50,1,92,92012,2,2,1,3,REINE (ROUTE DE LA) 82/FIN - 107TER/FIN,"48,8400800000","2,2374500000"
202200033684,3,11,2022,13:55,1,971,97117,2,1,1,5,Rue Sainte Anne,"16,3158660000"," -61,3449850000"
202200038012,28,9,2022,13:08,1,92,92040,2,1,1,2,PONT D ISSY,"48,8305602407","2,2590470910"
202200002481,18,10,2022,19:45,5,54,54395,2,2,1,3,RHIN (AV. DU),"48,6951300000","6,1381800000"
202200045573,11,1,2022,15:05,1,93,93072,2,1,1,2,21 Avenue de Stalingrad,"48,9480455248","2,3770755529"
202200027933,28,9,2022,11:00,1,59,59122,2,1,1,6,CANTIMPRE (RUE),"50,1766300000","3,2259200000"
202200045736,23,9,2022,12:32,1,49,49007,2,1,1,3,TURPIN DE CRISSE AVENUE,"47,4651000000"," -0,5541600000"
202200037099,23,8,2022,22:50,3,83,83023,2,1,1,6,Quartier Saint Jean,"43,4074330000","6,0487460000"
202200051124,27,3,2022,14:30,1,92,92025,2,1,7,3,MARECHAL JOFFRE (RUE DU),"48,9218613834","2,2560057677"
202200029691,20,6,2022,18:01,1,60,60015,2,3,1,3,129 Rue Roger Salengro,"49,3278370000","2,3283240000"
202200035794,17,5,2022,18:15,1,49,49244,1,1,1,1,Le Sud (la Pommeraye),"47,3481570000"," -0,8815460000"
202200003540,23,11,2022,19:30,3,13,13005,1,1,1,2,A50-Sens Aubagne vers Marseille,"43,2837790000","5,5740560000"
202200006952,21,11,2022,20:55,5,25,25056,2,9,2,3,BRULARD  RUE GENERAL,"47,2284300000","6,0052840000"
202200026778,13,12,2022,17:50,5,51,51454,2,1,1,7,avenue de Laon,"49,2648600000","4,0266100000"
202200039355,1,11,2022,09:30,1,37,37251,1,1,1,1,D959,"47,5119833749","0,4273509979"
202200029536,14,4,2022,16:55,1,14,14025,2,2,1,3,D658,"48,9223940000"," -0,2133110000"
202200042193,12,7,2022,10:45,1,64,64024,2,1,1,7,BAYONNE (AVENUE DE),"43,4810900000"," -1,5117500000"
202200015397,13,3,2022,18:30,1,33,33505,1,1,1,1,,"44,7600670000"," -0,3153420000"
202200020724,26,5,2022,05:00,2,34,34052,1,1,1,7,D16,"43,3356040000","3,0404020000"
202200000496,19,10,2022,15:15,1,92,92009,2,1,1,2,MAURICE PELLETIER ( RUE ),"48,9112380000","2,2648920000"
202200032187,26,9,2022,21:40,5,92,92051,2,1,1,6,"CHARLES DE GAULLE (AVENUE, N° 18 A 116)","48,8789284856","2,2793975472"
202200041401,29,10,2022,18:30,2,21,21461,1,2,1,1,D973,"46,9500890000","4,6007860000"
202200011915,6,2,2022,03:50,5,66,66136,2,2,1,3,,"42,6895600000","2,8844800000"
202200012035,13,10,2022,11:30,1,06,06029,2,7,1,3,CROISETTE (BOULEVARD DE LA),"43,5368600000","7,0369300000"
202200035574,4,11,2022,16:50,2,92,92002,1,1,1,3,AUTOROUTE A10,"48,7317820000","2,3100820000"
202200015485,7,9,2022,12:10,1,03,03185,2,1,1,2,18 Avenue Jules Guesde,"46,3418900000","2,5881100000"
202200052700,22,10,2022,12:10,1,77,77186,1,6,1,2,D606 / D301,"48,3904790000","2,7544180000"
202200003410,3,5,2022,16:15,1,10,10003,2,1,1,1,Rue Pierre Brossolette,"48,2230930000","3,7335600000"
202200024821,23,5,2022,08:20,1,45,45234,2,1,2,2,Avenue Roger Secrétain,"47,8801653441","1,9075870514"
202200027343,21,6,2022,11:43,1,17,17218,1,3,1,3,route départementale 114,"46,2905170000"," -0,9546520000"
202200047086,25,10,2022,23:15,3,35,35137,1,1,1,1,RN12,"48,3363817957"," -1,1936017871"
202200032684,18,7,2022,03:30,3,78,78646,1,1,1,6,RN12 INT,"48,7865760000","2,1517120000"
202200046389,8,7,2022,11:30,1,68,68376,2,2,1,2,KINGERSHEIM (RUE DE),"47,8031800000","7,3373000000"