Accident_Id,jour,mois,an,hrmn,lum,dep,com,agg,int,atm,col,adr,lat,long
202200054886,9,8,2022,16:40,1,976,97611,2,2,1,3,m'tsapere-Nationale 2 (route)," -12,7875200000","45,2253700000"
202200032511,15,7,2022,08:00,1,55,55029,2,3,1,3,SAINT URBAIN ( RUE ),"48,7749000000","5,1629000000"
202200044862,31,3,2022,12:45,1,13,13202,2,1,1,3,JEAN TRINQUET (RUE),"43,3016357053","5,3704924387"
202200053662,11,2,2022,16:15,1,22,22338,1,6,1,7,9 la Croix Blanche,"48,6254185596"," -3,1860293448"
202200039176,14,6,2022,23:59,5,06,06069,2,6,1,6,ROUQUIER (BOULEVARD EMMANUEL),"43,6375250000","6,9408660000"
202200033897,19,5,2022,15:50,1,17,17429,1,2,1,3,D238 E1,"45,9156610000"," -0,9938550000"
202200007315,29,4,2022,21:00,4,34,34108,2,6,1,5,MUSCAT (AVENUE DU),"43,4415700000","3,7466700000"
202200029263,20,6,2022,12:45,1,973,97311,1,1,1,3,Avenue Gaston Monnerville,"5,4934770000"," -54,0119650000"
202200020942,11,3,2022,17:50,1,33,33192,1,1,1,2,AUTOROUTE A 63,"44,7829060000"," -0,6328280000"
202200038931,15,6,2022,16:00,1,62,62125,2,1,7,6,238 rue de la mairie,"50,7998090000","1,6648630000"
202200008717,2,8,2022,14:50,1,69,69382,2,3,1,6,Rue Colonel Chambonnet,"45,7588001421","4,8309735954"
202200031485,19,6,2022,18:30,1,02,02389,2,2,1,3,6 Rue de Raganne,"49,0898390000","3,5327210000"
202200007423,20,3,2022,14:20,1,94,94038,1,1,1,6,AUTOROUTE A6B,"48,7903600000","2,3448100000"
202200040133,25,9,2022,14:00,1,91,91552,2,1,1,6,RUE DE CHANTELOUP,"48,5958520000","2,2548580000"
202200029430,14,4,2022,16:25,1,01,01263,1,4,7,3,D933,"46,0698644235","4,7706547379"
202200007595,1,6,2022,21:00,1,89,89201,2,2,1,3,Rue de Saint Florentin,"47,9077590000","3,6425580000"
202200020344,1,2,2022,10:40,1,75,75115,2,3,2,4,QUAI DE GRENELLE,"48,8529040000","2,2866160000"
202200040176,26,9,2022,13:40,1,77,77307,2,1,2,3,D231,"48,8533000000","2,7609400000"
202200038603,15,7,2022,11:05,1,42,42267,2,3,1,3,500 Rue Magellan,"46,1528450000","4,1557360000"
202200026251,3,10,2022,11:35,1,11,11262,2,1,1,6,Place Thérèse Leon Blum,"43,1877227659","3,0086169447"
202200010232,6,2,2022,08:20,2,50,50129,2,1,3,7,CALIGNY (QUAI DE),"49,6401000000"," -1,6214100000"
202200043702,12,1,2022,15:55,1,31,31483,1,1,1,1,RD921,"43,1026100000","0,7444200000"
202200044048,30,11,2022,11:10,1,21,21054,2,9,1,3,GAULLE (AVENUE DU GENERAL DE),"47,0154350000","4,8380060000"
202200034600,1,3,2022,08:15,1,59,59194,1,1,1,4,D 934,"50,1980733129","3,6397410494"
202200035299,28,2,2022,16:30,1,84,84119,2,1,1,1,avenue de la Gare,"43,9551860000","4,9323090000"
202200054427,19,9,2022,17:30,1,92,92025,1,1,1,3,A86,"48,9312978632","2,2450196770"
202200027229,16,4,2022,10:30,1,987,98725,1,1,1,6,RT7 entre pointe TAPAHI et La source," -17,5071840000"," -149,4579190000"
202200037778,5,3,2022,05:00,5,69,69382,2,5,1,3,Pont Pasteur,"45,7338690000","4,8189640000"
202200003432,21,11,2022,21:10,3,72,72165,1,9,2,1,Route de Beillé,"48,0840850000","0,4354830000"
202200052371,7,5,2022,15:30,1,75,75115,2,2,8,6,ECHANGEUR VANVES,"48,8258540000","2,3003060000"
202200051789,28,11,2022,21:45,3,89,89257,1,1,3,6,Avenue Edouard Branly,"47,9759390000","3,5536150000"
202200003219,25,11,2022,19:30,5,59,59449,2,4,1,6,Rue Jules Ferry,"50,4756940000","3,2433650000"
202200046225,16,8,2022,08:21,1,11,11322,1,1,1,7,D205,"43,0054595617","2,9270919177"
202200020478,31,1,2022,09:00,1,77,77146,1,1,1,5,A4.W,"48,8314000000","2,6432000000"
202200046302,16,8,2022,21:30,5,75,75116,1,1,1,3,A13Y,"48,8484800000","2,2455400000"
202200045029,16,8,2022,18:15,1,80,80021,2,6,1,1,ROUBAIX (BOULEVARD DE ),"49,9144500000","2,3103200000"
202200009194,20,11,2022,06:20,3,64,64122,2,1,2,6,Boulevard Marcel Dassault,"43,4692400000"," -1,5384100000"
202200049641,16,2,2022,18:35,5,92,92025,2,4,2,6,ROUGET DE L'ISLE (RUE),"48,9192040000","2,2496380000"
202200030026,22,5,2022,10:05,1,13,13030,1,1,1,1,D8n,"43,2678940000","5,7268810000"
202200030661,10,12,2022,07:40,2,26,26010,1,3,8,3,Route de Saint-Sorlin,"45,2777060000","4,9167200000"
202200028043,20,5,2022,22:45,3,91,91161,1,1,1,3,AUTOROUTE A126,"48,7080800000","2,3069500000"
202200028811,3,3,2022,08:25,1,70,70372,1,1,1,7,D46,"47,8286430000","5,9694390000"
202200006725,10,2,2022,02:10,5,67,67482,2,2,1,1,SCHIRMECK (ROUTE DE),"48,5629000000","7,7006700000"
202200038637,15,7,2022,11:10,1,21,21195,1,1,1,7,D111f,"46,9821340000","4,6438320000"
202200020947,17,12,2022,17:15,3,77,77107,2,4,4,2,D402,"48,6695340000","2,8446650000"
202200019809,19,4,2022,08:10,1,75,75104,2,3,1,3,BOULEVARD HENRI IV,"48,8521070000","2,3656510000"
202200024545,24,5,2022,09:00,1,06,06084,2,9,1,6,310 Avenue de Grasse,"43,6225470000","6,9683900000"
202200040718,24,2,2022,20:40,5,12,12028,2,1,1,6,RD 42A,"44,5804600000","2,2021700000"
202200044668,11,6,2022,17:30,1,93,93077,2,1,1,3,Avenue du Raincy,"48,8887070000","2,5105400000"
202200023898,25,1,2022,13:40,1,86,86214,2,1,1,3,Rue de la Goelette,"46,5636800000","0,3590900000"
202200006563,11,2,2022,17:45,2,94,94073,2,3,1,6,Allée de Bretagne,"48,7576100000","2,4027100000"
202200028075,8,11,2022,19:30,3,38,38158,1,1,1,4,RN 87,"45,1510500000","5,7343200000"
202200038938,15,6,2022,07:50,1,91,91179,1,1,1,7,,"48,5575540000","2,4914080000"
202200033923,17,5,2022,20:20,5,974,97416,2,1,2,3,LORION(RUE LUC)," -21,3310400000","55,4724600000"
202200005975,14,9,2022,16:20,1,87,87011,2,3,1,6,rue lamartine,"46,1211580000","1,0503530000"
202200007136,30,12,2022,10:37,1,91,91659,1,1,2,3,AUTOROUTE A6,"48,5785800000","2,4630000000"
202200022109,13,11,2022,08:30,1,91,91286,2,9,9,7,1ERE ARMEE (AVENUE),"48,6504800000","2,3907900000"
202200018004,21,4,2022,09:57,1,93,93029,2,3,1,5,Avenue Jean Jaurès / Avenue de la Saussaye,"48,9171200000","2,4567600000"
202200038679,23,8,2022,17:40,1,11,11069,2,1,1,6,23 Boulevard Jean Jaures,"43,2138000000","2,3553000000"
202200038874,21,8,2022,13:30,1,13,13014,2,6,1,3,Avenue de Sylvanès,"43,4819400000","5,1654460000"
202200036817,15,7,2022,08:00,1,81,81139,1,2,1,3,D92,"43,6685920000","2,1114520000"
202200001843,24,11,2022,16:30,1,74,74105,2,6,1,3,avenue du lac,"46,3070690000","6,2937070000"
202200018750,1,2,2022,19:50,5,83,83144,2,1,1,2,PERI (AVE / IMP GABRIEL),"43,1380700000","5,9917900000"
202200054820,8,7,2022,09:30,1,93,93063,1,1,1,2,AUTOROUTE A3,"48,8766908331","2,4428673511"
202200012303,13,10,2022,18:50,2,75,75108,2,7,2,7,PLACE DE LA MADELEINE,"48,8704610000","2,3239350000"
202200014383,10,3,2022,15:50,1,94,94058,2,1,1,2,ALSACE LORRAINE (BD D),"48,8481780000","2,4943820000"
202200021046,19,12,2022,21:30,5,69,69034,1,1,1,7,Boulevard Périphérique Nord,"45,7927400000","4,8730500000"
202200052062,21,9,2022,07:50,1,33,33506,2,1,1,6,Route de La réole,"44,6837890000"," -0,0763620000"
202200036151,8,12,2022,02:30,3,31,31478,1,1,1,3,D622,"43,4486920000","1,9183580000"
202200027145,29,8,2022,11:20,1,75,75112,2,1,1,2,PORTE DE VINCENNES,"48,8449410000","2,4140350000"
202200008087,13,9,2022,20:00,3,48,48016,1,2,1,3,D31,"44,4593310000","3,4523030000"
202200020118,6,10,2022,15:20,1,37,37261,2,1,1,3,PONT VOLANT (RUE DU),"47,4088400000","0,7034600000"
202200014423,30,7,2022,10:29,1,13,13080,1,2,7,6,D561,"43,6719260000","5,4299850000"
202200027289,15,4,2022,18:05,1,93,93053,1,1,1,6,AUTOROUTE A3,"48,8941903804","2,4719906955"
202200042266,12,7,2022,14:10,1,33,33192,2,1,1,3,Rue de Lahouneau,"44,7798800000"," -0,6128400000"
202200038692,23,8,2022,08:50,1,07,07102,2,6,1,3,Jean MOULIN (Rue),"44,9396000000","4,8650000000"
202200028686,20,7,2022,17:20,1,76,76575,2,1,1,6,Avenue de Felling,"49,3932300000","1,0664500000"
202200008916,31,5,2022,15:08,1,49,49007,2,1,1,2,GASNIER AVENUE,"47,4904200000"," -0,5759200000"
202200015738,5,9,2022,12:02,1,83,83050,2,9,1,1,POMPIDOU(VOIE  GEORGES),"43,5313440000","6,4495570000"
202200012567,31,7,2022,18:30,1,52,52405,1,1,1,7,D300,"47,6730276395","5,3153381960"
202200010415,8,2,2022,11:15,1,01,01399,2,9,1,1,départementale 1005,"46,2984340000","6,0718770000"
202200012693,30,7,2022,17:00,1,33,33063,2,3,1,3,Rue des Bleuets,"44,8568400000"," -0,6366700000"
202200027645,21,6,2022,20:15,2,54,54283,1,1,1,7,RD 13,"49,1664792577","5,9575778254"
202200003615,10,11,2022,07:00,2,74,74010,2,1,5,6,AVENUE HENRI ZANAROLI,"45,8866030000","6,1017040000"
202200038937,25,2,2022,19:00,5,75,75119,2,2,1,3,RUE MANIN,"48,8829890000","2,3855620000"
202200035009,19,1,2022,17:00,3,54,54208,1,1,2,2,Francheville,"48,7215750326","5,9259974952"
202200000289,7,5,2022,11:40,1,14,14047,2,1,2,7,D613,"49,2836490000"," -0,7050390000"
202200041001,23,2,2022,17:05,1,83,83137,1,1,1,6,REPUBLIQUE (AVE DE LA),"43,1207400000","5,9313000000"
202200006015,18,10,2022,10:20,1,25,25485,1,1,1,3,D73,"47,3849340000","6,7183760000"
202200013284,15,3,2022,09:30,1,78,78466,1,1,2,4,A13,"48,9312220000","1,9790590000"
202200047898,15,8,2022,23:20,5,13,13028,2,1,1,6,FRANCE (BOULEVARD ANATOLE),"43,1762017989","5,6105964108"
202200037536,2,11,2022,10:30,1,75,75112,2,2,1,3,RUE CHALIGNY,"48,8470090000","2,3837750000"
202200004553,3,7,2022,20:50,1,93,93078,2,2,1,3,Avenue Georges Clémenceau / Avenue Charles de Gaulle,"48,9582900000","2,5585100000"
202200029306,20,6,2022,17:30,1,33,33080,1,2,1,3,Avenue de Léognan,"44,7497850000"," -0,5505560000"
202200013252,29,5,2022,17:40,1,89,89400,2,1,1,6,Les Simons,"47,5581460000","3,3333120000"
202200009868,12,9,2022,18:15,1,13,13214,1,1,1,3,A7-Sens Marseille vers Lyon,"43,3274800000","5,3783000000"
202200043054,4,4,2022,09:00,1,29,29077,2,6,1,3,Rue de Kerlouan,"48,6348050000"," -4,4055740000"
202200010782,18,11,2022,17:30,3,92,92036,1,1,2,2,AUTOROUTE A15,"48,9436471157","2,2877561673"
202200053856,21,10,2022,13:20,1,972,97213,2,1,1,2,ROUTE DEPARTEMENTALE 3,"14,6281200000"," -60,9893800000"
202200029917,4,11,2022,14:10,1,34,34239,1,1,1,6,autoroute A750 - PK 32 + 150,"43,6564692878","3,5195758266"
202200051503,8,7,2022,17:50,1,01,01033,2,1,1,1,26bis avenue maréchal leclerc  (Châtillon-en-Michaille),"46,1163760000","5,8094610000"
202200015994,14,6,2022,11:10,1,40,40332,1,1,1,6,418 Lieu Dit Hortz,"44,3441690000"," -0,9490730000"
202200028443,14,12,2022,07:40,2,71,71403,1,1,2,6,route de barizey,"46,7823380000","4,6891530000"
202200033042,18,6,2022,02:24,5,2A,2A004,2,1,1,7,ILES SANGUINAIRES ROUTE DES,"41,9067700000","8,6771300000"
202200030920,30,8,2022,02:28,3,62,62480,1,1,1,6,A26 sens REIMS / CALAIS,"50,4850180000","2,6906950000"
202200052654,18,9,2022,05:20,2,972,97209,1,1,2,6,POSTE COLON (VOIE COMMUNALE DE),"14,6559800000"," -61,0671600000"
202200033531,9,4,2022,23:30,3,33,33229,1,6,1,6,Les Chalets,"44,7784080000"," -1,0186330000"
202200048210,20,9,2022,08:10,1,71,71270,2,1,1,6,HERITAN (RUE DE L'),"46,3069200000","4,8293400000"
202200015865,27,6,2022,14:45,1,33,33529,1,1,1,7,RD 256,"44,5789300000"," -1,1255800000"
202200003608,23,3,2022,19:45,5,91,91521,2,1,1,6,SAND( AVENUE GEORGE),"48,6496200000","2,4097000000"
202200053324,6,5,2022,21:20,5,93,93006,2,3,1,6,Rue Descartes / Rue Condorcet,"48,8694600000","2,4261900000"
202200008008,15,10,2022,11:25,1,75,75114,2,1,1,3,RUE DE CHATILLON,"48,8276320000","2,3230320000"
202200010203,29,6,2022,15:21,1,80,80021,2,1,1,3,SAINT QUENTIN (BOULEVARD),"49,8793100000","2,2963700000"
202200008908,1,6,2022,16:10,1,51,51172,2,3,1,3,Rue de la Sentelle,"49,2148697703","4,0489742160"
202200044630,28,10,2022,19:20,5,75,75107,2,7,1,3,PLACE VAUBAN,"48,8532880000","2,3130070000"
202200006185,15,10,2022,09:35,1,84,84089,2,3,1,-1,1524 Avenue Pierre Augier,"43,6882610000","5,5250900000"
202200024557,23,5,2022,13:00,1,38,38547,2,1,1,3,20 boulevard Jules FERRY,"45,2384180000","5,8883690000"
202200002367,4,6,2022,23:40,3,34,34157,1,1,7,6,RD5,"43,4551780000","3,5957690000"
202200018514,14,11,2022,05:00,5,33,33063,2,3,1,6,Quai de la Grave,"44,8348800000"," -0,5633100000"
202200047311,26,2,2022,16:20,1,75,75107,2,1,1,3,QUAI VOLTAIRE,"48,8588240000","2,3314980000"
202200031739,6,11,2022,15:00,1,59,59350,2,3,2,3,LEPELLETIER RUE,"50,6389059490","3,0620540679"
202200011035,31,5,2022,06:05,2,07,07102,2,6,2,7,REPUBLIQUE (AV. DE LA) [DU N° AU N°],"44,9327500000","4,8799000000"
202200046178,30,11,2022,06:20,3,37,37122,1,9,5,6,BOULEVARD PERIPHERIQUE N 585,"47,3560582829","0,6456130743"
202200004062,31,12,2022,02:00,5,40,40312,2,2,1,3,HENRI DE NAVARRE (AVENUE),"43,5138900000"," -1,4360800000"
202200011730,15,4,2022,12:00,1,13,13201,2,2,1,3,FRANKLIN ROOSEVELT (COURS)   1 A 37,"43,2991000000","5,3880200000"
202200026717,22,7,2022,14:20,1,13,13080,1,1,7,6,D15,"43,6597530000","5,3995230000"
202200023963,27,1,2022,17:45,5,54,54578,2,1,2,6,MULLER (AVENUE PAUL),"48,6594100000","6,1403100000"
202200033397,17,6,2022,19:35,1,75,75103,2,7,1,3,PLACE DE LA REPUBLIQUE,"48,8673380000","2,3633430000"
202200015083,23,12,2022,08:40,3,93,93027,1,1,2,6,AUTOROUTE A86,"48,9284698590","2,4132638547"
202200052575,28,11,2022,15:40,1,05,05132,2,1,8,6,Avenue du 11 Novembre,"44,6822620000","6,0770150000"
202200022812,17,12,2022,14:29,1,91,91086,1,1,1,4,RN 104,"48,6239300000","2,3773900000"
202200008978,21,11,2022,16:20,1,69,69102,1,1,2,6,Autoroute 89 ,"45,8788746023","4,3974924088"
202200035873,15,1,2022,07:30,5,28,28134,2,3,5,3,KENNEDY (AVENUE DU PRESIDENT),"48,7297900000","1,3825200000"
202200032376,10,12,2022,00:30,5,75,75116,2,1,1,2,ALLEE DE LONGCHAMP,"48,8714050000","2,2613460000"
202200042573,22,2,2022,10:30,1,69,69387,2,2,1,1,Quai Claude Bernard,"45,7559700000","4,8402500000"
202200028954,30,8,2022,15:15,1,77,77307,2,1,1,4,D231,"48,8524000000","2,7621000000"
202200019999,24,6,2022,15:40,1,94,94028,2,3,1,3,Avenue de Verdun / Rue Paul François Avet,"48,7960200000","2,4632600000"
202200024624,24,5,2022,07:25,1,13,13092,1,1,1,1,Chemin Départemental 21b,"43,5240330000","5,1130630000"
202200025988,11,11,2022,18:40,5,33,33249,1,1,1,2,ROUTE NATIONALE 230,"44,8756300000"," -0,5079740000"
202200025330,17,4,2022,11:35,1,34,34254,1,1,1,4,Autoroute A75 - PK037.000 - SENS 1,"43,6572600000","3,4639200000"
202200030915,3,3,2022,17:50,1,62,62060,2,3,1,2,Place de l'Hôtel-de-Ville,"50,2315350293","2,1167202294"
202200041036,23,2,2022,12:30,1,64,64122,1,1,1,7,Allée Gabrielle Dorziat,"43,4594900000"," -1,5541800000"
202200041297,4,4,2022,16:30,1,33,33063,2,2,1,3,Rue de Saint Genès,"44,8283519008"," -0,5796709657"
202200051251,24,3,2022,18:00,1,17,17077,2,1,1,1,Route d Orignolles,"45,1401610000"," -0,1642090000"
202200003786,24,11,2022,00:02,5,69,69266,2,1,2,2,Cours Emile Zola,"45,7636730247","4,9114680289"
202200007914,10,9,2022,18:30,1,22,22278,1,1,1,4,RN12,"48,5067500000"," -2,7352900000"
202200018899,27,7,2022,21:00,3,83,83112,2,1,1,1,Chemin de la Barbarie,"43,1940540000","5,7009870000"
202200011328,14,3,2022,16:50,1,13,13214,2,1,1,3,VOIRIE (IMPASSE DE LA),"43,3175367135","5,3883256339"
202200044020,29,11,2022,16:20,1,34,34003,2,1,1,6,Avenue des Lavandieres,"43,2895900000","3,5231900000"
202200015352,29,5,2022,11:25,1,72,72320,2,1,1,1,rue jean de vignolles,"48,0479425000","0,1733888700"
202200013015,23,12,2022,13:20,1,74,74010,2,1,3,6,CREUSES (ROUTE DES)     (SECTEUR 630),"45,8940000000","6,1062000000"
202200018893,31,1,2022,18:15,5,64,64348,1,1,2,4,Avenue de Santona,"43,3216400000"," -0,3950600000"
202200020706,27,7,2022,17:10,1,22,22222,2,3,7,3,Lieu Dit le Dernier Sou,"48,6974900000"," -2,9404740000"
202200015267,13,3,2022,14:05,1,75,75102,2,2,2,6,PLACE DE LA BOURSE,"48,8689140000","2,3401080000"
202200003390,22,11,2022,13:00,1,85,85082,1,1,3,6,route départementale D11,"46,8802300000"," -0,9157060000"
202200021841,7,10,2022,07:40,1,06,06069,1,9,1,3,DRAGUIGNAN (ROUTE DE) - D2562-,"43,6439570000","6,9029280000"
202200024746,14,12,2022,17:15,2,33,33192,2,1,1,3,Rue du Moulineau,"44,7727300000"," -0,6012100000"
202200020874,23,5,2022,18:00,1,59,59178,2,6,8,3,HERILLIER (PLACE L'),"50,3631100000","3,0786500000"
202200041331,30,10,2022,14:40,1,93,93062,2,2,1,3,Boulevard du Midi / Allée Nicolas Carnot,"48,8913600000","2,5152700000"
202200022741,24,5,2022,09:40,1,92,92063,1,1,1,3,A86,"48,8910645642","2,1744392216"
202200052894,4,1,2022,15:45,1,76,76114,2,1,3,1,Avenue Louis Debray,"49,5789687391","0,4709064960"
202200036861,5,6,2022,09:45,1,38,38363,2,1,1,3,1036 Route de Beaurepaire,"45,3434060000","5,0689050000"
202200000631,19,11,2022,16:00,1,14,14762,1,1,8,6,D524,"48,8438050000"," -0,9209530000"
202200031736,5,11,2022,16:17,1,64,64102,2,1,7,6,Rue Maréchal Koenig,"43,4849000000"," -1,4906300000"
202200000383,4,5,2022,13:10,1,13,13206,2,2,1,2,GOUFFE (COURS),"43,2854500000","5,3898500000"
202200045178,1,4,2022,09:15,1,83,83099,2,1,1,6,Rue Edouard Branly,"43,4558160000","6,6833030000"
202200016167,21,4,2022,13:45,1,47,47031,1,1,8,2,LAMOTHE MAGNAC (ZI),"44,1765600000","0,6169300000"
202200029207,18,6,2022,16:30,1,46,46117,1,1,1,6,Route de Lavaur Haute,"44,9432810000","1,9090680000"
202200038140,6,12,2022,18:00,5,92,92063,1,1,1,2,A86,"48,8865317821","2,1655023008"
202200025146,4,3,2022,19:40,5,92,92012,2,3,1,7,JEAN BAPTISTE CLEMENT (AVENUE) 49/FIN -,"48,8458468994","2,2370221317"
202200047781,22,9,2022,10:20,1,29,29078,2,1,1,6,route du Faou,"48,3253130000"," -4,1624420000"
202200033041,11,4,2022,09:00,1,37,37199,1,4,1,1,D58,"47,0639941832","0,5020585656"
202200013012,18,11,2022,17:45,3,54,54216,1,3,1,3,RD122,"48,4649683840","6,3529515268"
202200023796,22,6,2022,19:20,2,01,01419,1,1,3,2,D884,"46,2338400000","6,0105300000"
202200021424,3,9,2022,20:25,1,02,02061,1,1,1,2,375 rue départementale 8 la croisette,"50,0213210000","3,4566490000"
202200020380,14,11,2022,16:54,2,38,38368,1,9,8,3,Route de Charavines,"45,3911120000","5,5268530000"
202200026354,22,5,2022,12:00,1,92,92064,2,1,1,2,ST CLOUD,"48,8414618222","2,2225632817"
202200034391,17,7,2022,11:45,1,76,76125,1,1,1,1,D151,"49,6362700000","1,1730400000"
202200021960,8,10,2022,11:00,1,54,54131,1,1,1,6,Rue des 4 Fers,"48,8840565910","6,1736404904"
202200018231,15,11,2022,13:15,1,33,33529,2,1,2,7,COUBERTIN (RUE PIERRE DE),"44,6320000000"," -1,1366000000"
202200024982,8,3,2022,19:30,5,92,92002,2,3,1,3,ARMAND GUILLEBAUD (AVENUE),"48,7488000000","2,3069400000"
202200000479,19,10,2022,23:03,5,93,93031,2,2,1,5,Rue de Paris / Avenue du 18 Juin 1940,"48,9544000000","2,3082100000"
202200052519,22,10,2022,11:00,1,93,93053,1,4,1,2,AUTOROUTE A3,"48,8982400000","2,4697100000"
202200031424,10,4,2022,19:35,1,34,34172,2,3,1,3,MONTELS-EGLISE (RUE DE),"43,5788900000","3,8774700000"
202200014485,29,7,2022,16:20,1,972,97213,1,9,1,3,ROUTE DEPARTEMENTALE 14,"14,6206700000"," -61,0209800000"
202200021189,17,12,2022,18:55,3,85,85022,1,1,1,5,RD 949 ,"46,4541190000"," -1,4195039000"
202200048837,24,10,2022,18:27,2,75,75108,2,2,1,6,PLACE DE LA CONCORDE,"48,8670500000","2,3206610000"
202200035323,16,6,2022,09:30,1,13,13209,2,1,1,3,Allée Emmanuel Chabrier,"43,2395889488","5,3927552998"
202200031526,10,4,2022,07:15,1,94,94017,2,3,1,1,Boulevard de Stalingrad / Rue de Rosignano Marittimo,"48,8177910233","2,5060050487"
202200018891,27,7,2022,11:20,1,22,22171,1,1,1,6,D700,"48,4296210000"," -2,8215470000"
202200045151,27,10,2022,08:00,2,76,76217,2,6,2,3,POISSONNERIE (ARCADES DE LA ),"49,9264200000","1,0800500000"
202200024996,9,3,2022,11:30,1,61,61464,2,3,1,6,37 Rue de la République,"48,6040000000","0,1719400000"
202200039938,27,9,2022,09:50,1,17,17163,1,2,1,3,Chez Pagnolet,"45,3847640000"," -0,3962960000"
202200004394,15,9,2022,18:45,1,93,93066,2,1,1,6,Rue Gabriel Péri,"48,9433303107","2,3569221390"
202200044073,30,11,2022,16:55,2,12,12145,2,4,1,3,Avenue Jean Jaurès,"44,1035500000","3,0798100000"
202200001185,5,7,2022,02:56,5,06,06088,2,1,1,1,CENTRALE (RUE),"43,6984200000","7,2769400000"
202200040310,12,7,2022,23:05,5,49,49007,2,1,1,7,RECOUVREUR,"47,4520500000"," -0,5592300000"
202200053879,19,10,2022,12:10,1,69,69389,2,1,8,1,Rue du Chapeau Rouge,"45,7725551686","4,8078100383"
202200012237,5,2,2022,17:55,1,60,60057,2,1,1,6,Place Georges Clémenceau,"49,4291970000","2,0815880000"
202200034201,7,12,2022,16:50,1,22,22187,2,1,2,3,PORT (rue du ),"48,5272500000"," -2,7385100000"
202200040047,25,9,2022,19:23,5,973,97302,2,2,1,2,HEDER (place),"4,9416533682"," -52,3311290145"
202200025088,2,3,2022,17:40,1,50,50147,2,3,1,6,SAPINS (AVENUE DES),"49,0538500000"," -1,4347700000"
202200047945,8,6,2022,13:50,1,87,87085,2,6,1,7,BEAUBREUIL (AVENUE DE),"45,8808900000","1,2946300000"
202200028637,22,7,2022,11:15,1,55,55544,2,3,1,1,D118,"49,5065000000","5,4566060000"
202200016357,16,11,2022,22:40,5,75,75112,2,2,2,6,BOULEVARD DIDEROT,"48,8473420000","2,3867720000"
202200025695,17,4,2022,05:20,2,80,80765,1,1,1,7,D29,"50,0328790000","1,6723040000"
202200019451,7,9,2022,07:35,1,59,59052,2,9,1,6,Rue Louis Dorlez,"50,5142906941","2,8998112679"
202200041202,1,11,2022,14:15,1,80,80287,2,1,1,7,route de giomer,"50,1643640000","1,6391300000"
202200007775,19,3,2022,15:35,1,57,57358,2,1,1,2,4 Rue de Thionville,"49,3068890000","6,3356300000"
202200005750,30,4,2022,00:30,5,93,93014,2,2,1,7,Allée de Gagny / Allée Maurice Audin,"48,9093700000","2,5500500000"
202200052603,7,6,2022,08:30,1,13,13211,1,1,1,6,A50-Sens Aubagne vers Marseille,"43,2948046412","5,4642511904"
202200006244,17,10,2022,07:40,2,26,26038,1,3,1,3,Route de Pont,"45,0275680000","4,9234840000"
202200017280,28,5,2022,14:00,1,62,62774,2,3,1,3,D243E3,"50,9439520000","1,7463750000"
202200002631,16,9,2022,13:00,1,69,69029,2,1,1,3,Avenue Franklin Roosevelt,"45,7376300000","4,8963700000"
202200032721,27,8,2022,09:30,1,59,59560,2,1,1,3,BOIS RUE DES ,"50,5491262123","3,0515170097"
202200012981,22,12,2022,10:35,1,971,97105,2,6,1,3,GASTON FEUILLARD(AVENUE),"15,9987268300"," -61,7207756639"
202200034898,27,2,2022,10:42,1,63,63113,2,1,2,6,QUINET (BD EDGAR),"45,8056600000","3,1260600000"
202200010280,8,2,2022,08:20,5,29,29019,2,2,6,6,Rue de Valmy,"48,3996080000"," -4,4659040000"
202200037579,2,11,2022,18:00,3,61,61181,1,4,1,3,D438,"48,8014150000","0,3091410000"
202200043179,11,6,2022,18:10,1,77,77373,1,1,1,3,RN104,"48,7910200000","2,6186500000"
202200034803,18,1,2022,08:50,1,75,75116,2,1,1,4,AVENUE DE VERSAILLES,"48,8419800000","2,2674710000"
202200006400,2,7,2022,15:55,1,94,94038,2,3,7,3,Avenue Flouquet,"48,7671700000","2,3191300000"
202200053862,14,2,2022,18:30,3,71,71583,1,1,8,6,Route de Julienas,"46,2698510000","4,7748360000"
202200008170,12,9,2022,09:45,1,75,75116,2,1,1,3,BD PERIPHERIQUE INTERIEUR,"48,8735780000","2,2752950000"
202200007720,28,4,2022,18:30,2,73,73179,1,6,1,3,D16A av Jean Rostand,"45,5936360000","5,8861830000"
202200011631,10,9,2022,12:55,1,53,53130,2,1,1,6,BOUDET ( QUAI PAUL ),"48,0680200000"," -0,7686800000"
202200022341,29,1,2022,12:35,1,75,75112,2,2,1,3,AVENUE DAUMESNIL,"48,8486320000","2,3725800000"