Accident_Id,jour,mois,an,hrmn,lum,dep,com,agg,int,atm,col,adr,lat,long
202200025149,3,9,2022,15:35,1,76,76711,2,1,1,2,9 Rue du Docteur Pépin,"50,0598579563","1,3772138566"
202200043276,2,4,2022,14:30,1,93,93055,2,1,1,2,JEAN JAURES (AVENUE) (76/128),"48,9049226311","2,3933503926"
202200041038,23,2,2022,08:49,1,57,57463,2,9,1,6,rue joseph hénot,"49,1016503882","6,1987110972"
202200006340,1,7,2022,17:43,1,31,31555,1,1,1,5,VA007331 A620,"43,5833234388","1,4035436511"
202200032232,1,10,2022,15:00,1,69,69013,2,6,2,6,Avenue de Joux,"46,0199300000","4,7208800000"
202200051655,25,11,2022,10:55,1,29,29081,1,1,2,7,Le Petit Moulin,"48,3597960000"," -3,7657950000"
202200021828,19,4,2022,19:35,1,17,17459,1,2,1,3,lieu-dit le poteau,"45,9088450000"," -0,4248260000"
202200034385,7,12,2022,06:15,1,973,97302,2,1,1,7,MADELEINE (ROUTE DE LA),"4,9095800000"," -52,3216300000"
202200016800,3,2,2022,12:20,1,31,31555,2,1,1,3,BD LAZARE CARNOT,"43,6013200000","1,4521900000"
202200045795,23,9,2022,18:00,1,92,92050,2,1,1,6,FOCH MARECHAL PLACE DU,"48,8892300000","2,1945600000"
202200011789,9,9,2022,20:40,5,66,66141,2,1,1,1,24 Rue de l Alzine,"42,7348070000","2,9093330000"
202200007729,19,3,2022,14:30,1,75,75116,2,3,1,3,RUE BENJAMIN FRANKLIN,"48,8599720000","2,2855910000"
202200015353,13,3,2022,14:45,1,92,92072,2,1,2,3,PONT DE SEVRES,"48,8283929711","2,2264535576"
202200035692,2,11,2022,19:40,5,64,64125,2,6,1,3,Avenue Atherbéa,"43,4377600000"," -1,5913500000"
202200013653,4,2,2022,17:20,1,07,07181,2,1,1,7,,"44,7537620000","4,7486790000"
202200037528,7,4,2022,19:45,1,69,69009,2,1,1,3,831 Route de Villefranche,"45,9443920000","4,7147640000"
202200004216,15,9,2022,08:00,1,973,97302,1,1,1,7,ROUTE NATIONALE 1,"4,9033332457"," -52,3241364956"
202200002868,4,7,2022,07:55,1,75,75117,2,7,1,3,PLACE DE WAGRAM,"48,8875510000","2,3044830000"
202200019315,6,9,2022,08:15,1,92,92073,2,2,1,3,SELLIER (BOULEVARD HENRI),"48,8625300000","2,2170800000"
202200024590,23,7,2022,18:00,1,92,92050,2,1,1,1,SURESNES RUE DE,"48,8845189594","2,2137346566"
202200003361,2,5,2022,11:15,1,93,93047,2,7,1,6,Place Notre Dame des Anges,"48,8999900000","2,5568500000"
202200049087,29,3,2022,07:25,1,26,26198,2,1,1,3,CATALINS (Chemin des ),"44,5705700000","4,7588700000"
202200050302,15,2,2022,08:42,1,10,10387,2,1,8,3,GENERAL CHARLES DELESTRAIN (RUE),"48,2888661012","4,0735352039"
202200012979,28,5,2022,12:35,1,75,75119,2,1,1,6,AVENUE DE LA PORTE DE LA VILLETTE,"48,8989743571","2,3869063289"
202200018434,2,2,2022,19:50,5,75,75116,2,4,1,3,AVENUE PAUL DOUMER,"48,8590670000","2,2771210000"
202200033708,5,11,2022,09:25,1,93,93007,1,1,1,6,AUTOROUTE A1,"48,9435302792","2,4354129175"
202200041219,30,10,2022,11:20,1,972,97209,2,1,8,6,BALATA (ROUTE DE),"14,6304700000"," -61,0724300000"
202200008249,30,6,2022,20:10,1,54,54549,1,1,1,6,RD400,"48,6326100000","6,3255300000"
202200012874,30,5,2022,12:25,1,45,45285,2,2,1,3,19 Rue des Perles,"47,9214877561","1,8819049001"
202200023557,24,6,2022,09:00,1,69,69010,2,1,2,6,5 Rue Charles de Gaulle,"45,8352230000","4,6174790000"
202200046464,1,12,2022,19:25,3,986,98613,2,9,1,5,TEPA," -13,3193620000"," -176,1899540000"
202200003896,7,12,2022,15:35,1,30,30351,2,6,1,6,Avenue Gabriel Peri,"43,9629700000","4,7994600000"
202200022302,13,11,2022,22:25,3,72,72070,1,1,5,4,a81,"48,0100707077"," -0,1112759115"
202200003375,18,11,2022,10:15,1,36,36029,1,1,1,6,,"47,1284820000","1,7033850000"
202200025849,5,10,2022,16:20,1,93,93070,2,1,1,3,Avenue Michelet,"48,9083796187","2,3442242156"
202200020657,26,7,2022,17:40,1,93,93071,2,1,1,6,Allée des Peupliers,"48,9294474893","2,5154002905"
202200031055,29,8,2022,22:28,2,54,54198,1,1,1,6,D15,"49,2629320000","5,8287140000"
202200053744,6,6,2022,22:05,5,25,25056,2,1,2,3,SARRAIL RUE GENERAL,"47,2372410000","6,0314560000"
202200025013,8,3,2022,18:30,3,37,37072,1,1,2,6,D8,"47,1578338143","0,2619042993"
202200027460,13,4,2022,23:00,5,94,94004,2,3,1,1,Avenue du Général Leclerc / Allée des F.f.i.,"48,7544500000","2,5060300000"
202200025596,21,6,2022,12:30,1,75,75117,2,1,1,4,PORTE D ASNIERES,"48,8945610000","2,3054090000"
202200030267,19,5,2022,09:20,1,61,61117,1,2,1,3,D 112,"48,4356700000","0,0224200000"
202200046623,16,8,2022,15:45,1,59,59110,1,1,2,7,12 Route de la Colme,"50,9395333614","2,3042830825"
202200007386,28,12,2022,21:20,3,94,94069,1,1,2,3,A4,"48,8165048505","2,4525248344"
202200043287,2,4,2022,14:00,1,62,62312,1,1,1,1,D150,"50,5061880000","1,7959410000"
202200011571,11,9,2022,19:25,1,77,77273,2,1,1,3,D41,"49,0500900000","2,7673320000"
202200032742,28,8,2022,23:20,5,33,33063,2,1,1,6,Boulevard Alfred Daney,"44,8678300000"," -0,5713400000"
202200024315,12,11,2022,19:05,3,10,10404,1,1,5,7,D67,"48,0385780000","4,5820930000"
202200029519,14,4,2022,08:00,1,67,67474,2,1,1,6,Rue des Barons de Fleckenstein,"48,9384150000","7,8807060000"
202200029957,30,9,2022,12:45,1,973,97302,2,1,1,1,MADELEINE (ROUTE DE LA),"4,9140120426"," -52,3208507895"
202200036347,18,1,2022,18:00,4,29,29019,2,6,1,3,Rue Duquesne,"48,3919666691"," -4,4874697924"
202200021175,9,3,2022,10:45,1,06,06123,2,1,1,3,CURIE PIERRE ET MARIE AVENUE,"43,6942600000","7,1846900000"
202200031020,2,3,2022,19:40,3,94,94038,1,1,1,3,AUTOROUTE A6A,"48,7733700000","2,3454100000"
202200047531,10,1,2022,15:30,1,72,72132,2,9,1,6,Avenue Pierre Brulé,"48,1867600000","0,6615000000"
202200044913,11,6,2022,14:50,1,38,38292,2,1,1,7,Route de Saint Pierre,"45,4778200000","5,5589960000"
202200030455,18,7,2022,11:00,1,976,97611,2,1,1,1,tsoundzou-Mariage (place -tsoundzou 2)," -12,8132400000","45,2019600000"
202200004814,2,10,2022,06:40,1,36,36044,2,1,1,6,39 Boulevard de l’Ecole Normale,"46,8203897601","1,6780811548"
202200027124,31,8,2022,08:40,1,44,44109,2,9,7,6,2 Quai Malakoff,"47,2131500000"," -1,5348900000"
202200050954,6,6,2022,23:30,5,75,75119,2,3,1,3,AVENUE DE FLANDRE,"48,8858150000","2,3706180000"
202200000597,23,3,2022,13:34,1,13,13212,1,1,1,3,A507 sens Aubagne- Marseille,"43,2943720000","5,4243920000"
202200027284,31,8,2022,17:00,1,71,71026,1,1,1,2,D906,"46,6645800000","4,8664390000"
202200046347,10,6,2022,17:50,1,51,51454,2,1,1,2,avenue de Champagne,"49,2281800000","4,0308300000"
202200041106,5,4,2022,15:30,1,13,13001,1,1,1,1,CAMP DE MENTHE (AV DU),"43,5117400000","5,4210800000"
202200008343,1,7,2022,07:55,1,75,75115,2,3,1,6,RUE DE VOUILLE,"48,8354370000","2,3027200000"
202200017891,25,6,2022,13:40,1,974,97416,1,3,1,5,RN1 (ROUTE NATIONALE)," -21,3159020000","55,4415360000"
202200037252,9,4,2022,09:00,1,69,69106,2,1,1,4,Route de la Colline,"45,9287370000","4,6936740000"
202200028504,21,7,2022,17:10,1,94,94073,2,1,1,6,GENERAL DE GAULLE (AV DU),"48,7673720000","2,3794990000"
202200005339,18,3,2022,16:40,1,52,52448,2,9,1,6,LATTRE DE TASSIGNY (RUE MARECHAL DE),"48,6382119885","4,9514007568"
202200052053,21,9,2022,10:50,1,2B,2B050,2,3,1,6,T30,"42,5590770000","8,7570400000"
202200040374,2,12,2022,01:00,3,28,28367,1,1,8,6,Autoroute A10 pk 070+000 vers PARIS,"48,1565310000","1,8551820000"
202200036355,18,1,2022,08:20,5,27,27234,1,1,5,4,RN 154,"49,0204887354","1,1915672294"
202200028259,5,10,2022,16:35,1,39,39478,1,1,1,6,,"46,4427900000","5,8566540000"
202200005863,1,5,2022,19:50,2,70,70176,1,1,1,7,D6,"47,8982940000","6,6361020000"
202200003045,7,8,2022,08:00,1,02,02643,2,2,7,2,,"49,3960070000","3,1142870000"
202200054742,24,11,2022,09:40,1,01,01053,2,1,1,3,boulevard voltaire,"46,2005630000","5,2240290000"
202200027149,31,8,2022,09:23,1,75,75119,2,3,1,3,RUE MANIN,"48,8843430000","2,3912980000"
202200051348,6,5,2022,13:00,1,74,74131,1,1,1,1,RD 1508,"46,0193950000","5,9162450000"
202200052058,8,5,2022,05:00,3,95,95491,1,1,1,3, A115,"49,0098929531","2,2315281630"
202200011488,30,5,2022,14:30,1,16,16137,1,1,1,6,D4,"45,6045510000","0,4868420000"
202200007960,16,10,2022,00:15,5,25,25056,2,1,1,6,DOLE RUE DE (entre 82 et 185),"47,2286470000","5,9869090000"
202200030377,21,7,2022,09:20,1,07,07288,1,1,1,1,COL DE L'ARenier,"44,7242350000","4,5096300000"
202200026434,23,5,2022,11:35,1,77,77384,1,1,2,7,A5b,"48,6022730000","2,6340630000"
202200045508,10,5,2022,11:06,1,11,11262,2,1,1,6,parking Carrefour Boone Source,"43,1794200000","3,0275900000"
202200005047,5,6,2022,06:25,1,29,29019,2,6,1,6,quai Commandant Malbert,"48,3822870000"," -4,4897040000"
202200001433,7,8,2022,15:50,1,27,27391,1,1,1,7,D52,"48,8287460000","1,3331120000"
202200008417,1,7,2022,14:10,1,63,63449,1,1,1,7,D145,"45,6103848512","2,9522109032"
202200036095,28,9,2022,22:20,3,57,57665,1,1,8,1,D31c,"49,1362473324","6,9319520435"
202200002706,16,9,2022,20:00,5,93,93007,2,3,1,1,ALBERT EINSTEIN (AVENUE),"48,9441700254","2,4724173546"
202200033389,9,4,2022,22:25,5,972,97219,1,9,1,1,Pointe Lamarre,"14,7828390000"," -61,2145110000"
202200027148,31,8,2022,16:25,1,75,75120,2,2,1,3,AVENUE BENOIT FRACHON,"48,8542830000","2,4152610000"
202200006257,8,9,2022,16:00,1,43,43012,1,1,1,2,Route de Firminy,"45,3795089869","4,2211688197"
202200028361,20,5,2022,18:30,1,92,92051,2,1,1,6,"ACHILLE PERETTI (AVENUE, N° 90 A 96 ET 9","48,8837447052","2,2719985396"
202200051084,30,4,2022,13:30,1,971,97116,2,1,1,2,Bosredon,"16,3113150000"," -61,4867450000"
202200005966,17,10,2022,10:25,1,93,93048,2,3,2,3,Rue Désiré Préaux / Boulevard de Chanzy,"48,8585400000","2,4317400000"
202200029823,8,11,2022,22:50,5,75,75111,2,7,1,3,PLACE DE LA REPUBLIQUE,"48,8666980000","2,3651610000"
202200011755,26,4,2022,12:50,1,75,75105,2,3,8,3,BOULEVARD SAINT MARCEL,"48,8370940000","2,3526830000"
202200051851,20,9,2022,07:25,2,75,75107,2,3,1,3,QUAI D ORSAY,"48,8628870000","2,3151970000"
202200011550,11,9,2022,17:45,1,72,72132,2,1,1,1,Avenue de Verdun,"48,1916330000","0,6613530000"
202200051319,6,1,2022,09:25,1,67,67176,1,6,7,3,D1062,"48,8924830000","7,6608820000"
202200030363,20,7,2022,14:15,1,65,65018,1,1,1,7,D126,"42,9654750000"," -0,2667300000"
202200028853,4,3,2022,17:30,1,94,94033,1,1,1,3,A86.INT,"48,8501200000","2,4904200000"
202200036012,28,9,2022,10:15,1,75,75103,2,1,1,3,BOULEVARD SAINT MARTIN,"48,8682830000","2,3601150000"
202200019178,19,12,2022,20:00,5,92,92024,2,1,1,3,CLICHY (QUAI DE) DE (8 A 60),"48,9048170000","2,2925800000"
202200039003,14,6,2022,19:15,1,69,69149,2,2,1,6,Rue Louis Aulagne,"45,7170400000","4,8125400000"
202200042511,24,2,2022,09:45,1,64,64422,2,1,1,6,11 rue alfred de vigny,"43,1909290000"," -0,6109270000"
202200010831,25,12,2022,18:40,5,38,38185,2,3,1,3,RUE DE STALINGRAD,"45,1694800000","5,7234700000"
202200017652,6,9,2022,12:30,1,29,29039,2,1,1,6,Rue de Trégunc,"47,8683030000"," -3,9045670000"
202200050232,28,11,2022,09:55,1,77,77291,2,9,8,1,GRANDE BORNE (RUE DE LA),"49,0161885172","2,6013240442"
202200018631,27,1,2022,15:20,1,55,55517,1,1,2,6,Rue du Pont Etrier,"48,9786680000","5,0518230000"
202200040091,14,1,2022,13:15,1,75,75113,2,3,1,3,BOULEVARD MASSENA,"48,8226680000","2,3728380000"
202200046065,6,7,2022,14:10,1,2A,2A004,1,1,1,6,T40,"41,9248300000","8,8098500000"
202200024880,16,12,2022,09:30,1,68,68300,1,1,4,7,D55,"47,7880180000","7,4171450000"
202200034551,1,3,2022,20:00,3,94,94028,2,2,1,3,Avenue du Maréchal Foch / Rue des Malfourches,"48,7801840000","2,4377300000"
202200048877,31,3,2022,04:20,5,987,98747,1,1,1,2,RT1 PK 58+800 AFAAHITI," -17,7278810000"," -149,3257960000"
202200041692,15,1,2022,12:00,1,74,74313,2,1,1,1,Chez Quetand,"46,0488250000","6,1403660000"
202200033880,17,5,2022,17:50,1,973,97307,1,1,1,3,RN1,"4,9006430000"," -52,3626850000"
202200049723,21,9,2022,16:50,1,75,75116,2,4,1,2,BOULEVARD LANNES,"48,8645220000","2,2698140000"
202200002867,4,7,2022,08:20,1,75,75119,2,1,1,3,AVENUE SECRETAN,"48,8806030000","2,3747140000"
202200047033,19,2,2022,00:25,5,69,69259,2,2,1,3,Boulevard Ambroise Croizat,"45,6970200000","4,8878000000"
202200045027,20,2,2022,21:05,5,37,37261,2,2,1,3,VICTOIRE (RUE DE LA),"47,3925971299","0,6789690256"
202200011603,10,9,2022,15:43,1,83,83137,2,1,1,3,A57,"43,1257200000","5,9717000000"
202200010421,30,6,2022,17:00,1,93,93059,2,1,1,6,Avenue Lénine,"48,9587700000","2,3588500000"
202200021233,5,9,2022,15:35,1,56,56153,1,1,1,1,moulin de coueguel,"47,6032980000"," -2,3603010000"
202200021371,3,9,2022,17:07,1,65,65226,1,1,1,5,D902,"43,2430620000","0,0407880000"
202200016503,15,11,2022,22:10,3,01,01049,1,1,2,6,A432N 9.900 A 11.118,"45,8304700000","5,0281800000"
202200044686,28,10,2022,11:22,1,93,93047,2,9,1,6,Avenue Vaucanson,"48,9037828400","2,5818694834"
202200047333,12,5,2022,08:30,1,60,60575,2,3,1,6,Rue de la Liberation,"49,2894150000","2,1977540000"
202200003660,23,11,2022,10:00,1,69,69388,2,2,2,3,Rue Saint Nestor,"45,7439400000","4,8632200000"
202200024732,22,5,2022,00:30,5,83,83062,2,1,1,1,THOUAR MONTEE,"43,1337090000","6,0093520000"
202200031106,23,1,2022,18:30,5,16,16341,2,1,1,3,LIBERTE (AVENUE DE LA),"45,6391300000","0,1035600000"
202200008358,1,7,2022,12:30,1,92,92064,2,3,1,3,MONT VALERIEN,"48,8524523206","2,2162627727"
202200029143,29,8,2022,07:57,1,49,49015,2,1,1,6,PETIT LIMOGES LIEU DIT LE,"47,5193070000"," -0,5873620000"
202200015214,4,2,2022,07:35,4,63,63014,2,1,1,6,MEUNIERS (RUE DES),"45,7627900000","3,1049800000"
202200049951,22,10,2022,11:30,1,67,67482,2,1,1,2,rue d'Ostwald,"48,5631200000","7,7099000000"
202200055148,6,5,2022,18:40,1,59,59669,1,1,1,6,Rue de cassel,"50,8058307656","2,4523919821"
202200033692,6,11,2022,11:40,1,26,26311,1,9,1,3,Route de Saint-jean,"45,0427850000","5,3021750000"
202200000313,7,8,2022,18:25,1,54,54304,2,2,1,3,SAPINIERE (RUE DE LA),"48,6932600000","6,1279500000"
202200047498,9,1,2022,08:15,2,13,13207,2,3,1,3,CHARLES LIVON (BOULEVARD),"43,2922000000","5,3630600000"
202200008649,3,8,2022,11:40,1,92,92040,2,1,1,6,GOUVERNEUR GAL EBOUE DU 02 AU 64,"48,8258894830","2,2694701552"
202200044177,8,7,2022,18:15,1,66,66136,2,1,1,2,PERTHUS (DU),"42,6598600000","2,8830500000"
202200004282,17,10,2022,20:50,5,78,78133,2,2,3,3,MANTES (ROUTE DE),"48,9066900000","2,0474600000"
202200012816,24,12,2022,19:25,3,61,61096,1,3,2,1,Lieu Dit les Vaux,"48,5112950000"," -0,3945850000"
202200029786,7,11,2022,10:50,1,59,59599,2,2,1,3,RACINE (RUE),"50,7383260000","3,1422290000"
202200023323,8,3,2022,13:05,1,14,14220,2,1,1,6,Quai de la Marine,"49,3626100000","0,0792900000"
202200033359,19,1,2022,12:50,1,69,69385,2,1,1,3,Avenue Barthélémy Buyer,"45,7635399771","4,7966319323"
202200053151,22,10,2022,14:10,1,93,93051,2,1,1,7,Avenue Victor Basch,"48,8420135780","2,5596572320"
202200001000,18,9,2022,17:00,1,26,26357,1,1,6,7,D75,"44,2814180000","4,9457360000"
202200006843,5,8,2022,12:15,1,86,86294,2,1,1,1,N149,"46,6455460000","0,1780820000"
202200049710,9,6,2022,02:40,3,33,33003,1,1,1,3,AUTOROUTE A 10,"44,9238850000"," -0,4736960000"
202200014128,28,6,2022,06:10,2,31,31069,2,1,1,1,BELLONTE (RD-PT MAURICE),"43,6265000000","1,3852500000"
202200008903,30,5,2022,15:10,1,52,52121,2,6,1,3,,"48,0922500000","5,1454100000"
202200026001,11,11,2022,12:05,1,92,92036,1,1,1,7,RN315 W,"48,9210091121","2,3062400222"
202200052835,11,9,2022,01:40,5,78,78362,2,2,1,1,BOULEVARD ROGER SALENGRO,"48,9869580000","1,7063450000"
202200022631,25,5,2022,18:35,1,92,92025,2,3,1,3,STALINGRAD (AV DE),"48,9334610206","2,2643981650"
202200021436,10,8,2022,15:15,1,59,59010,1,1,1,6,A26,"50,1447151876","3,1264954805"
202200025219,1,9,2022,18:45,5,972,97209,1,9,1,2,RAVINE VILAINE (CHEMIN DEPARTEMENTAL DE),"14,6278800000"," -61,0600700000"
202200026510,22,5,2022,07:20,1,95,95277,1,1,1,2,A104,"48,9733670000","2,4855140000"
202200000165,9,8,2022,09:27,1,45,45234,2,3,1,3,5 Rue Georges Pompidou,"47,8868310000","1,9032070000"
202200004823,5,8,2022,23:45,3,25,25632,2,1,1,6,rue de la gare,"47,4789020000","6,7685530000"
202200051602,11,7,2022,08:05,1,56,56061,2,1,7,6,1 rue du menhir,"47,7652480000"," -2,1326460000"
202200005798,1,5,2022,17:00,1,17,17330,1,1,1,1,D728,"45,7536610000"," -0,9380870000"
202200020131,7,10,2022,12:45,1,27,27701,2,2,1,3,ARONDE (VOIE DE L'),"49,2710500000","1,2076600000"
202200026120,1,10,2022,20:30,5,66,66136,2,3,1,3,,"42,7077370251","2,8863519430"
202200018319,1,2,2022,16:30,1,59,59128,2,1,1,6,FUSILLES RUE DES,"50,6413100000","2,9719900000"
202200010427,1,2,2022,08:25,1,44,44003,2,1,1,6,336 Rue Francois Rene Chateaubriand,"47,3755560000"," -1,1799090000"
202200050799,28,11,2022,17:00,2,94,94046,2,1,8,3,EUGENE RENAULT (R),"48,8152000000","2,4193600000"
202200055222,25,3,2022,20:25,3,17,17291,1,1,1,4,35 PK RN11 NANTES ROCADE,"46,1730100000"," -1,1173600000"
202200049105,23,3,2022,14:50,1,13,13210,2,6,1,3,CAPELETTE (AVENUE DE LA),"43,2835400000","5,3990600000"
202200043055,29,10,2022,04:20,5,33,33063,2,3,1,2,Rue Lucien Faure,"44,8641800000"," -0,5585800000"
202200053498,26,11,2022,19:30,5,49,49007,2,1,1,7,DE LATTRE DE TASSIGNY,"47,4460500000"," -0,5370000000"
202200025789,27,1,2022,07:45,2,70,70542,1,1,5,1,D67,"47,3512960000","5,6858860000"
202200008899,31,5,2022,17:40,1,59,59597,2,1,8,3,MARQUETTE (ROUTE DE),"50,1932900000","3,2236500000"
202200021443,5,9,2022,09:30,1,31,31187,2,3,1,1,1175 Route de Bragot,"43,5493880000","1,2424740000"
202200041887,12,1,2022,18:45,2,95,95241,1,1,1,6,RD 10,"49,0488622735","2,4415934086"
202200004992,12,2,2022,00:50,5,38,38298,2,1,1,6,Chemin des Ayencins,"45,3779360000","4,8042490000"
202200045354,12,5,2022,14:20,1,92,92002,2,1,1,2,ARMAND GUILLEBAUD (AVENUE),"48,7452367100","2,3151646703"
202200001127,17,9,2022,18:30,2,94,94059,2,2,1,3,Avenue Pasteur / Avenue de Coeuilly,"48,8078900000","2,5669800000"
202200036704,15,7,2022,10:50,1,75,75115,2,2,1,3,AVENUE DE LA PORTE DE SEVRES,"48,8360160000","2,2782200000"
202200021379,9,3,2022,07:45,1,69,69388,2,2,1,7,Boulevard des Etats-Unis,"45,7372800000","4,8615800000"
202200052208,6,5,2022,17:30,1,50,50129,2,6,1,1,HOPITAL (AVENUE DE),"49,6345600000"," -1,6139700000"
202200053292,6,5,2022,09:30,1,94,94042,2,9,1,3,Rue de Paris,"48,8174520000","2,4674270000"
202200032110,18,5,2022,11:05,1,64,64445,2,1,1,3,COURS LYAUTEY,"43,3109200000"," -0,3628100000"
202200049442,6,1,2022,17:40,1,49,49007,2,1,1,7,PAUL BERT,"47,4658500000"," -0,5516600000"
202200043338,2,4,2022,21:55,5,57,57596,2,1,1,2,1 Rue Nationale,"49,1605060000","6,8537420000"
202200004920,12,2,2022,13:20,1,92,92009,2,1,1,6,ARGENTEUIL AV D',"48,9248022582","2,2748144567"
202200036228,16,7,2022,14:30,1,63,63104,1,1,7,6,D67 FÉRREOL commune de la Chaulme,"45,4896070000","3,9667510000"
202200036061,29,9,2022,12:25,1,41,41185,1,1,1,3,d 724,"47,3267700000","1,6919210000"
202200054340,25,11,2022,17:35,3,35,35051,1,1,1,2,N136,"48,1037410000"," -1,6057970000"
202200017128,10,3,2022,22:44,5,69,69292,2,1,1,1,Boulevard des Oiseaux,"45,8150570000","4,8667070000"
202200021676,20,4,2022,14:30,1,70,70253,1,1,1,5,D474,"47,4556260000","5,9010400000"
202200046509,1,12,2022,14:30,1,33,33182,1,2,1,3,D669,"45,0610480000"," -0,6092480000"
202200017337,20,12,2022,11:00,1,59,59152,2,1,2,6,ARMENTIERES (RUE D'),"50,7565910000","2,9908590000"
202200033331,20,1,2022,08:00,1,92,92036,1,1,8,7,A86,"48,9356557559","2,2642429853"
202200015430,7,9,2022,12:10,1,31,31555,2,1,1,3,FENOUILLET (CHE DE) DU 8AU 201,"43,6497900000","1,4136000000"
202200010303,8,2,2022,12:00,1,06,06029,2,1,1,1,BEAUSEJOUR (AVENUE),"43,5524500000","7,0324500000"
202200035072,8,4,2022,16:30,1,71,71047,2,1,1,6,Rue d Autun,"46,6254620000","3,7738650000"
202200004949,9,2,2022,17:40,1,42,42267,2,3,1,2,Route de Pouilly,"46,1543850000","4,1620750000"
202200051270,6,1,2022,19:50,5,92,92046,2,1,1,3,DE STALINGRAD,"48,8147460000","2,2867840000"
202200022111,12,11,2022,22:30,5,76,76217,1,1,1,6,ESCARPE (RUE DE L'),"49,9052501556","1,0868622663"
202200045948,29,11,2022,17:40,5,14,14654,2,3,1,6,D511,"49,0192150000"," -0,0325140000"
202200023352,2,9,2022,06:40,1,51,51454,2,3,1,3,avenue Georges Clemenceau,"49,2518900000","4,0447900000"
202200037108,26,2,2022,02:50,5,75,75119,2,3,1,2,RUE DE MEAUX,"48,8807445556","2,3728402600"
202200053883,15,2,2022,09:55,1,88,88008,1,1,1,5,D435,"48,3740800000","6,6761360000"
202200015719,7,9,2022,13:35,1,69,69388,2,4,1,6,Rue de l'Epargne,"45,7417348039","4,8603187502"
202200002067,19,10,2022,08:45,1,94,94069,2,1,1,6,5bis Quai de la République,"48,8178110000","2,4213760000"
202200020902,23,5,2022,17:13,1,49,49007,2,1,1,1,MONTESQUIEU PASSAGE,"47,4730570000"," -0,5835140000"
202200000016,21,10,2022,16:32,1,75,75106,2,1,1,3,RUE DE VAUGIRARD,"48,8479990000","2,3301760000"
202200034998,15,6,2022,15:35,1,974,97407,2,1,1,6,RUE RENE MICHEL," -20,9365320000","55,2934970000"
202200021568,19,4,2022,14:00,1,10,10362,2,3,1,2,GENERAL LECLERC (RUE DU),"48,2925100000","4,0438300000"
202200046535,16,8,2022,12:51,1,75,75108,2,3,1,6,RUE LINCOLN,"48,8710880000","2,3034950000"
202200014241,25,6,2022,09:54,1,26,26085,1,9,1,4,Autoroute A7,"44,5001790000","4,7683240000"
202200034494,17,7,2022,15:30,1,69,69277,1,1,1,6,Rocade Est,"45,7357000000","4,9818200000"
202200002210,4,6,2022,15:35,1,52,52405,2,1,1,7,8 Rue des Maizieres,"47,6561340000","5,2870680000"
202200040249,3,12,2022,05:15,5,59,59122,2,1,1,6,CATEAU (AVENUE DU),"50,1693000000","3,2611000000"
202200038676,22,8,2022,19:30,1,13,13070,2,1,1,3,VOLTAIRE (BOULEVARD),"43,2818100000","5,5125600000"
202200010012,16,7,2022,10:00,1,22,22195,2,2,1,3,Place du Château,"48,8418350000"," -3,1388340000"
202200027548,18,6,2022,04:00,5,49,49007,2,1,1,7,MOULIN BOULEVARD,"47,4896500000"," -0,5468300000"
202200024922,14,12,2022,18:20,3,13,13001,1,1,2,4,A51-Sens Marseille vers Aix en Provence,"43,5243200000","5,4267700000"
202200017578,3,9,2022,11:45,1,87,87085,2,1,1,7,SCHUMAN (BOULEVARD ROBERT),"45,8564000000","1,2702600000"
202200019935,21,4,2022,18:51,1,85,85300,1,1,1,7,La Daviere,"46,7076300000"," -1,5151700000"
202200018382,8,11,2022,12:55,1,60,60159,2,1,1,6,Place de la Gare,"49,4218800000","2,8238600000"
202200052625,19,9,2022,17:45,1,973,97302,2,2,1,3,FELIX EBOUE(ROCADE),"4,9295400000"," -52,3151300000"
202200017132,16,12,2022,17:55,3,76,76351,2,1,1,6,JOSEPH MADEC,"49,5063310000","0,1417500000"
202200047588,8,1,2022,12:44,1,45,45338,2,2,2,3,Rue des Rosiers,"47,9986100000","2,7098800000"
202200003147,3,6,2022,06:30,2,974,97407,2,2,1,3,LASSERVE ALEXANDRE(RUE)," -20,9367200000","55,2909500000"
202200034079,2,10,2022,13:00,1,85,85090,1,1,1,6,La petite Bretonnière,"46,8134570000"," -0,8539880000"
202200030529,16,7,2022,11:20,1,67,67482,2,1,1,2,OTTROT (RUE D ),"48,5974700000","7,7234100000"
202200013383,9,9,2022,02:20,5,71,71306,2,1,1,6,JEAN DIDIER (RUE),"46,6559585221","4,3494653215"
202200055018,28,4,2022,14:19,1,973,97302,2,1,1,3,MONTABO (ROUTE DE) 3,"4,9372481674"," -52,2979715466"