Accident_Id,jour,mois,an,hrmn,lum,dep,com,agg,int,atm,col,adr,lat,long
202200044522,19,2,2022,20:00,5,11,11262,1,1,1,6,RD 6009 NARBONNE - BEZIERS,"43,1860300000","2,9717800000"
202200002075,2,10,2022,07:30,2,59,59527,2,2,2,6,111,"50,6620420000","3,0500260000"
202200019998,7,10,2022,12:25,1,69,69072,1,2,1,2,Route Departementale 307,"45,7947770000","4,7413890000"
202200033183,26,8,2022,18:50,1,75,75102,2,3,1,6,RUE SAINTE ANNE,"48,8678570000","2,3362690000"
202200006127,14,9,2022,19:45,1,28,28404,2,1,1,1,CHAPPEY (AVE MARC),"48,7306400000","1,3398300000"
202200030720,4,3,2022,19:30,3,38,38257,2,3,1,2,Route de Grenoble,"45,4806480000","5,4012070000"
202200022195,31,1,2022,10:43,1,59,59209,2,1,1,6,15 Rue de Walincourt,"50,0993160000","3,3130220000"
202200048035,20,9,2022,13:20,1,29,29019,2,2,1,6,rue Anatole France,"48,3827476680"," -4,5154096480"
202200012129,7,2,2022,17:30,1,78,78420,2,1,1,6,15b Rue de la Croix de Rome,"48,7816630000","1,8178940000"
202200047442,10,1,2022,07:50,2,2B,2B096,2,9,9,3,21 Avenue Jean Nicoli,"42,3061250000","9,1555230000"
202200006654,11,2,2022,19:05,5,33,33167,1,1,1,3,ROUTE NATIONALE 230,"44,8243370000"," -0,5112800000"
202200043590,12,5,2022,09:30,1,75,75113,2,3,1,6,BOULEVARD AUGUSTE BLANQUI,"48,8296667469","2,3483102024"
202200028839,5,3,2022,10:20,1,69,69194,2,1,1,6,Rue du Castellard,"45,8108340000","4,7971920000"
202200032396,10,12,2022,06:20,5,93,93066,2,1,8,6,Route de la Courneuve,"48,9323130000","2,3761120000"
202200033385,19,1,2022,12:50,1,72,72181,2,1,8,3,CUGNOT NICOLAS (BD),"47,9959800000","0,2233600000"
202200015909,27,6,2022,16:30,1,75,75117,2,2,1,3,RUE GUERSANT,"48,8808460000","2,2899580000"
202200032708,2,3,2022,21:15,5,92,92004,2,1,2,3,PONT DE CLICHY,"48,9105500000","2,2990400000"
202200051481,6,1,2022,14:00,1,64,64057,1,1,1,6,Route d Hagetaubin,"43,4846960000"," -0,6094750000"
202200036818,22,8,2022,21:00,5,06,06029,2,1,1,3,BLANC (RUE LOUIS),"43,5511300000","7,0133500000"
202200025899,5,10,2022,19:10,2,10,10003,2,1,1,1,Rue du Marechal Foch,"48,2212560000","3,7269670000"
202200032094,28,9,2022,19:15,2,86,86281,1,2,1,3,D347,"46,7412050000","0,2055560000"
202200001852,12,11,2022,21:20,3,74,74056,1,1,1,6,RN 205,"45,9080940000","6,8476070000"
202200011450,28,4,2022,18:10,1,06,06031,1,1,1,4,D2204b,"43,7730610000","7,3324540000"
202200029720,22,8,2022,10:29,1,22,22106,2,1,1,1,VAU HERVE (RUE DU),"48,5049000000"," -2,7177100000"
202200042003,26,9,2022,19:15,4,60,60448,2,1,2,6,Rue de Beauval,"49,1045700000","3,0436100000"
202200030792,3,3,2022,08:25,1,59,59599,2,1,1,6,GUERRE (RUE FIN DE LA),"50,7286943647","3,1463752985"
202200004126,19,10,2022,18:30,1,85,85160,2,1,1,7,RD36 ,"46,5921990000"," -1,4043510000"
202200001840,28,11,2022,06:50,4,74,74118,2,1,1,3,SAINT-JULIEN (ROUTE DE),"46,1775800000","6,2251700000"
202200038417,14,1,2022,16:00,1,69,69388,2,2,1,3,Rue Villon,"45,7372800000","4,8615600000"
202200006067,14,9,2022,09:45,1,79,79329,2,6,8,3,,"46,9817800000"," -0,2165100000"
202200026051,5,10,2022,07:15,5,94,94043,1,1,1,2,AUTOROUTE A6B,"48,8158837940","2,3564735681"
202200014985,2,2,2022,16:30,1,79,79048,2,1,1,3,26 Route de Boisragon Drahe,"46,3837750000"," -0,2850490000"
202200006830,2,10,2022,20:40,5,69,69029,2,9,1,7,Avenue Franklin Roosevelt,"45,7329329965","4,9105185270"
202200003150,25,4,2022,17:10,1,76,76486,1,1,1,4,D938,"49,3345900000","1,0118500000"
202200021791,18,4,2022,17:05,1,93,93001,2,2,1,6,Rue Danielle Casanova / Rue Lopez et Jules Martin,"48,9155700000","2,3998000000"
202200027887,10,11,2022,12:30,1,50,50109,1,1,1,1,Guelle,"48,8971700000"," -1,4257340000"
202200053476,7,7,2022,15:37,1,17,17425,1,1,1,1,D730,"45,6072680000"," -0,9266070000"
202200001667,24,3,2022,17:00,1,38,38003,1,1,1,1,Chemin de Coinaud,"45,3194850000","4,8564290000"
202200011592,11,9,2022,13:35,1,50,50099,1,1,1,7,Rue des Planeurs,"49,3532630000"," -1,2565450000"
202200051944,13,8,2022,12:45,1,40,40278,2,1,1,6,route départementale 652,"44,2274810000"," -1,1580170000"
202200006539,11,2,2022,20:45,5,01,01344,1,2,1,3,GRANDES CADALLES (CHEMIN DES),"46,2099500000","5,2042600000"
202200039674,15,5,2022,02:10,5,81,81065,2,9,1,7,SIDOBRE RD 622 (AV. DU),"43,6081300000","2,2555300000"
202200011429,27,4,2022,16:45,1,92,92062,2,1,1,7,POMPIDOU (AV GEORGES) N°2 A 18,"48,8739087944","2,2359857261"
202200009979,11,9,2022,02:45,5,93,93031,2,3,5,1,Rue de Paris / Rue du Maréchal Maison,"48,9530247619","2,3125816524"
202200036300,14,1,2022,16:05,1,57,57672,2,2,1,3,CLEMENCEAU (AVENUE) 33+ ET 74+,"49,3624800000","6,1636400000"
202200007764,20,3,2022,17:15,1,38,38157,1,1,1,6,Le Plan de Gemens,"45,5079343757","4,9341152363"
202200035406,15,6,2022,14:04,1,94,94028,2,3,1,6,Rue de Falkirk / Square des Griffons,"48,7714073901","2,4603715785"
202200000561,3,5,2022,19:35,1,91,91461,1,1,1,7,Route de Baillot,"48,5983770000","2,2161580000"
202200018119,8,10,2022,09:20,1,70,70228,2,4,5,3,Rue Sadi Carnot,"47,7662810000","6,0922920000"
202200002480,3,6,2022,21:05,1,86,86062,1,1,1,6,Route de Paris,"46,6705880000","0,3747960000"
202200000704,23,3,2022,20:05,5,67,67482,2,3,1,3,FRANÇOIS MITTERRAND (AVENUE),"48,5841700000","7,6932500000"
202200006592,11,2,2022,11:25,1,51,51649,2,6,1,7,Place du Général-Giraud,"48,7231710000","4,5835040000"
202200042938,20,8,2022,03:15,5,45,45037,2,1,8,6,5 Rue d Armonville le Guénard,"48,2443960000","1,9730010000"
202200016521,28,7,2022,13:40,1,91,91027,2,1,1,2,AV FRANCOIS MITTERRAND,"48,7016500000","2,3718100000"
202200018265,14,11,2022,12:40,1,69,69388,2,1,1,2,3 Rue du Transvaal,"45,7380638543","4,8780611157"
202200009442,19,11,2022,18:40,5,42,42302,2,2,1,6,Rue de la Vaure,"45,4819270000","4,4425210000"
202200018813,26,5,2022,12:30,1,94,94076,2,1,1,3,Avenue de la République,"48,7884600000","2,3650300000"
202200003486,2,6,2022,08:50,1,67,67482,2,3,1,5,BELGES (QUAI DES),"48,5786000000","7,7810700000"
202200051601,15,2,2022,13:00,1,13,13211,2,1,1,1,RAOUL FOLLEREAU (AV),"43,2937200000","5,4452400000"
202200015970,24,6,2022,16:10,1,04,04154,1,1,1,3,RD 954,"44,5088710000","6,3525010000"
202200031928,16,5,2022,16:55,1,12,12096,2,3,1,3,Avenue de Saint-Côme,"44,5241140000","2,7672350000"
202200032626,16,7,2022,12:55,1,34,34344,2,5,1,3,Avenue de MONTPELLIER,"43,5636080000","4,0857980000"
202200050898,28,3,2022,18:10,1,33,33065,2,6,1,3,Avenue de la Belle Etoile,"44,8227100000"," -0,4822600000"
202200040968,13,6,2022,21:55,5,94,94011,2,7,1,3,Rue Pierre Sémard / Avenue Jean Monnet,"48,7626300000","2,4786100000"
202200011552,11,9,2022,12:00,1,72,72346,1,1,1,7,D289,"47,8830960000","0,0385170000"
202200036613,27,2,2022,07:15,2,59,59291,2,9,1,6,DEHAM (RUE DE),"50,2407510000","3,9124180000"
202200018922,28,5,2022,13:30,1,93,93005,1,1,1,3,AUTOROUTE A1,"48,9690093983","2,4804863075"
202200054318,21,10,2022,18:15,1,29,29039,2,2,2,3,BERNHARDT (RUE SARAH),"47,8902700000"," -3,9230400000"
202200006090,13,9,2022,18:45,1,54,54395,2,1,1,6,193 Avenue de Boufflers,"48,6923100000","6,1464700000"
202200009220,27,12,2022,14:45,1,13,13214,2,9,1,3,DANIEL CASANOVA (BOULEVARD),"43,3264330468","5,3746835273"
202200041424,2,4,2022,19:58,1,85,85284,1,1,1,5,D32,"46,8015720000"," -1,8810810000"
202200019265,6,9,2022,22:50,5,75,75111,2,2,1,3,AVENUE PARMENTIER,"48,8652710000","2,3745320000"
202200017916,25,6,2022,23:25,3,91,91657,2,1,1,7,AV HENRI BARBUSSE,"48,6981170000","2,4132590000"
202200053274,12,10,2022,00:28,3,35,35324,2,1,1,6,Rue Louis Lumière,"48,3341119672"," -1,1667468399"
202200031343,16,6,2022,22:28,5,75,75113,2,4,1,3,RUE DE TOLBIAC,"48,8261550000","2,3586300000"
202200042586,12,7,2022,04:08,3,31,31091,1,1,1,5,A62,"43,7053360000","1,4055320000"
202200032239,1,10,2022,18:15,1,64,64024,2,2,1,5,BOIS BELIN (RUE DU),"43,4926000000"," -1,5192900000"
202200045912,23,9,2022,11:20,1,94,94044,1,1,1,3,RN19.Y,"48,7419400000","2,5135000000"
202200019947,1,10,2022,20:00,3,01,01031,1,1,3,2,Autoroute A404 - PK 15+200 - sens OYONNAX-MAILLAT,"46,2512770000","5,6256870000"
202200047640,22,9,2022,19:05,2,33,33063,2,2,7,3,Rue Stehelin,"44,8559300000"," -0,6267400000"
202200002003,4,6,2022,18:35,1,44,44156,1,1,1,7,2 grissauland,"46,9478800000"," -1,5928100000"
202200028220,5,10,2022,07:40,1,84,84091,2,3,5,3,3 avenue de provence,"44,1785130000","4,7600710000"
202200030474,19,7,2022,10:20,1,973,97302,2,1,1,3,RABAN (ROUTE DE),"4,9363689943"," -52,3148882389"
202200048790,15,8,2022,16:08,1,24,24301,1,1,1,7,D60,"45,0479440000","1,3774060000"
202200034849,18,6,2022,05:20,2,74,74145,2,1,1,1,route des grolines,"46,2217530000","6,2944200000"
202200055138,25,3,2022,10:42,1,35,35238,2,2,1,3,Rue Saint-Hélier,"48,1069400000"," -1,6706500000"
202200018914,28,7,2022,08:35,1,17,17240,2,1,1,1,D19 - Route de jonzac,"45,2931920000"," -0,4131350000"
202200001021,19,9,2022,11:59,1,25,25405,1,4,1,3,D44,"46,8299910000","6,3390740000"
202200037533,2,11,2022,09:10,1,75,75118,2,1,1,3,BOULEVARD DE LA CHAPELLE,"48,8841020000","2,3529660000"
202200032900,2,3,2022,01:05,5,45,45285,2,2,1,3,117 Rue Charles Beauhaire,"47,9148400000","1,8686600000"
202200012374,29,6,2022,20:05,1,2A,2A017,1,3,1,3,D81,"41,9928260000","8,7631470000"
202200012391,12,10,2022,07:35,1,973,97302,1,1,1,2,ROUTE NATIONALE 1,"4,9186100000"," -52,3308100000"
202200018539,28,1,2022,15:30,1,51,51171,1,2,1,3,D32/D944,"49,3751190000","3,9203920000"
202200047575,9,1,2022,01:42,5,91,91514,2,2,2,3,RUE JEAN JAURES,"48,6715600000","2,5336900000"
202200013671,9,9,2022,13:10,1,80,80186,1,1,1,2,Rue de Nesle,"49,8039680000","2,8114270000"
202200037411,5,4,2022,17:00,1,94,94028,2,6,1,3,Avenue du Maréchal Foch / Route de la Pompadour,"48,7740400000","2,4395400000"
202200010990,25,12,2022,15:50,1,53,53223,1,1,1,6,Courvole,"48,2426600000"," -0,1720210000"
202200048043,20,9,2022,17:25,1,973,97302,2,2,1,3,JADFARD (RENE),"4,9339826615"," -52,3330454528"
202200021700,21,4,2022,17:40,1,71,71406,1,2,1,3,Route de Charolles,"46,3514380000","4,1053680000"
202200023206,4,9,2022,18:35,1,01,01288,1,1,1,6,Route de Chanvière,"46,1992530000","5,9338080000"
202200019067,20,12,2022,16:10,1,75,75111,2,1,2,6,BOULEVARD VOLTAIRE,"48,8602350000","2,3760300000"
202200022912,15,12,2022,18:30,5,42,42187,2,6,2,6,Rue Pierre Dépierre,"46,0334200000","4,0774700000"
202200052159,8,6,2022,12:30,1,01,01099,1,4,2,1,intersection d77 et d77C,"45,9073900000","5,2824930000"
202200053308,22,10,2022,16:45,1,53,53051,1,1,1,7,La Clairiere,"48,3453690000"," -0,5364420000"
202200010097,9,2,2022,20:00,3,83,83063,1,1,1,1,"route de grimaud, RD558","43,3000940000","6,4774980000"
202200026586,14,12,2022,14:40,1,92,92040,2,1,8,2,STALINGRAD (QUAI DE),"48,8228210000","2,2534450000"
202200019069,11,3,2022,20:00,4,972,97209,1,1,1,3,CLUNY (ROUTE DE),"14,6146600000"," -61,0820300000"
202200048066,15,8,2022,23:32,3,82,82023,1,1,1,6,D928,"43,9410460000","1,1322140000"
202200045341,12,5,2022,09:00,1,92,92026,2,1,1,2,GEORGES CLEMENCEAU,"48,9029914141","2,2709158659"
202200009492,26,12,2022,18:00,3,92,92047,1,1,1,3,A13,"48,8341640188","2,1670079550"
202200043668,2,1,2022,18:15,5,59,59350,2,1,2,3,REPUBLIQUE AV DE LA (N°512-832),"50,6542550507","3,0855086446"
202200016605,15,11,2022,18:30,5,64,64445,2,3,3,3,TOURASSE,"43,3112600000"," -0,3564400000"
202200024534,21,5,2022,20:40,1,08,08347,2,1,1,6,Rue Principale,"49,6311030000","5,2700950000"
202200027523,15,4,2022,09:15,1,71,71397,1,1,1,7,N79,"46,3881590000","4,6229440000"
202200029093,29,8,2022,17:30,1,35,35360,2,1,1,6,Rue de Janze,"48,1090290000"," -1,2152500000"
202200041749,13,1,2022,16:50,2,83,83144,1,1,1,1,PICOT (CHEMIN DU COLONEL),"43,1463400000","6,0100500000"
202200031027,29,8,2022,01:30,3,02,02340,1,1,1,6,,"49,8172610000","3,2769510000"
202200045535,10,1,2022,20:45,5,49,49007,2,1,2,6,GENVRIE,"47,4550200000"," -0,5683300000"
202200008123,10,9,2022,18:15,1,67,67130,1,1,1,2,RD1083,"48,4251280000","7,6415060000"
202200014463,16,11,2022,16:50,1,13,13015,2,9,1,3,D8n,"43,4299660000","5,3930800000"
202200024070,11,11,2022,21:50,5,76,76157,2,1,1,6,Boulevard Claude Monet,"49,4580450000","1,0366530000"
202200039620,13,5,2022,22:00,3,13,13100,1,1,1,3,PK14+666,"43,7861180000","4,8595030000"
202200024901,16,12,2022,16:58,1,64,64381,1,4,8,1,D947,"43,3299460000"," -0,7637320000"
202200034465,6,12,2022,18:35,5,10,10333,2,1,1,6,CHARLES BALTET (CD),"48,2812300000","4,0617200000"
202200036344,7,12,2022,15:15,1,43,43132,1,1,8,7,D56,"45,1435390000","3,5005620000"
202200019473,6,9,2022,14:30,1,77,77122,1,1,1,2,RN104,"48,6475570000","2,6053600000"
202200000842,29,12,2022,17:10,3,74,74109,1,1,2,7,Route de frenay,"46,0738860000","5,8455740000"
202200054892,5,5,2022,10:20,1,75,75115,2,3,1,3,RUE DE LA CONVENTION,"48,8364540000","2,2991630000"
202200045142,20,2,2022,02:20,5,75,75111,2,2,1,1,AVENUE PARMENTIER,"48,8681020000","2,3724340000"
202200031636,17,5,2022,12:20,1,69,69388,2,2,1,3,Boulevard des Etats-Unis,"45,7349500000","4,8633800000"
202200018859,26,5,2022,16:00,1,92,92040,2,1,1,6,ABBE DERRY (DE L'),"48,8225035648","2,2798696160"
202200034469,12,7,2022,16:50,1,971,97118,1,1,1,3,Arnouville,"16,2294160000"," -61,5919730000"
202200023515,19,4,2022,09:45,1,22,22375,1,1,1,1,La Lande,"48,6146760000"," -2,9655250000"
202200009304,19,3,2022,00:38,5,64,64445,2,9,1,3,YITZHAK RABIN,"43,3063020000"," -0,3337800000"
202200029072,30,8,2022,18:30,2,10,10317,1,1,2,3,voie creuse,"48,0086300000","4,3767860000"
202200027569,20,6,2022,19:15,1,27,27562,2,9,1,3,PRES (RUE DES),"49,1009500000","1,4508400000"
202200048588,8,6,2022,23:45,5,94,94081,2,1,2,1,JULES GUESDE (QU),"48,7883800000","2,4208100000"
202200050295,29,3,2022,06:15,5,13,13001,1,1,1,2,A8,"43,5226001344","5,4106954119"
202200050592,28,3,2022,16:15,1,91,91027,2,3,1,2,AV DE MORANGIS,"48,7057800000","2,3676400000"
202200036641,24,8,2022,14:00,1,2A,2A004,2,9,1,6,NAPOLEON COURS AVANT BEVERINI,"41,9276800000","8,7385700000"
202200043257,2,4,2022,10:05,1,75,75112,2,1,1,1,PORT DE LA RAPEE,"48,8419050000","2,3718440000"
202200022090,14,11,2022,07:55,2,94,94034,1,1,1,3,AUTOROUTE A86,"48,7579800000","2,3270500000"
202200000280,6,5,2022,17:40,1,84,84122,1,1,9,1,3489 Route de la Garrigue de l Etang,"44,1212010000","4,9697400000"
202200024979,8,3,2022,19:50,5,92,92040,2,3,1,3,rue du passeur de boulogne,"48,8244500000","2,2582740000"
202200048925,29,3,2022,08:16,1,33,33063,1,1,1,2,ROCADE A 630,"44,8832200000"," -0,5541000000"
202200023504,17,4,2022,11:00,1,92,92026,2,2,1,3,RÉPUBLIQUE ( DE 82 A FIN ),"48,9030911180","2,2560765445"
202200040969,19,8,2022,18:35,1,83,83065,1,1,1,3,D98a,"43,2612300000","6,5762080000"
202200018118,10,10,2022,06:45,3,29,29171,2,3,1,3,Lieu dit Kermatheano,"47,8185566310"," -4,3003031010"
202200042346,6,10,2022,07:30,4,84,84007,2,1,1,6,WETZLAR (Avenue de ),"43,9463800000","4,8283000000"
202200015283,4,2,2022,10:15,1,45,45234,2,1,2,6,18 Boulevard Alexandre Martin,"47,9052530000","1,9120450000"
202200047308,11,5,2022,20:00,1,30,30339,1,1,1,6,virage de la mine,"44,0624000000","3,6841000000"
202200030648,19,7,2022,09:35,1,75,75115,2,2,1,2,RUE DE LA CONVENTION,"48,8431010000","2,2834810000"
202200030719,4,3,2022,22:00,3,31,31584,1,1,2,6,Route de Toulouse,"43,8375430000","1,4808420000"
202200002683,16,9,2022,09:00,1,13,13210,2,1,1,1,PAUL CLAUDEL (BOULEVARD),"43,2687793933","5,4199021624"
202200011480,16,3,2022,18:10,1,94,94028,2,1,1,2,Rue du Castel,"48,8032300000","2,4588400000"
202200045382,13,5,2022,04:00,3,72,72221,2,1,1,6,7 Rue Pierre de Ronsard,"47,6685460000","0,3962810000"
202200052292,27,3,2022,07:00,2,13,13209,2,1,1,2,CATHERINE BLUM (BOULEVARD),"43,2669600000","5,4199700000"
202200009873,12,9,2022,08:55,1,93,93007,1,1,1,2,AUTOROUTE A1,"48,9481000000","2,4446200000"
202200041844,14,1,2022,01:00,5,29,29215,2,1,1,6,86 Rue d Audierne,"47,9925610000"," -4,4353150000"
202200023353,2,9,2022,14:19,1,49,49007,2,2,1,3,GERICAULT PLACE ET RUE,"47,4599300000"," -0,5243200000"
202200004804,12,2,2022,11:40,1,75,75120,2,3,1,6,RUE SAINT FARGEAU,"48,8710890000","2,4002990000"
202200000883,19,10,2022,08:00,1,33,33162,2,2,1,3,AVE DU TAILLAN-MEDOC,"44,8796107949"," -0,6472894549"
202200028898,4,3,2022,08:24,1,49,49007,2,1,2,7,RD 323,"47,4690100000"," -0,6031800000"
202200043641,7,1,2022,08:50,1,86,86158,2,4,1,5,Rue des Entreprises,"46,6149470000","0,3087270000"
202200040261,4,12,2022,14:20,1,14,14715,2,1,8,7,Boulevard Fernand Moureaux,"49,3631400000","0,0841300000"
202200033973,22,9,2022,11:40,1,73,73008,2,1,1,6,GENEVE RUE DE,"45,6924144580","5,9120392068"
202200048279,7,7,2022,08:55,1,27,27229,2,1,1,2,ROUX (RUE DU DOCTEUR),"49,0251000000","1,1385700000"
202200049175,10,5,2022,22:27,5,92,92023,2,1,1,7,GENERAL DE GAULLE (AV DU) N°130 A 340 ET,"48,7875284724","2,2568157613"
202200039222,5,4,2022,18:20,1,37,37261,2,1,1,2,GRAMMONT (AVENUE DE),"47,3699931123","0,6970712543"
202200010798,27,5,2022,22:35,5,87,87085,2,2,1,3,SAINT MARTIAL (QUAI),"45,8211800000","1,2630000000"
202200016888,8,3,2022,16:00,1,77,77305,2,9,1,6,JAURES (RUE JEAN),"48,3842000000","2,9565800000"
202200007042,21,11,2022,09:08,1,75,75102,2,2,1,3,BOULEVARD DES ITALIENS,"48,8712850000","2,3359240000"
202200007159,28,12,2022,22:35,3,77,77373,1,1,2,6,N104,"48,7610946050","2,6158292368"
202200004835,6,8,2022,16:10,1,74,74007,2,1,1,7,282 Rue de la Fontaine,"46,0723930000","6,3320410000"
202200041474,3,4,2022,19:20,1,69,69034,2,5,1,3,Cours Aristide Briand,"45,7794900525","4,8413373509"
202200020469,27,4,2022,19:57,1,92,92004,2,1,1,3,ARGENTEUIL AV D',"48,9169689999","2,2819778323"
202200052491,1,6,2022,10:25,1,69,69291,2,2,1,3,Chemin du Petit Chantoire,"45,6431370000","4,8750490000"
202200018223,8,10,2022,18:50,1,41,41223,1,1,7,6,D135,"47,6083480000","1,2346100000"
202200034482,17,7,2022,11:50,1,38,38496,2,1,1,7,Chemin des Carrières,"45,3662560000","4,9203090000"
202200027538,18,6,2022,13:10,1,56,56121,2,1,1,7,16 Boulevard de Normandie,"47,7590027000"," -3,3688465000"
202200048984,26,10,2022,14:00,1,91,91363,1,1,1,7,Route de Beauvert,"48,6456130000","2,2094320000"
202200022356,29,1,2022,14:42,1,94,94076,2,9,2,3,9bis Rue de la Chapelle,"48,8005650000","2,3607460000"
202200000294,7,8,2022,20:00,1,77,77181,2,1,7,6,RUCHERIE  (RUE DE  LA),"48,8243000000","2,7070000000"
202200002258,4,6,2022,16:00,1,06,06149,1,1,1,6,A8 PK 204+200 SUD,"43,7413520000","7,3315390000"
202200031524,10,4,2022,18:20,1,94,94017,2,1,1,4,Pont de Nogent,"48,8306700000","2,4930100000"
202200004190,16,10,2022,21:10,3,13,13088,1,1,1,6,A55-Sens Marseille vers Martigues,"43,3912400000","5,2508100000"
202200019009,27,4,2022,15:45,1,29,29007,1,1,1,7,D769 ,"48,3926240000"," -3,7263180000"
202200024119,11,11,2022,16:40,1,22,22278,2,1,1,3,COQUELIN,"48,5067400000"," -2,7840500000"
202200042471,23,2,2022,16:45,1,26,26338,1,2,1,3,Le Moulin,"44,6013971107","4,8300147057"
202200041529,14,5,2022,18:50,1,38,38345,1,2,1,3,D1532,"45,2038420000","5,4649200000"
202200024381,22,7,2022,07:40,1,42,42256,1,6,1,3,D8,"45,5130010000","4,1921850000"
202200046462,10,6,2022,10:00,1,13,13206,2,3,1,2,PIERRE PUGET (COURS),"43,2904700000","5,3756600000"
202200009121,19,4,2022,22:40,5,02,02408,2,1,1,1,GAMBETTA (AVENUE),"49,5666000000","3,6312900000"
202200001129,17,9,2022,21:45,5,94,94018,2,1,1,3,26 Rue Victor Hugo,"48,8209030000","2,4126150000"
202200001878,26,11,2022,15:00,1,13,13213,1,1,1,3,A507 sens Aubagne- Marseille,"43,3244400000","5,4226300000"
202200005289,30,12,2022,12:25,1,69,69256,2,1,2,6,Avenue Gaston Monmousseau,"45,7797200000","4,9105900000"
202200000658,24,3,2022,21:37,5,973,97302,2,2,1,6,DE GAULLE (AVENUE),"4,9396000000"," -52,3284900000"
202200012932,11,3,2022,18:55,3,37,37166,1,1,2,1,,"47,4984960000","0,8974130000"
202200013800,5,2,2022,21:40,5,83,83061,1,1,1,3,AVENUE DE LA CORNICHE D'AZUR,"43,3762500000","6,7203300000"
202200039631,13,5,2022,20:30,1,13,13214,1,1,1,6,A557-Liaison A7 Marseille-A55 Marseille,"43,3210670211","5,3752520988"
202200033823,18,5,2022,17:20,1,75,75109,2,2,1,3,RUE DE PROVENCE,"48,8742050000","2,3283980000"
202200005690,28,12,2022,15:30,1,18,18033,2,1,1,6,28 Avenue Jean Jaurés,"47,0883850000","2,3931120000"
202200040325,5,12,2022,03:15,5,92,92049,2,1,2,7,PERI RUE GABRIEL N°38 A 82,"48,8186645956","2,3187326789"
202200041608,12,5,2022,09:00,1,59,59560,1,1,1,1,TEMPLEMARS ROUTE DE,"50,5626497523","3,0495429039"
202200018515,27,5,2022,11:10,1,29,29019,2,1,1,5,Rue Anatole France,"48,3828670000"," -4,5170160000"
202200026481,14,12,2022,22:40,5,64,64445,2,2,1,5,ORLEANS D',"43,2989300000"," -0,3742300000"
202200004036,30,12,2022,07:50,1,972,97209,2,1,1,2,RAVINE VILAINE (CHEMIN DEPARTEMENTAL DE),"14,6368200000"," -61,0594200000"
202200014827,27,5,2022,17:45,1,59,59524,2,1,1,6,947 Rue Gambetta,"50,5692410000","2,8918460000"
202200032525,1,7,2022,08:25,1,29,29019,2,6,1,2,rue Yves Collet,"48,3916280000"," -4,4804950000"
202200040662,14,6,2022,13:30,1,92,92025,2,1,1,6,PRESIDENT KENNEDY (RUE DU),"48,9319604252","2,2578592747"
202200041924,26,9,2022,06:40,5,27,27681,2,1,1,6,FOCH (AVENUE DU MARECHAL),"49,0967635255","1,4753222466"
202200051100,28,3,2022,16:50,1,92,92040,2,1,1,3,VICTOR CRESSON (AVENUE) DU 42 AU 94,"48,8215600000","2,2629800000"
202200029510,24,1,2022,19:05,5,93,93078,2,1,1,6,BALLANGER (BD ROBERT),"48,9568600000","2,5432500000"
202200039376,6,4,2022,16:00,1,67,67131,2,9,1,6,Rue des Fusiliers Marins,"48,4894610000","7,7301040000"
202200003924,22,3,2022,11:15,1,974,97413,2,1,1,2,Rue du Musee," -21,1999730000","55,2940140000"
202200048091,8,6,2022,13:25,1,59,59648,2,1,2,3,CLEMENCEAU RUE,"50,5895000000","3,0510000000"
202200037576,3,11,2022,15:25,1,79,79135,1,1,2,1,,"46,7315850000"," -0,2078770000"
202200010043,13,10,2022,14:29,1,92,92020,2,1,3,3,VERDUN AVENUE DE N°2 A 28,"48,8035279312","2,2877325118"
202200032241,27,9,2022,09:50,1,59,59378,2,1,1,3,NATIONALE RUE,"50,6647687343","3,0756354332"
202200016394,29,7,2022,20:00,1,50,50273,1,1,1,7,Route des Landes - Pretot,"49,3253740000"," -1,4650650000"
202200021543,24,6,2022,17:25,1,89,89324,2,4,1,6,18 Rue André Henriat,"47,7431870000","2,8819960000"
202200051969,13,8,2022,19:43,2,60,60581,1,1,1,6,D916,"49,5268170000","2,3977770000"
202200042738,12,6,2022,12:35,1,51,51454,2,2,1,7,boulevard Saint Marceaux,"49,2514400000","4,0419600000"
202200006863,20,11,2022,23:35,5,64,64024,1,1,2,6,Boulevard d'Aritxague,"43,4725810000"," -1,4905940000"
202200016485,3,11,2022,18:30,5,67,67397,2,3,3,1,Rue de Boofzheim,"48,3239250000","7,6980150000"
202200043047,12,6,2022,19:30,1,60,60612,1,1,1,6,A1-SENS PARIS LILLE,"49,2038040000","2,6097680000"
202200051631,2,11,2022,14:00,1,66,66028,2,6,1,3,,"42,6856640000","2,9400930000"