Accident_Id,jour,mois,an,hrmn,lum,dep,com,agg,int,atm,col,adr,lat,long
202200041748,12,1,2022,11:40,1,85,85191,2,3,1,3,BOILEAU RUE,"46,6720500000"," -1,4274300000"
202200023714,20,6,2022,17:10,1,75,75117,2,1,1,2,PORTE DE CLICHY,"48,8979210000","2,3134410000"
202200037010,26,2,2022,22:20,5,69,69266,2,2,1,1,Rue Paul Verlaine,"45,7682700000","4,8801900000"
202200051252,6,5,2022,15:20,1,75,75116,2,1,1,2,BD PERIPHERIQUE INTERIEUR,"48,8440890000","2,2546860000"
202200052942,21,10,2022,20:00,5,27,27681,2,2,1,1,GREVARIN (RUE DU),"49,0895500000","1,4880300000"
202200050489,7,7,2022,19:10,1,92,92002,2,2,1,6,DIVISION LECLERC (1 A 29 -2 A 34),"48,7513705728","2,3044534027"
202200054973,20,10,2022,07:25,2,51,51454,2,1,2,7,avenue Georges Clemenceau,"49,2511351017","4,0491405129"
202200003056,7,8,2022,02:30,3,21,21210,2,1,1,6,Rue des Roches,"47,2574977577","4,5724062560"
202200044355,17,2,2022,20:53,5,972,97213,1,2,1,3,BELEME (VOIE COMMUNAL N°7 DE),"14,6434700000"," -61,0105500000"
202200039864,15,1,2022,04:00,3,53,53218,1,1,5,6,Route départementale 552,"48,2118050000"," -0,3901970000"
202200046000,3,12,2022,20:30,5,95,95250,2,6,8,6,RD 922,"49,0995242992","2,5307554007"
202200048077,21,9,2022,09:00,1,974,97416,2,1,1,2,LIGNE PARADIS(ROUTE DE LA)," -21,3125900000","55,4744200000"
202200001817,7,11,2022,17:48,5,92,92026,2,1,1,6,GAULTIER,"48,8980900000","2,2410600000"
202200030076,20,5,2022,11:10,1,34,34014,1,1,1,3,D109 E1,"43,7064220000","3,9124740000"
202200047634,21,9,2022,11:49,1,49,49007,2,2,1,3,Boulevard Charles Barangé,"47,4541800000"," -0,5679700000"
202200013723,9,9,2022,17:15,1,23,23013,2,3,1,3,Avenue de la Gare,"46,0279486655","2,4977159500"
202200049125,10,5,2022,13:40,1,75,75120,2,3,1,2,BOULEVARD DE MENILMONTANT,"48,8595550000","2,3891540000"
202200031199,24,1,2022,14:10,1,12,12102,2,1,1,7,Espessergues,"44,3021880000","2,5774880000"
202200002567,18,9,2022,10:55,1,58,58062,2,1,1,6,La Marquise,"47,0544820000","3,9276820000"
202200042617,18,8,2022,20:18,1,72,72181,2,9,1,3,CUGNOT NICOLAS (BD),"47,9911200000","0,2266000000"
202200033337,10,4,2022,14:30,1,75,75113,2,3,1,6,AVENUE DE CHOISY,"48,8229850000","2,3624180000"
202200004854,23,11,2022,18:55,5,13,13103,2,9,1,3,BOULEVARD FOCH-MARECHAL,"43,6393200000","5,0907900000"
202200005271,21,11,2022,06:55,1,971,97113,1,1,2,3,Section Port Blanc,"16,2399508033"," -61,4495319128"
202200035964,27,9,2022,18:10,1,66,66136,1,1,1,2,,"42,6547200000","2,8821700000"
202200014243,25,6,2022,13:45,1,68,68260,1,1,1,7,D430,"47,8833630000","7,2654930000"
202200048906,10,6,2022,14:30,1,14,14254,1,1,1,1,D8,"49,1472731800"," -0,4187382400"
202200030254,19,5,2022,06:15,2,64,64024,2,1,1,7,ROND POINT DE PLAISANCE,"43,4744489329"," -1,5005055070"
202200025983,26,1,2022,08:50,1,93,93046,2,1,1,1,Chemin des Postes,"48,9160483755","2,5413715839"
202200048121,6,6,2022,09:55,1,49,49328,2,6,1,3,DELESSERT (BOULEVARD BENJAMIN),"47,2600800000"," -0,0899700000"
202200000487,20,10,2022,18:00,1,92,92007,2,1,8,3,BRIAND (AVENUE ARISTIDE) N° 2 A 98,"48,7998881231","2,3232586383"
202200028875,3,3,2022,23:30,3,76,76341,1,1,1,6,RD 6382,"49,5205200000","0,1904200000"
202200036644,17,1,2022,09:00,1,95,95280,1,1,8,2,Avenue de la Gare,"49,0227800000","2,4653300000"
202200008220,1,7,2022,05:25,2,77,77186,1,5,1,6,D607,"48,4077300000","2,6868800000"
202200050549,7,6,2022,09:08,1,37,37261,2,1,1,2,DANIEL MAYER,"47,4185900000","0,6912400000"
202200010216,15,10,2022,07:55,1,81,81099,1,1,1,1,D988,"43,8854054000","1,8664202000"
202200016791,3,2,2022,08:25,1,37,37261,2,2,1,3,WEDELLS (RUE JEANNE),"47,4120432459","0,7057542354"
202200031084,28,8,2022,16:15,1,93,93005,1,1,1,2,AUTOROUTE A104,"48,9722710000","2,4954670000"
202200051913,15,2,2022,08:40,1,06,06149,2,9,1,1,1 Avenue Jean Moulin,"43,7491260000","7,3204030000"
202200036600,25,2,2022,20:00,2,73,73137,2,3,2,3,D912 GRANDE CHARTREUSE (AVENUE DE LA),"45,5545936616","5,9217220545"
202200001651,25,3,2022,14:00,1,83,83101,2,1,1,3,2998 Route des Plages,"43,2436650000","6,6484650000"
202200044931,28,10,2022,19:35,5,83,83081,2,1,1,3,562 route de draguignan,"43,6027170000","6,7763190000"
202200012198,29,6,2022,13:50,1,45,45234,2,2,1,6,29 Boulevard Jean Jaurès,"47,9037700000","1,8945300000"
202200043947,30,11,2022,22:10,5,59,59122,2,1,5,7,LIBERTE (BOULEVARD DE LA),"50,1694800000","3,2331000000"
202200004286,11,9,2022,17:15,1,62,62178,2,1,1,3,Rue de Boulogne,"50,4848980000","2,5308510000"
202200029099,30,8,2022,05:40,3,69,69290,1,1,1,3,Autoroute 43,"45,7199784998","4,9360120296"
202200017188,2,2,2022,12:40,1,69,69386,2,1,1,3,Rue Vauban,"45,7656268727","4,8515260220"
202200000315,5,8,2022,17:50,1,52,52448,2,3,1,1,RENAN (RUE ERNEST),"48,6420072187","4,9351894855"
202200034135,7,12,2022,17:55,5,54,54028,2,4,8,1,METZ (RUE DE),"49,2119500000","5,9777800000"
202200039873,24,9,2022,13:00,1,30,30135,2,1,2,7,26 Rue Peire Fioc,"43,8271150000","4,5594000000"
202200003940,1,5,2022,20:30,2,94,94017,2,6,1,2,Avenue du 8 Mai 1945 / Avenue Salvador Allendé,"48,8096939047","2,5428720116"
202200001360,8,8,2022,15:35,1,77,77495,1,1,1,6,AUTOROUTE A5A,"48,5936624954","2,6199415545"
202200046588,12,8,2022,02:00,4,50,50066,2,3,1,3,30 Avenue de la Libération,"48,7769970000"," -1,5675690000"
202200004955,23,11,2022,18:10,5,75,75112,2,3,1,3,RUE DE CHARENTON,"48,8325460000","2,3965660000"
202200011844,10,9,2022,07:30,1,23,23149,1,1,1,6,N145,"46,1986480000","2,1392870000"
202200026170,10,11,2022,11:35,1,75,75114,2,1,1,6,RUE DE L OUEST,"48,8363350000","2,3198070000"
202200017013,13,3,2022,19:50,5,29,29019,2,1,2,6,Rue Armor,"48,3841050000"," -4,5168810000"
202200054727,18,9,2022,14:15,1,974,97416,1,1,1,7,ANCIENNE RN 1," -21,3174000000","55,4443000000"
202200013879,5,2,2022,13:50,1,94,94080,2,3,1,3,1Rue des Laitières,"48,8486600000","2,4263700000"
202200043532,11,5,2022,17:30,1,49,49007,2,1,1,3,CHARLET,"47,4737500000"," -0,5766600000"
202200020022,23,6,2022,12:15,1,93,93027,2,1,1,6,Avenue Gabriel Péri,"48,9271027673","2,3888241649"
202200029223,21,6,2022,13:30,1,58,58106,1,1,1,6,RD 6,"47,2822170000","3,9910090000"
202200026782,13,12,2022,12:30,1,45,45234,2,1,1,6,10 Place Albert 1er,"47,9066310000","1,9061110000"
202200015123,15,3,2022,18:53,2,13,13214,1,1,1,2,A507 sens Marseille - Aubagne,"43,3345155594","5,3826210796"
202200034519,16,7,2022,00:05,5,78,78440,2,1,1,1,MARECHAL FOCH (AVENUE DU),"48,9881370000","1,8970700000"
202200021115,9,3,2022,19:40,2,50,50129,2,1,1,2,PARIS (AVENUE DE),"49,6296000000"," -1,6180000000"
202200054023,10,8,2022,17:50,1,93,93073,2,1,1,3,D40 Circuit Carole ,"48,9765500000","2,5139600000"
202200001368,6,8,2022,05:35,5,974,97416,2,1,1,7,AMIRAL LACAZE(RUE)," -21,3494600000","55,4848400000"
202200002218,27,6,2022,14:00,1,40,40282,2,1,1,6,,"43,7717273574"," -0,5730396509"
202200025415,22,6,2022,08:15,1,64,64304,1,1,1,2,Route de l Adour,"43,4955070000"," -1,4118080000"
202200003331,23,3,2022,17:00,1,68,68154,2,3,7,3,Avenue de Belgique,"47,7667340000","7,3647720000"
202200031340,11,4,2022,17:10,1,69,69383,2,2,1,6,Cours Docteur Long,"45,7506208280","4,8878587775"
202200038167,16,1,2022,13:40,1,64,64122,2,6,1,7,Boulevard du Bab,"43,4754312226"," -1,5456068516"
202200010248,29,6,2022,19:10,1,59,59512,2,3,1,2,LEBAS (AVENUE JEAN),"50,6939900000","3,1671900000"
202200007098,5,6,2022,06:55,2,95,95527,1,1,8,2, A1,"48,9943500000","2,5155700000"
202200047568,8,1,2022,11:30,1,974,97416,1,1,1,2,RN1(BRETELLE ACCES)," -21,3297200000","55,4539000000"
202200036940,27,2,2022,20:00,3,95,95582,1,1,1,4,A15,"48,9759590160","2,2381317616"
202200023613,22,6,2022,09:40,1,976,97611,2,1,1,6,passamanty-M'hogoni (rue)," -12,7852700000","45,2205800000"
202200003188,5,6,2022,14:40,1,972,97209,2,1,1,3,FRANCOIS ARAGO (RUE),"14,6057400000"," -61,0725800000"
202200011361,24,12,2022,09:00,1,972,97209,2,1,1,6,REDOUTE (ROUTE DE LA),"14,6170200000"," -61,0603900000"
202200024937,12,12,2022,10:10,1,95,95392,2,1,1,6,Avenue de la Gare,"49,0761383349","2,2039711475"
202200002328,16,10,2022,04:20,3,94,94034,1,1,1,4,N186,"48,7557423927","2,3423099435"
202200045544,11,1,2022,20:30,5,31,31555,2,1,1,1,RUE DES SPORTS,"43,6125948071","1,4156109095"
202200006682,3,8,2022,14:10,1,07,07008,2,6,1,3,,"44,7054500000","4,6503700000"
202200054093,21,10,2022,20:50,5,64,64348,2,1,1,7,boulevard de l'europe,"43,3300300000"," -0,3853100000"
202200047138,30,3,2022,18:00,1,972,97213,1,1,1,7,ROUTE DEPARTEMENTALE 14,"14,6252900000"," -61,0184600000"
202200025855,25,1,2022,18:00,2,972,97213,2,9,1,6,ROUTE DEPARTEMENTALE 3,"14,6159000000"," -60,9909000000"
202200047112,25,10,2022,09:30,1,13,13054,2,1,1,3,D9 (BRETELLE),"43,3949000000","5,1960200000"
202200010148,30,5,2022,17:15,1,54,54395,2,1,1,6,AMERICAN LEGION  (BD DE L'),"48,6841532115","6,1766941845"
202200038963,14,6,2022,08:55,1,27,27229,2,3,1,6,HUET (RUE DU PRESIDENT),"49,0221165047","1,1440774798"
202200024779,14,12,2022,17:05,2,13,13214,2,1,8,7,GAY LUSSAC (BOULEVARD),"43,3362100000","5,3750000000"
202200019117,18,12,2022,17:00,5,94,94028,2,3,2,3,JAGUIN(RUE JEAN),"48,7837700000","2,4703600000"
202200021514,23,6,2022,16:40,1,92,92004,1,1,1,6,HENRI POINCARE,"48,9323535900","2,2766423821"
202200033793,17,5,2022,13:20,1,75,75120,2,1,1,6,RUE DE MENILMONTANT,"48,8689660000","2,3908710000"
202200030004,22,5,2022,11:45,1,85,85108,2,2,1,3,D7,"46,9083090000"," -1,3768740000"
202200048741,30,3,2022,14:54,1,972,97221,1,1,1,3,Départementale 7,"14,5246820000"," -60,9842970000"
202200051759,19,9,2022,11:20,1,75,75119,2,1,1,2,BD PERIPHERIQUE INTERIEUR,"48,8873610000","2,3968070000"
202200030988,28,8,2022,15:05,1,37,37261,2,3,1,6,BERT (QUAI PAUL),"47,4026120091","0,7112789154"
202200015936,23,4,2022,15:24,1,93,93005,2,1,2,2,Route de Mitry,"48,9487031554","2,5150644779"
202200012899,24,12,2022,07:20,5,95,95641,1,1,1,3,A1,"49,0768434708","2,5519233942"
202200024632,21,5,2022,19:50,1,38,38076,1,3,1,3,Route de Dolomieu,"45,5942190000","5,4722060000"
202200003631,2,5,2022,03:02,3,91,91161,1,1,1,2,AUTOROUTE A6,"48,7122300000","2,3079500000"
202200030712,4,3,2022,17:00,1,89,89025,2,1,7,6,Rue de Lyon,"47,4914620000","3,9146320000"
202200009258,25,12,2022,04:01,5,75,75113,2,7,9,6,PLACE D ITALIE,"48,8313500000","2,3548400000"
202200004071,10,5,2022,21:45,5,06,06088,2,1,1,3,ARIANE (BD DE L'),"43,7344600000","7,2948500000"
202200046394,16,8,2022,22:53,5,69,69266,2,1,1,6,Rue Racine,"45,7665700000","4,8780500000"
202200007054,3,6,2022,18:15,1,92,92002,2,3,1,6,ARISTIDE BRIAND (AVENUE),"48,7554413914","2,3058095276"
202200034974,20,1,2022,12:00,1,973,97309,2,1,1,2,Route de la Crique Fouillee,"4,8907500000"," -52,3045030000"
202200034720,21,1,2022,13:00,1,971,97110,1,1,1,6,chemin du calvaire,"16,3097190000"," -61,0715010000"
202200017837,18,4,2022,01:05,3,77,77053,1,1,1,3,RN104,"48,6873060000","2,5968000000"
202200047429,10,5,2022,16:20,1,28,28404,2,6,1,3,GARNAY (ROND POINT DE),"48,7196100000","1,3483300000"
202200016438,17,11,2022,14:00,1,42,42159,1,1,2,1,Lieu-dit Vérines,"45,7998490000","3,7370990000"
202200047521,9,1,2022,14:43,1,62,62214,2,1,1,1,Route de la Basse Ville,"50,6539960000","1,7015620000"
202200025388,23,6,2022,09:05,1,84,84055,2,1,1,3,"Route de Caumont, D6","43,9470370000","4,9417820000"
202200032048,19,5,2022,08:20,1,44,44198,1,1,1,5,D178,"47,1325500000"," -1,5175600000"
202200025460,21,6,2022,12:40,1,27,27229,2,1,1,6,BRIAND (AVENUE ARISTIDE),"49,0174200000","1,1240000000"
202200000402,4,5,2022,15:00,1,75,75107,2,2,1,3,PONT DES INVALIDES,"48,8625730000","2,3104080000"
202200009967,11,9,2022,18:35,1,94,94041,2,3,1,3,REPUBLIQUE (AV DE LA),"48,8024100000","2,3973800000"
202200022822,17,12,2022,06:00,3,91,91617,1,1,1,4,RN 104,"48,6435500000","2,5344300000"
202200005126,7,2,2022,15:20,1,59,59512,2,1,1,6,BARBIEUX  (RUE DE),"50,6819339925","3,1726901606"
202200002682,16,9,2022,16:00,1,13,13202,2,1,1,3,ROGER SALENGRO (AVENUE),"43,3159904060","5,3695844952"
202200049070,24,3,2022,07:55,1,41,41018,2,1,1,3,DES ALLEES (ROND POINT),"47,5825000000","1,2980000000"
202200036090,7,12,2022,17:15,5,94,94052,2,2,1,1,JOINVILLE (AV DE),"48,8331600000","2,4715100000"
202200019885,22,4,2022,06:54,2,39,39436,1,1,1,6,,"46,8832490000","5,8976370000"
202200003828,3,6,2022,00:15,5,34,34172,2,2,1,3,BLUM (RUE LEON),"43,6089900000","3,8907100000"
202200013777,5,2,2022,18:30,3,77,77294,1,1,1,6,A104,"48,9697644713","2,5981800905"
202200051392,3,1,2022,17:28,5,95,95476,2,1,3,6,WILLIAM THORNLEY (RUE),"49,0632895194","2,0655369759"
202200007119,29,4,2022,18:10,1,93,93007,1,1,1,4,AUTOROUTE A1,"48,9462300000","2,4411600000"
202200008367,30,6,2022,07:00,1,92,92025,2,9,2,1,STALINGRAD (AV DE),"48,9287895756","2,2688626349"
202200031579,19,6,2022,16:30,1,54,54020,1,3,7,1,D400,"48,6058440442","6,4315831656"
202200022244,29,1,2022,22:55,3,91,91179,1,1,2,2,AUTOROUTE A6,"48,5689700000","2,4711100000"
202200013263,9,9,2022,17:20,1,973,97302,2,1,7,3,THEMIRE (CITE),"4,9348858882"," -52,3211377859"
202200050097,30,8,2022,10:35,1,18,18033,2,1,3,6,Avenue Pierre Semard,"47,0937200000","2,4010000000"
202200006893,3,8,2022,14:00,1,95,95277,1,1,1,7,RD170,"48,9781702010","2,4414002895"
202200054180,21,10,2022,18:22,2,54,54578,2,3,1,2,AIGUILLETTES  (BD 5 A 73-2 A 94),"48,6717300000","6,1558100000"
202200050835,16,2,2022,20:05,3,91,91136,1,1,2,2,AUTOROUTE A126,"48,7123000000","2,2866000000"
202200025144,7,3,2022,12:56,1,92,92071,2,1,1,7,VOLTAIRE (RUE),"48,7772151986","2,2897398770"
202200003911,14,6,2022,20:40,2,88,88158,2,1,1,1,Zone Industrielle la Plaine,"48,0787990000","6,5989240000"
202200036879,16,7,2022,15:35,1,74,74210,2,1,7,4,Route de Thonon,"46,3072550000","6,4394200000"
202200013947,26,4,2022,19:55,1,53,53029,2,3,1,6,LA GRANDE RUE,"47,7779650000"," -0,5688770000"
202200042914,23,2,2022,18:40,3,30,30046,1,1,1,3,,"43,9869000000","4,1955000000"
202200037716,17,5,2022,15:00,1,54,54548,2,1,1,6,rue Paquis de la Grande Fin,"48,5474780000","5,7903740000"
202200006359,2,7,2022,16:15,1,64,64483,2,6,1,3,Avenue André Ithurralde,"43,3916300000"," -1,6549400000"
202200044155,1,12,2022,18:20,5,94,94067,2,2,1,3,FOCH (AV),"48,8451800000","2,4202200000"
202200021706,21,4,2022,17:50,1,60,60309,1,1,1,7,D105,"49,2066008795","2,0610308646"
202200010471,30,6,2022,08:35,1,19,19135,1,1,1,1,RD979,"45,4911790000","2,3323040000"
202200038816,25,2,2022,16:52,1,67,67180,2,9,1,6,NESSEL (BLD),"48,8136200000","7,7840400000"
202200006774,18,11,2022,07:29,2,87,87085,2,3,1,6,LATTRE-DE-TASSIGNY (AVENUE DU MARECHAL),"45,8252900000","1,2724200000"
202200036844,28,2,2022,08:45,1,38,38229,1,1,1,3,Autoroute A41 sud point kilométrique 003.950 direction Chambéry,"45,2106830000","5,8070420000"
202200024900,14,12,2022,09:15,1,14,14102,1,3,4,2,D579A,"49,2149850000","0,2253460000"
202200026283,10,11,2022,14:30,1,15,15141,1,2,1,1,N122,"45,1256143793","2,9421633482"
202200029729,17,8,2022,10:55,1,22,22278,2,6,1,3,Rue Chaptal,"48,5059470359"," -2,7328823805"
202200020024,7,10,2022,22:15,3,95,95306,1,1,1,6, A15,"49,0102377821","2,1549886465"
202200017306,26,5,2022,00:22,4,56,56107,2,1,1,1,Boulevard Roger le Port,"47,7228406000"," -3,3772560900"
202200050443,7,6,2022,12:10,1,44,44143,2,1,1,1,14 Rue de la Croix Médard,"47,1882300000"," -1,5736900000"
202200014415,30,7,2022,02:20,3,16,16207,1,1,1,7,D19,"45,8302440000","0,0163560000"
202200003121,5,6,2022,04:10,5,974,97416,1,1,1,7,RN3 (1)," -21,3118800000","55,4963200000"
202200050454,29,3,2022,17:10,1,94,94028,1,1,2,3,A86 INT,"48,7893256603","2,4401932752"
202200030608,10,12,2022,10:15,1,35,35238,2,6,1,3,VERN (DE),"48,0860800000"," -1,6441800000"
202200016960,18,5,2022,16:20,1,85,85300,1,1,1,7,RD948,"46,7075850000"," -1,5154105000"
202200031881,19,5,2022,16:40,1,75,75117,2,7,1,3,PLACE CHARLES DE GAULLE,"48,8740710095","2,2942656518"
202200006703,10,2,2022,11:20,1,83,83126,2,1,1,3,ALLENDE (AV. SALVADOR),"43,0839400000","5,8814900000"
202200010149,27,5,2022,18:30,1,21,21255,2,1,1,1,Rue de Prenois,"47,4088060000","4,9370670000"
202200025852,5,10,2022,14:20,1,93,93070,2,1,1,2,Rue Dieumegard,"48,9073100000","2,3382600000"
202200027453,13,4,2022,12:45,1,94,94041,2,2,2,3,COLONEL FABIEN - PONT D'IVRY (BD DU),"48,8146600000","2,4055800000"
202200036285,17,1,2022,19:34,5,63,63113,2,2,1,6,LAFAYETTE (BD),"45,7735000000","3,0900000000"
202200036847,17,1,2022,20:21,5,92,92040,2,1,1,6,RODIN (BOULEVARD),"48,8206450446","2,2634534240"
202200036498,18,1,2022,13:50,1,10,10033,2,9,1,3,Avenue du Général Leclerc,"48,2370330000","4,7016390000"
202200047677,22,9,2022,17:02,1,75,75113,2,1,1,6,RUE DES TERRES AU CURE,"48,8243180000","2,3721010000"
202200042153,26,9,2022,05:00,3,26,26168,1,1,1,7,D1075,"44,6850630000","5,6925650000"
202200049660,29,11,2022,00:25,5,92,92046,2,1,1,6,GABRIEL PERI,"48,8192100000","2,3014600000"
202200014983,14,3,2022,09:25,1,92,92012,2,6,1,3,MARECHAL DE LATTRE DE TASSIGNY (AVENUE),"48,8407169559","2,2281646729"
202200041615,13,5,2022,14:55,1,51,51454,2,1,1,2,rue de la Maison Blanche,"49,2371200000","4,0278000000"
202200021935,8,10,2022,14:15,1,51,51649,2,1,1,7,Avenue du Quai des Fontaines,"48,7288550000","4,5822860000"
202200022668,21,7,2022,09:30,1,54,54462,1,1,1,4,Autoroute A 33,"48,6039700000","6,3577000000"
202200037990,27,9,2022,23:40,5,75,75109,2,3,2,7,RUE LA FAYETTE,"48,8765552550","2,3465278745"
202200018021,21,4,2022,14:08,1,92,92002,2,1,1,6,ARMAND GUILLEBAUD (AVENUE),"48,7473800000","2,3113800000"
202200017503,7,9,2022,07:15,1,54,54043,1,1,1,6,D331,"48,5794969000","6,0977590000"
202200034664,27,8,2022,17:15,1,31,31269,2,1,1,3,990 Route de Moundas,"43,4775100000","1,2564010000"
202200004617,3,7,2022,13:00,1,28,28279,2,1,1,6,Place de l'Etoile,"48,6479310000","1,5341750000"
202200038592,26,2,2022,18:47,3,01,01067,1,1,1,4,"A40 PK 130 +800, SENS LYON/GENEVE","46,1137060000","5,4884000000"
202200051704,19,9,2022,18:00,1,13,13070,2,1,1,3,GARE (BOULEVARD DE LA),"43,2843813122","5,5141975162"
202200001639,24,3,2022,18:15,1,35,35068,1,1,1,6,RN157,"48,0983798334"," -1,4136475325"
202200039699,14,5,2022,02:55,5,17,17300,2,1,1,3,MINIMES   AVENUE DES,"46,1432740000"," -1,1630040000"
202200029278,9,6,2022,11:20,1,13,13089,2,1,1,1,D7n,"43,8362760000","4,9432040000"
202200003336,23,11,2022,21:45,5,93,93045,2,1,2,6,28 Boulevard du General Leclerc,"48,8808400000","2,4244300000"
202200006829,17,9,2022,11:30,1,76,76351,2,2,1,3,PAUL BERT (AVENUE).,"49,5054900000","0,1711400000"
202200024350,23,5,2022,14:30,1,59,59325,1,1,2,2,Chaussée Brunehaut,"50,2228106669","3,6865568161"
202200010964,15,11,2022,16:45,2,59,59350,2,1,3,6,POT RUE LONG,"50,6275731745","3,0885341763"
202200007094,5,6,2022,22:30,3,95,95582,1,1,2,6, A115,"48,9772000000","2,2410600000"
202200030743,4,3,2022,21:30,3,64,64230,1,1,1,2,Chemin de Larousse,"43,2068300000"," -0,4034200000"
202200012264,13,10,2022,10:20,1,75,75120,2,4,1,2,RUE PIERRE MOUILLARD,"48,8669000000","2,4085000000"
202200032601,26,2,2022,23:50,5,971,97101,2,3,1,1,Rue des Orangers,"16,2918700000"," -61,4949200000"
202200049430,6,1,2022,06:30,4,67,67218,2,2,1,3,STRASBOURG (AVENUE DE),"48,5429400000","7,7361500000"
202200038295,5,12,2022,09:50,1,32,32210,1,9,1,6,D121,"43,5714990000","1,1287160000"
202200045962,13,6,2022,07:40,1,973,97302,2,1,1,3,MONTABO (ROUTE DE) 2,"4,9396251360"," -52,3011928797"
202200019058,12,3,2022,10:55,1,988,98818,2,1,1,6,ROUTE DE L'ANSE VATA," -22,2986300000","166,4447500000"
202200051778,23,11,2022,16:55,2,77,77274,1,2,1,4,D401 / D38,"49,0330850000","2,8967430000"
202200026461,14,12,2022,18:00,5,69,69290,2,1,2,6,Chemin du Lortaret,"45,7125900000","4,9560300000"
202200033605,1,11,2022,21:20,5,27,27229,2,1,1,7,VOLTAIRE (RUE),"49,0086377000","1,1578497000"
202200026027,6,10,2022,07:30,2,38,38176,2,3,1,1,D126b - intersection - route des Quatres Vies,"45,6530310000","5,1759770000"
202200044138,8,7,2022,04:25,5,80,80725,2,1,1,4,VICTOR HUGO (RUE),"49,8676905934","2,2378563883"
202200033355,20,1,2022,21:00,5,69,69081,2,3,1,7,Boulevard du Valvert,"45,7654800000","4,7681000000"
202200005309,4,6,2022,10:45,1,10,10387,2,2,1,3,MARNE (RUE),"48,2800900000","4,0726190000"
202200019613,26,6,2022,03:00,3,89,89456,1,1,1,1,D606,"48,2990400000","3,1868510000"
202200037300,7,4,2022,16:40,1,83,83137,2,2,1,3,WEYGAND (AVE GENERAL),"43,1202700000","5,9489400000"
202200004205,18,10,2022,17:00,1,95,95127,1,1,1,4, A15,"49,0417900000","2,0799370000"
202200031126,12,4,2022,20:00,1,93,93010,2,1,1,6,Rue Edouard Vaillant,"48,8946280000","2,4917250000"
202200035013,20,1,2022,08:30,1,38,38026,1,1,8,5,D65 PK 20,"45,8341520000","5,3243350000"
202200044780,12,6,2022,14:28,1,95,95660,2,1,7,3,20 Rue d Attainville,"49,0741640000","2,3563180000"
202200015954,27,6,2022,15:23,1,83,83072,1,1,1,5,Route de Salernes,"43,5041220000","6,3400130000"
202200010521,1,7,2022,18:45,1,27,27579,1,2,1,2,croisement RD 840 et RD 86,"49,2408230000","0,9569160000"
202200008528,9,2,2022,09:45,1,93,93066,1,1,1,3,AUTOROUTE A1,"48,9301900000","2,3641500000"
202200003618,3,6,2022,14:50,1,51,51454,2,1,1,3,avenue Jean Jaurès,"49,2582000000","4,0416200000"
202200011829,10,9,2022,16:33,1,43,43039,1,9,1,7,Les Ceyssoux,"44,9132270000","3,8829230000"
202200022087,10,11,2022,17:18,2,59,59343,1,1,1,2,AUTOROUTE A1,"50,5876541542","3,0946918048"
202200001789,18,9,2022,19:30,5,06,06069,2,1,1,6,TOURACHE (CHEMIN DE LA),"43,6288700000","6,9342100000"
202200034834,28,2,2022,16:35,1,71,71306,2,1,1,1,MAURICE NIVON (RUE),"46,6762400000","4,3734700000"
202200024110,3,10,2022,18:00,1,71,71486,2,1,1,6,Rue Robespierre,"46,6653524759","4,3687660408"
202200023099,9,3,2022,17:45,1,92,92040,2,2,1,6,BOURGAIN (AVENUE),"48,8224986201","2,2680421471"
202200037828,15,5,2022,19:45,2,75,75116,2,1,1,2,AVENUE PIERRE 1ER DE SERBIE,"48,8655560000","2,2955080000"
202200019017,12,3,2022,16:45,1,92,92036,1,1,1,3,A86,"48,9350431573","2,2827114928"
202200008062,16,10,2022,00:40,3,84,84027,1,1,1,6,Route Départementale 237,"44,1078950000","4,7272320000"
202200044109,11,7,2022,10:00,1,2A,2A004,2,1,1,6,NAPOLEON COURS APRES BEVERINI,"41,9307800000","8,7396100000"
202200014077,24,4,2022,14:50,1,13,13214,2,1,1,3,MARCHE D'IN (AVENUE),"43,3380100000","5,3846200000"
202200027015,29,1,2022,17:20,1,83,83069,2,3,1,3,DECUGIS (AVENUE ALFRED),"43,1059900000","6,1754300000"
202200031196,24,1,2022,09:20,1,12,12043,1,1,1,6,D888,"44,2808420000","2,5374450000"
202200029184,12,4,2022,20:50,5,91,91347,2,1,1,3,CHE DES OSIERS,"48,6453920000","2,2975180000"
202200044628,21,2,2022,10:55,1,75,75112,2,2,1,3,BOULEVARD SOULT,"48,8442710000","2,4104340000"
202200039207,5,4,2022,17:59,1,49,49007,2,1,1,6,TALET AVENUE,"47,4765300000"," -0,5473100000"