Accident_Id,jour,mois,an,hrmn,lum,dep,com,agg,int,atm,col,adr,lat,long
202200055224,6,5,2022,18:30,1,58,58088,2,1,1,6,Rue des Saules,"47,0116670000","3,1720230000"
202200022034,6,10,2022,08:20,1,69,69275,2,8,1,6,33 Avenue Franklin Roosevelt,"45,7649600000","4,9375400000"
202200010640,1,8,2022,14:05,1,64,64483,2,3,1,3,CHANTACO (AVENUE DE ),"43,3861373120"," -1,6530749202"
202200018171,8,10,2022,10:15,1,72,72181,1,1,1,6,SUD EST DEVIATION RTE ANGERS ET ITALIENS,"47,9531100000","0,1968300000"
202200008000,15,10,2022,07:00,5,75,75117,2,1,2,6,RUE JOUFFROY D ABBANS,"48,8856600000","2,3086180000"
202200033462,17,6,2022,14:40,1,93,93001,2,9,1,3,Avenue du Président Roosevelt,"48,9173432686","2,3794888705"
202200043826,24,9,2022,03:00,5,69,69382,2,4,2,6,Place Antonin Poncet,"45,7558400000","4,8352100000"
202200012294,6,2,2022,18:50,5,75,75113,2,1,2,3,PORTE DE GENTILLY,"48,8162900000","2,3457770000"
202200041337,30,10,2022,14:18,1,92,92063,2,3,1,3,HUGO (AVENUE VICTOR),"48,8860000000","2,1757000000"
202200010986,27,12,2022,17:15,5,06,06059,1,1,1,6,534 boulevard georges clémenceau,"43,7314330000","7,3803180000"
202200039356,7,4,2022,07:00,2,06,06136,2,2,1,3,Av des Martyrs de la Resistance,"43,8766920000","7,4520740000"
202200043803,26,9,2022,01:40,3,91,91570,1,1,1,2,RN 104,"48,6254600000","2,3196900000"
202200025693,16,4,2022,14:50,1,56,56186,1,1,1,6,Le Vivier D186A,"47,4828000000"," -3,1391720000"
202200026162,23,5,2022,14:00,1,10,10362,1,9,1,7,VOIE DES CHARRIERES (CHEMIN),"48,2985214748","4,0127027035"
202200000909,21,12,2022,00:30,3,74,74284,1,4,2,2,D907,"46,1351510000","6,4422800000"
202200004000,27,6,2022,13:00,1,06,06150,1,9,1,1,58 Route de Menton,"43,7516410000","7,4163780000"
202200042211,3,12,2022,03:20,5,64,64260,2,1,2,6,Boulevard de l'empereur,"43,3560700000"," -1,7664100000"
202200045342,11,5,2022,19:50,1,92,92025,2,2,1,1,MARCEAU (BD),"48,9302689663","2,2616859823"
202200018216,8,10,2022,21:00,2,92,92064,2,6,1,3,MAGENTA PLACE,"48,8421687685","2,2074105441"
202200031836,21,7,2022,14:25,1,74,74290,1,1,1,1,Route du Col,"46,0254670000","6,9221540000"
202200001805,22,11,2022,10:25,1,78,78466,2,6,1,3,241 Avenue Pasteur,"48,9255160000","1,9771530000"
202200044146,2,12,2022,23:28,5,75,75109,2,2,2,3,BOULEVARD MONTMARTRE,"48,8714900000","2,3430660000"
202200047115,26,10,2022,08:15,1,13,13215,2,1,1,2,MADRAGUE VILLE (chemin de la),"43,3333959942","5,3585129208"
202200037777,15,5,2022,20:30,1,69,69149,2,3,1,2,Rue Pierre Sémard,"45,7178598753","4,8148991168"
202200005591,28,12,2022,12:00,1,72,72181,2,1,8,3,EVENTAIL RUE DE L' N° IMP 1 A 61,"48,0047200000","0,2220400000"
202200043084,4,4,2022,09:40,1,10,10205,1,1,7,6,"Autoroute A5, PK 164.250","48,1662710000","4,5293930000"
202200023817,4,10,2022,08:40,1,75,75113,2,4,1,2,PORTE D IVRY,"48,8186670000","2,3706690000"
202200042954,12,6,2022,19:30,1,62,62268,2,1,1,6,3 Rue Jean Jaurès,"50,6692350000","1,8308280000"
202200006935,3,8,2022,09:20,1,69,69282,2,1,1,3,Avenue Lionel Terray,"45,7712100000","5,0218700000"
202200039751,14,5,2022,04:30,3,17,17222,1,6,1,7,"rond point de Nantilly, RD10","46,2323480000"," -1,1234590000"
202200034434,7,12,2022,21:10,5,51,51454,2,2,1,3,rue Géruzez,"49,2638600000","4,0179700000"
202200046739,20,2,2022,18:40,3,32,32384,1,1,2,6,RD 930 PK7+500,"43,7290260000","0,4941490000"
202200004020,16,9,2022,13:30,1,19,19275,2,1,1,6,COMBE (RUE DE LA),"45,5457774282","2,3039270639"
202200052659,9,2,2022,13:18,1,69,69029,2,1,1,3,Avenue du Doyen Jean Lépine,"45,7483702454","4,9032685161"
202200017125,17,12,2022,16:10,1,76,76351,2,3,1,6,Rue Fourier,"49,5137100000","0,1748500000"
202200035499,8,4,2022,12:50,1,93,93057,2,9,3,1,Avenue Aristide Briand,"48,9083600000","2,4973200000"
202200006028,15,9,2022,07:25,1,94,94069,1,1,1,3,A4,"48,8173109429","2,4424371778"
202200036755,15,7,2022,22:20,3,93,93048,2,3,1,7,Rue Etienne Marcel / Avenue du Professeur André Lemiere,"48,8551667384","2,4154008603"
202200009637,22,4,2022,20:25,1,78,78172,2,6,1,2,DAMME (RUE DES FRERES),"49,0056090000","2,0858400000"
202200015847,23,4,2022,14:13,1,971,97101,1,1,3,6,ROUTE DE BOISVINS,"16,2645989391"," -61,4674115181"
202200051347,7,1,2022,11:40,1,2B,2B205,2,1,1,6,D81,"42,7002850816","9,3650937093"
202200013099,16,3,2022,20:00,3,75,75112,2,4,1,2,ECHANGEUR BERCY,"48,8267920000","2,3905180000"
202200046317,8,7,2022,15:10,1,71,71499,2,2,1,3,JEAN ZAY (RUE),"46,6453860000","4,2942020000"
202200018381,24,7,2022,22:52,5,26,26235,2,1,1,7,Avenue Maréchal Juin,"44,3765930000","4,6926960000"
202200037380,6,4,2022,11:32,1,75,75116,2,1,1,4,BD PERIPHERIQUE INTERIEUR,"48,8551950000","2,2558500000"
202200040854,14,6,2022,00:23,3,13,13071,1,1,1,3,A7-Sens Lyon vers Marseille,"43,4059000000","5,2933400000"
202200050445,13,8,2022,10:48,1,91,91228,1,1,1,2,RN 104,"48,6324100000","2,4066100000"
202200043013,12,6,2022,17:35,1,72,72115,1,1,1,1,D192,"47,6518880000","0,4733030000"
202200052742,10,8,2022,22:40,5,93,93046,2,2,1,3,Avenue Vauban / Avenue Gambetta,"48,9176138357","2,5230359812"
202200048562,29,11,2022,10:10,1,37,37122,1,1,1,7,RD 37,"47,3307100000","0,6770300000"
202200022464,24,5,2022,22:55,5,75,75106,2,1,1,6,BOULEVARD DU MONTPARNASSE,"48,8443460000","2,3224290000"
202200011076,18,11,2022,07:54,2,29,29232,1,1,1,4,Route de Benodet,"47,9765457300"," -4,0928524732"
202200000756,7,7,2022,11:05,1,93,93064,2,1,1,6,Rue du Général Gallièni,"48,8732811102","2,4837829471"
202200049486,7,1,2022,18:10,3,93,93074,2,1,1,3,Route de Courtry,"48,9359752521","2,6017615199"
202200044540,10,6,2022,13:10,1,75,75117,2,3,1,3,AVENUE DE LA PORTE D ASNIERES,"48,8906320000","2,3031290000"
202200007300,29,4,2022,07:19,1,37,37122,2,1,1,6,RD 86 DE MONTS à TOURS,"47,3282066691","0,6632995605"
202200015169,21,12,2022,19:15,5,94,94043,2,3,2,3,Rue de la Convention,"48,8123600000","2,3525700000"
202200045670,8,1,2022,09:55,1,56,56185,1,1,2,6,N165 sens Lorient/Vannes,"47,7709900000"," -3,3781600000"
202200052185,14,2,2022,12:00,1,13,13005,1,1,2,7,A50 - Sens Aubagne vers Marseille,"43,2785000000","5,5862600000"
202200006784,5,8,2022,14:00,1,71,71584,2,1,1,6,18 Rue du 8 Mai 1945,"46,4493690000","4,8464940000"
202200011173,31,5,2022,09:35,1,92,92077,2,1,1,6,MARNES (RUE DE),"48,8271300000","2,1861300000"
202200043261,27,10,2022,17:00,1,17,17104,1,9,1,7,RN10,"45,3144444362"," -0,2304875851"
202200052352,24,10,2022,14:20,1,76,76473,1,1,1,5,D490,"49,4941270000","0,7502870000"
202200052143,8,7,2022,17:25,1,38,38254,1,1,7,1,D529,"44,9620200000","5,7093500000"
202200037657,5,5,2022,15:45,1,24,24145,1,2,1,3,PELISSOUX (ROUTE DES),"44,8774200000","0,5500200000"
202200015566,20,12,2022,11:30,1,77,77450,2,1,2,6,N 19,"48,7067800000","2,5845000000"
202200004291,10,10,2022,13:24,1,70,70550,2,1,1,6,Quai Yves Barbier,"47,6204116503","6,1470548808"
202200033220,10,4,2022,06:40,2,69,69382,2,7,1,3,Quai Docteur Gailleton,"45,7531600000","4,8336800000"
202200018579,26,7,2022,18:05,1,80,80021,2,3,1,3,CHARLES DE FOUCAULD (RUE),"49,8891900000","2,3056500000"
202200018815,26,5,2022,18:50,1,94,94081,2,1,1,6,FONTAINEBLEAU (RTE DE),"48,7790100000","2,3675700000"
202200051791,7,7,2022,17:40,1,61,61404,1,1,1,6,Lessard,"48,5727740000","0,5674910000"
202200052102,16,2,2022,16:26,1,77,77272,1,1,8,6,D75,"48,5517710000","3,1481410000"
202200051277,6,1,2022,16:53,2,92,92044,2,1,1,7,MARIUS AUFAN(RUE) 69+ ET 80+,"48,8922140000","2,2831330000"
202200021892,7,10,2022,17:08,1,75,75107,2,3,1,6,RUE DE BOURGOGNE,"48,8592480000","2,3179930000"
202200039514,4,4,2022,16:22,1,33,33063,2,9,1,3,Place de Stalingrad,"44,8399274424"," -0,5603648099"
202200044846,15,8,2022,07:00,2,11,11181,1,1,2,6,,"43,3898150000","2,0209480000"
202200041590,7,5,2022,04:05,5,76,76575,2,1,1,6,Avenue des Canadiens,"49,4069700000","1,0692400000"
202200005016,19,11,2022,17:25,2,34,34270,2,1,1,6,12 Route de Montpellier,"43,5756543735","3,8298771807"
202200037577,2,11,2022,19:15,3,65,65048,1,1,1,1,Rue du Montaigu,"43,3050064140","0,0957548618"
202200027131,31,8,2022,11:35,1,35,35238,2,9,1,3,RN24,"48,1054204447"," -1,7346033454"
202200046368,21,2,2022,11:15,1,42,42222,1,1,2,1,Route de Chazelles,"45,6219320000","4,3395570000"
202200003089,25,11,2022,22:45,3,69,69285,1,1,1,6,Route de Jonage,"45,7707860000","5,0653520000"
202200024073,11,11,2022,18:55,5,76,76540,2,2,1,3,Rue d'Amiens,"49,4403700000","1,1021800000"
202200027794,25,1,2022,17:50,5,35,35238,2,1,1,3,LEJEAN (GUILLAUME),"48,1165710000"," -1,6571790000"
202200031186,13,4,2022,18:05,1,69,69214,1,1,1,4,Route d’Amplepuis,"45,9907498882","4,3307590485"
202200031709,7,11,2022,18:50,3,33,33162,1,1,1,4,ROCADE A 630,"44,8677157075"," -0,6482753166"
202200002489,3,6,2022,19:55,1,29,29248,1,1,1,6,Feunteun Veyler,"48,6070080000"," -4,3689640000"
202200014686,29,7,2022,21:15,2,94,94017,2,4,1,2,Voie Sonia Delaunay / Avenue des Grands Godets,"48,8126500000","2,5317200000"
202200051133,28,3,2022,18:10,1,01,01434,1,1,1,6,D904,"45,9796750000","5,1005740000"
202200030649,11,12,2022,19:45,5,93,93014,2,3,1,6,Allée de Gagny / Allée de Villars,"48,8994229043","2,5464732121"
202200041410,30,10,2022,17:25,2,87,87033,1,1,1,1,Taillac,"45,9851187000","1,1572230000"
202200011179,26,12,2022,02:50,3,62,62752,2,1,1,6,D143,"50,4859510000","1,6477610000"
202200043070,12,6,2022,22:45,3,28,28185,1,1,1,6,N12,"48,7752250000","1,5611390000"
202200018666,2,2,2022,10:00,1,988,98818,2,1,1,2,AVENUE DE LA VICTOIRE H. LAFLEUR," -22,2744500000","166,4414900000"
202200033658,4,11,2022,19:37,3,79,79066,1,1,2,1,,"46,4670100000"," -0,3986410000"
202200047963,18,2,2022,13:55,1,35,35238,2,1,1,6,VOLTAIRE (BD),"48,1050592427"," -1,6942327917"
202200041508,14,5,2022,18:40,1,86,86082,1,1,1,7,D7,"46,2768780000","0,1940310000"
202200052783,11,8,2022,19:25,1,93,93001,2,2,1,6,Rue Henri Barbusse / Rue de Presles,"48,9087672907","2,3905607232"
202200017271,13,3,2022,21:30,3,92,92036,1,1,2,6,AUTOROUTE A15,"48,9436471157","2,2877561673"
202200044711,21,2,2022,10:20,1,92,92040,2,3,1,3,MARAICHERS (ALLEE DES),"48,8241700000","2,2633600000"
202200025422,18,4,2022,06:45,2,974,97408,1,1,1,2,N1," -20,9371120000","55,3305390000"
202200017278,16,12,2022,22:20,5,63,63113,2,2,1,3,MICHELIN (AVENUE EDOUARD),"45,7807483052","3,1092193723"
202200048054,17,9,2022,16:20,1,75,75102,2,3,1,3,RUE DU CAIRE,"48,8670310000","2,3529480000"
202200003113,6,8,2022,18:30,1,33,33065,1,1,1,6,ROUTE NATIONALE 230,"44,8106200000"," -0,5233100000"
202200016877,29,5,2022,15:20,1,70,70041,1,1,1,2,D2,"47,4948150000","5,4741220000"
202200012922,30,5,2022,16:10,1,25,25056,2,1,1,6,KENNEDY  BOULEVARD J.F.,"47,2350220000","5,9846220000"
202200034376,7,12,2022,20:00,3,974,97416,2,1,1,3,RN2 (2)," -21,3476000000","55,5004800000"
202200015379,14,8,2022,20:43,1,59,59234,1,1,1,7,RD 643,"50,3969300000","3,0429200000"
202200021045,9,3,2022,13:49,1,87,87050,1,3,1,2,D20,"45,8918700000","1,1778500000"
202200020028,24,6,2022,18:33,1,93,93007,2,3,1,6,Avenue du 8 Mai 1945 / Avenue de Normandie Niemen,"48,9481390000","2,4380410000"
202200021513,16,4,2022,20:25,2,59,59178,2,1,1,3,GARNIER (RUE BERTHE),"50,3869500000","3,0724400000"
202200027275,15,4,2022,17:45,1,91,91534,1,1,1,2,RN 118,"48,7156100000","2,1727500000"
202200046332,2,12,2022,20:30,5,974,97415,2,1,1,3,319 Chaussee Royale," -20,9942830000","55,2864060000"
202200054852,7,7,2022,09:00,1,93,93066,1,1,1,3,AUTOROUTE A1,"48,9161800000","2,3578300000"
202200036800,28,2,2022,14:15,1,03,03157,1,1,1,5,D907 PK 8+335,"46,2121130000","3,5367070000"
202200042852,18,8,2022,22:03,5,93,93057,2,2,1,3,Avenue du Quatorze Juillet / Boulevard de Paris,"48,9140475465","2,4917678533"
202200002038,29,7,2022,23:55,4,74,74281,1,1,1,1,RD 1005,"46,3799800000","6,5071700000"
202200009039,27,4,2022,16:45,1,16,16102,2,1,1,3,QUATORZE JUILLET (RUE DU),"45,6922400000"," -0,3269000000"
202200022142,4,2,2022,15:51,1,29,29019,2,2,6,3,Rue Gustave Zédé,"48,4166120000"," -4,4631000000"
202200001496,3,5,2022,08:15,1,69,69387,2,2,1,3,Rue Domer,"45,7474400000","4,8487700000"
202200043896,30,11,2022,19:20,5,67,67365,2,3,1,3,23 NOVEMBRE (RUE DU),"48,5343100000","7,6987300000"
202200028311,20,5,2022,12:45,1,75,75109,2,2,8,3,RUE RICHER,"48,8740437803","2,3423556983"
202200034716,19,2,2022,17:30,1,24,24405,1,1,1,6,D32,"44,9128970000","0,6683420000"
202200020993,20,12,2022,17:15,3,55,55218,1,1,2,1,D65,"49,2694390000","5,4843720000"
202200009558,31,5,2022,20:45,2,60,60477,1,4,1,3,Rue du Trou Marot,"49,4138290000","1,9297060000"
202200039695,13,5,2022,13:45,1,31,31555,2,1,1,6,CHE DU CHATEAU DE L HERS,"43,5984700000","1,4847700000"
202200037764,6,5,2022,21:15,1,94,94033,1,1,1,4,A86.INT,"48,8495000000","2,4906300000"
202200001767,5,12,2022,07:00,5,74,74012,2,2,1,3,ROMAGNY (RUE DE),"46,1972100000","6,2521000000"
202200024696,23,7,2022,17:40,1,24,24082,1,2,1,3,route du quercy,"44,8680400000","1,2857060000"
202200015461,3,2,2022,20:00,5,75,75116,2,3,1,3,AVENUE DE NEW YORK,"48,8588250000","2,2889800000"
202200034454,7,12,2022,10:10,1,37,37261,2,1,1,2,BERANGER (BOULEVARD),"47,3883800000","0,6767000000"
202200042733,12,7,2022,18:30,1,95,95678,1,1,1,3,RN 184,"49,0591800000","2,2105900000"
202200000335,4,5,2022,14:00,1,93,93005,1,1,1,5,AUTOROUTE A3,"48,9668465843","2,4759478569"
202200010934,14,3,2022,07:44,1,87,87085,2,1,1,3,AURIOL (AVENUE DU PRESIDENT VINCENT),"45,8371800000","1,2288400000"
202200027809,25,1,2022,17:00,1,24,24037,2,1,1,2,GARAUD (BOULEVARD CHARLES),"44,8440150900","0,5030490000"
202200026743,13,12,2022,17:40,3,972,97213,1,1,1,1,ROUTE DEPARTEMENTALE 3,"14,6434100000"," -60,9910300000"
202200037527,1,11,2022,05:30,5,75,75112,2,1,1,7,ECHANGEUR BERCY,"48,8277650000","2,3934860000"
202200052286,11,8,2022,09:40,1,59,59648,2,1,1,1,HUGO VICTOR RUE,"50,5875500000","3,0341300000"
202200032318,19,7,2022,17:25,1,22,22065,1,3,1,3,RUMOAL,"48,6062260000"," -3,0262710000"
202200031491,19,6,2022,06:00,2,15,15122,2,1,1,6,nationale 122,"44,7116020000","2,1980060000"
202200022665,25,7,2022,09:06,1,83,83144,1,1,1,2,A57,"43,1356100000","5,9915800000"
202200037331,6,4,2022,19:00,1,35,35238,2,2,2,3,Rue de Nantes,"48,0971000000"," -1,6888350000"
202200052013,8,7,2022,19:30,1,44,44220,1,1,1,2,Route de Paimboeuf,"47,1995760000"," -1,8926530000"
202200009703,19,3,2022,16:40,1,31,31324,1,1,1,1,Avenue-des-Pyrénées,"43,1843860000","0,9770750000"
202200038698,23,8,2022,13:50,1,75,75112,2,1,1,2,PORTE DE VINCENNES,"48,8413570000","2,4135520000"
202200025606,21,6,2022,09:10,1,75,75118,2,4,1,3,BOULEVARD ORNANO,"48,8936030000","2,3479950000"
202200018644,27,7,2022,17:20,1,51,51431,1,1,1,7,D40,"49,0117718905","3,9501643181"
202200029149,29,8,2022,19:00,1,35,35238,2,6,1,3,GERARD (MICHEL),"48,0928992873"," -1,6398945451"
202200035184,9,4,2022,14:20,1,33,33199,2,1,1,3,20 Allée de la Forêt,"44,6357990000"," -1,0610230000"
202200043384,23,10,2022,03:40,5,62,62498,2,1,1,6,D58E1,"50,4273800000","2,8099350000"
202200011191,16,11,2022,22:20,5,75,75117,2,4,3,7,AVENUE DE VILLIERS,"48,8847780000","2,2985850000"
202200002281,2,6,2022,06:25,1,987,98712,2,1,1,1,"RT2 pk 5,800 sens ARUE / PAPEETE"," -17,5429770000"," -149,5036460000"
202200041059,19,8,2022,17:00,1,27,27299,2,1,1,6,ALLENDE (RUE SALVADOR),"49,0459100000","1,1668500000"
202200052443,18,9,2022,21:50,3,13,13028,1,1,1,2,A50,"43,2096200000","5,6264200000"
202200012727,30,7,2022,19:35,2,75,75118,2,2,1,3,BOULEVARD NEY,"48,8977270000","2,3290280000"
202200034467,6,12,2022,17:14,5,10,10297,2,2,1,1,JULES GUESDE (BDL),"48,3180900000","4,1040900000"
202200031816,6,11,2022,01:41,3,13,13071,1,1,1,5,A7-Sens Marseille vers Lyon,"43,4039900000","5,3429200000"
202200053906,13,2,2022,16:52,1,38,38488,1,1,1,1,D52,"45,7359460000","5,2921540000"
202200007709,18,3,2022,13:50,1,01,01053,2,9,1,3,ALSACE LORRAINE (AVENUE ),"46,2032520000","5,2227510000"
202200006200,14,9,2022,12:15,1,92,92049,2,1,1,2,BRIAND AVENUE ARISTIDE N°2 A 114,"48,8171880000","2,3257050000"
202200015278,3,2,2022,12:57,1,49,49007,2,1,1,7,BLANCHOIN BOULEVARD,"47,4480200000"," -0,5410400000"
202200042978,19,8,2022,18:15,1,21,21038,2,1,1,2,2 Place d'Armes,"47,1937530000","5,3893630000"
202200024994,8,3,2022,01:45,4,63,63282,2,1,1,6,Route de Champeix,"45,6135251385","3,1495249271"
202200023528,23,6,2022,17:00,1,61,61150,1,1,1,3,Le Parc Goulet,"48,7163160000","0,3369710000"
202200011723,26,4,2022,16:33,1,14,14118,2,1,1,6,12-54 Avenue de Paris,"49,1734580000"," -0,3341940000"
202200019104,19,12,2022,13:30,1,75,75103,2,2,1,6,RUE REAUMUR,"48,8652520000","2,3571260000"
202200009773,12,9,2022,14:46,1,75,75112,2,7,1,6,PLACE LOUIS ARMAND,"48,8455584474","2,3740902543"
202200054835,26,11,2022,12:30,1,75,75112,2,3,1,3,AVENUE DAUMESNIL,"48,8480260000","2,3738320000"
202200022070,15,9,2022,14:00,1,30,30028,2,3,1,3,,"44,1567000000","4,6233000000"
202200053430,5,6,2022,18:00,1,64,64461,2,1,1,7,rd 817,"43,5288750000"," -0,9196440000"
202200045558,11,1,2022,09:50,1,06,06004,2,3,1,6,POINCARE BD RAYMOND,"43,5720900000","7,1054230000"
202200016407,30,7,2022,10:30,1,53,53209,1,1,1,6,D120,"48,0293200000"," -0,9920096390"
202200013242,17,3,2022,00:45,3,06,06088,1,1,1,2,A8 PK 187.800 sud,"43,6837790000","7,1920320000"
202200010272,29,6,2022,10:35,1,49,49328,2,7,1,6,POTERNE (PLACE DE LA),"47,2642900000"," -0,0999900000"
202200015693,8,9,2022,11:15,1,38,38298,2,1,1,2,Montée de Louze,"45,3824770000","4,7988050000"
202200053817,26,3,2022,09:30,1,93,93062,2,6,1,6,Avenue Thiers / Avenue de la Résistance,"48,8991900000","2,5177100000"
202200010112,9,2,2022,13:20,1,60,60579,1,2,1,3,Route Departementale 332,"49,3500310000","2,8813680000"
202200007545,20,3,2022,00:25,4,69,69290,1,3,1,6,Cours du Troisième Millénaire,"45,7116608449","4,9360585213"
202200004875,22,11,2022,11:32,1,60,60057,2,1,2,6,Boulevard Saint - André,"49,4320300000","2,0896500000"
202200003427,22,3,2022,08:30,1,69,69276,2,6,1,3,Rue des Naives,"45,6765400000","4,8704300000"
202200025764,27,1,2022,21:10,5,92,92048,2,3,2,6,VICTOR HUGO (AVENUE),"48,8062573268","2,2383636385"
202200036571,24,8,2022,16:00,1,78,78206,1,1,1,3,A13,"48,9449700000","1,9494780000"
202200046546,10,6,2022,08:45,1,75,75116,2,2,1,3,BOULEVARD FLANDRIN,"48,8686010000","2,2741900000"
202200044491,14,8,2022,21:25,2,18,18279,2,4,1,1,62 Rue du Bas de Grange,"47,2253000000","2,0488000000"
202200032291,9,12,2022,06:10,5,69,69389,2,2,2,3,Avenue Sidoine Apollinaire,"45,7735900000","4,7952300000"
202200000285,7,8,2022,11:45,1,2A,2A004,2,1,1,2,SAMPIERO BD,"41,9248900000","8,7389400000"
202200008354,1,7,2022,03:30,5,93,93066,2,9,1,6,Rue Paul Eluard,"48,9388752247","2,3490035534"
202200052291,27,11,2022,19:30,5,94,94022,2,7,1,3,Boulevard des Alliés / Avenue Gambetta,"48,7643600000","2,4056600000"
202200027147,31,8,2022,01:20,5,75,75106,2,1,1,3,QUAI DE CONTI,"48,8568020000","2,3392790000"
202200018336,25,7,2022,18:55,1,06,06084,2,6,1,1,Avenue de Cannes,"43,6182410000","6,9723810000"
202200044393,12,7,2022,12:20,1,74,74311,2,9,1,1,Route du Fer à Cheval,"46,1457120000","6,3875570000"
202200000378,4,5,2022,15:25,1,28,28404,2,1,7,3,PRESSOIR (RUE DU),"48,7233610000","1,3689670000"
202200034970,20,2,2022,22:15,3,49,49343,1,1,2,6,RD 258,"47,0132700000"," -0,8518400000"
202200048296,9,6,2022,23:00,3,13,13201,2,1,1,1,VOLTAIRE    PAIRS (BOULEVARD),"43,3020400000","5,3823000000"
202200004767,12,2,2022,11:35,1,31,31149,2,9,1,3,EN SIGAL (CHEMIN D'),"43,6067100000","1,3249300000"
202200030967,29,8,2022,13:00,1,92,92019,1,1,1,2,RN385,"48,7764016783","2,2356829485"
202200014054,27,6,2022,12:25,1,67,67482,2,1,1,3,Rue Jacobi-Netter,"48,5867880000","7,7059550000"
202200043673,11,1,2022,08:35,5,56,56121,2,4,2,6,39 Cours de La Bôve,"47,7477400000"," -3,3590200000"
202200011352,16,3,2022,22:45,5,11,11069,2,3,1,3,Boulevard Marcou,"43,2111100000","2,3466900000"
202200044893,18,8,2022,15:50,1,01,01185,2,3,2,3,D8,"45,9781740000","5,6018620000"
202200003524,21,11,2022,20:30,3,62,62854,2,1,1,6,D58,"50,3731340000","2,6720520000"
202200052513,19,9,2022,09:35,1,78,78158,1,1,1,2,A13,"48,8317220000","2,1436500000"
202200012200,29,4,2022,18:50,1,33,33063,2,1,1,2,Rue de la Reole,"44,8221000000"," -0,5672800000"
202200048822,25,10,2022,06:50,5,06,06069,2,1,1,3,CANNES (ROUTE DE)  -RD 6085-,"43,6387669142","6,9501024485"
202200024567,23,7,2022,10:30,1,93,93066,2,2,1,3,Avenue Roger Sémat / Rue du 19 Mars 1962,"48,9478200000","2,3573200000"
202200019732,20,4,2022,23:15,5,59,59650,2,1,1,6,BEAULIEU (RUE DE),"50,7011000000","3,2380600000"
202200004595,1,7,2022,12:34,1,64,64147,2,1,1,7,LE BOURG,"43,4596330000"," -1,3299620000"
202200011332,10,5,2022,08:03,1,01,01166,1,1,1,1,route départementale 28,"46,0030130000","4,7969060000"
202200047774,22,9,2022,20:45,3,69,69284,1,1,1,5,Route de Saint Trivier,"45,8763710000","4,8830580000"
202200024958,8,3,2022,07:24,1,75,75120,2,1,1,6,BOULEVARD MORTIER,"48,8718760094","2,4085588144"
202200046304,1,12,2022,08:05,1,92,92063,2,3,1,3,DIX-HUIT JUIN 1940 (AVENUE DU) EST,"48,8686600000","2,1887000000"
202200047582,7,1,2022,11:30,1,74,74012,2,1,1,6,18 AOUT 44 (RUE DU),"46,1917400000","6,2506100000"
202200034384,17,7,2022,19:45,1,44,44129,1,1,7,7,N165,"47,4436200000"," -2,0817200000"
202200001643,24,3,2022,11:25,1,69,69036,1,1,1,3,Route Départementale 337,"46,1184965141","4,6483460069"
202200055076,5,5,2022,19:40,1,92,92035,2,1,1,3,National ( boulevard ),"48,9081527910","2,2379226834"
202200034586,19,1,2022,22:23,5,75,75111,2,2,2,3,AVENUE LEDRU ROLLIN,"48,8566870000","2,3792650000"
202200022094,13,11,2022,18:00,3,92,92047,1,1,1,2,A13,"48,8350422017","2,1744212904"
202200038608,23,8,2022,18:35,1,60,60057,2,3,1,3,Avenue Victor Hugo,"49,4365000000","2,0758100000"
202200021964,8,10,2022,15:00,1,64,64152,2,1,1,6,425 Chemin de Morlanne,"43,3395180000"," -0,3196230000"
202200022593,25,7,2022,14:55,1,72,72386,1,6,1,7,auvours,"48,0094200000","0,3059430000"
202200001695,4,5,2022,19:05,1,17,17119,2,1,1,7,50 Rue de Beaunant,"45,6549940000"," -0,8757540000"
202200025495,17,6,2022,18:25,1,85,85194,2,3,1,3,RD32A,"46,4703100000"," -1,7424300000"
202200039180,14,6,2022,14:00,1,06,06069,2,3,1,3,CROISSET (AVENUE FR. DE),"43,6671310000","6,9370170000"
202200024823,14,12,2022,12:30,1,75,75114,2,3,8,7,AVENUE GEORGES LAFENESTRE,"48,8254840000","2,3117360000"
202200051857,9,7,2022,17:42,1,42,42318,1,1,1,1,Chemin de Danizet,"45,4031810000","3,9645730000"
202200035355,8,4,2022,16:30,1,72,72003,2,1,2,6,ANJOU (BD D'),"47,9648900000","0,1621400000"
202200000277,9,8,2022,00:40,5,2B,2B033,2,1,1,1,VEZZANI - RUE CESAR,"42,6872200000","9,4457900000"
202200032892,21,1,2022,10:00,1,72,72181,2,1,1,6,RUAUDIN (RUE) N° PAIRS 264 ET >,"47,9714400000","0,2311200000"